input log file location, qwen_block_custom_qnn/device_output/decode_delta_shared_repeat30/qnn-profiling-data_0.log
qnn-profile-viewer version, v2.47.0.260601114230
qnn-net-run version, v2.47.0.260601114230
Backend version, v2.47.0.260601114230
Msg Timestamp, Message, Time, Unit of Measurement, Timing Source, Event Level, Event Identifier
5330433334,INIT,417276,US,NETRUN,ROOT,null
5330540445,COMPOSE GRAPHS,104472,US,NETRUN,ROOT,null
5330853503,FINALIZE,312755,US,NETRUN,ROOT,Graph 0: qwen2_0_5b_layer0_decode_past128_grouped_gqa_delta_kv
5330853503,FINALIZE,6915,US,BACKEND,ROOT,RPC (finalize) time
5330853503,FINALIZE,5502,US,BACKEND,ROOT,QNN accelerator (finalize) time
5330853503,FINALIZE,5340,US,BACKEND,ROOT,Accelerator (finalize) time
5330853503,FINALIZE,312704,US,BACKEND,ROOT,QNN (finalize) time
5330853503,FINALIZE,161,US,BACKEND,SUB-EVENT,Graph Preparation Initializing
5330853503,FINALIZE,233979,US,BACKEND,SUB-EVENT,Graph Optimizations
5330853503,FINALIZE,2714,US,BACKEND,SUB-EVENT,Post Graph Optimization
5330853503,FINALIZE,16455,US,BACKEND,SUB-EVENT,Graph Sequencing for Target
5330853503,FINALIZE,2078,US,BACKEND,SUB-EVENT,VTCM Allocation
5330853503,FINALIZE,1315,US,BACKEND,SUB-EVENT,Parallelization Optimization
5330853503,FINALIZE,1892,US,BACKEND,SUB-EVENT,Finalizing Graph Sequence
5330853503,FINALIZE,72,US,BACKEND,SUB-EVENT,Completion
5331338114,DE-INIT,59675,US,NETRUN,ROOT,null
5331338114,DE-INIT,9631,US,BACKEND,ROOT,RPC (deinit) time
5331338114,DE-INIT,7940,US,BACKEND,ROOT,QNN Accelerator (deinit) time
5331338114,DE-INIT,7793,US,BACKEND,ROOT,Accelerator (deinit) time
5331338114,DE-INIT,59655,US,BACKEND,ROOT,QNN (deinit) time
5330879844,EXECUTE,20163,US,NETRUN,ROOT,Graph 0: qwen2_0_5b_layer0_decode_past128_grouped_gqa_delta_kv
5330879844,EXECUTE,4,COUNT,BACKEND,ROOT,Number of HVX threads used
5330879844,EXECUTE,19807,US,BACKEND,ROOT,RPC (execute) time
5330879844,EXECUTE,18190,US,BACKEND,ROOT,QNN accelerator (execute) time
5330879844,EXECUTE,0,COUNT,BACKEND,ROOT,Num times yield occured
5330879844,EXECUTE,970,US,BACKEND,ROOT,Time for initial VTCM acquire
5330879844,EXECUTE,35936,US,BACKEND,ROOT,Time for HVX + HMX power on and acquire
5330879844,EXECUTE,1219848,CYCLES,BACKEND,ROOT,Accelerator (execute) time (cycles)
5330879844,EXECUTE,20942,CYCLES,BACKEND,SUB-EVENT,Input OpId_2 (cycles)
5330879844,EXECUTE,5032,CYCLES,BACKEND,SUB-EVENT,hidden_states_ncf:OpId_17 (cycles)
5330879844,EXECUTE,15367,CYCLES,BACKEND,SUB-EVENT,past_value_nchw:OpId_20 (cycles)
5330879844,EXECUTE,7601,CYCLES,BACKEND,SUB-EVENT,rms_norm__Mul_1_output_0:OpId_24 (cycles)
5330879844,EXECUTE,42449,CYCLES,BACKEND,SUB-EVENT,_MatMul:OpId_29 (cycles)
5330879844,EXECUTE,0,CYCLES,BACKEND,SUB-EVENT,_MatMul_post_reshape:OpId_31 (cycles)
5330879844,EXECUTE,7472,CYCLES,BACKEND,SUB-EVENT,_MatMul_1:OpId_34 (cycles)
5330879844,EXECUTE,9079,CYCLES,BACKEND,SUB-EVENT,_MatMul_1_post_reshape:OpId_36 (cycles)
5330879844,EXECUTE,1600,CYCLES,BACKEND,SUB-EVENT,_MatMul_2:OpId_39 (cycles)
5330879844,EXECUTE,7377,CYCLES,BACKEND,SUB-EVENT,_MatMul_2_post_reshape:OpId_41 (cycles)
5330879844,EXECUTE,504,CYCLES,BACKEND,SUB-EVENT,_Transpose:OpId_43 (cycles)
5330879844,EXECUTE,2609,CYCLES,BACKEND,SUB-EVENT,_Transpose_1:OpId_45 (cycles)
5330879844,EXECUTE,2320,CYCLES,BACKEND,SUB-EVENT,_Transpose_2:OpId_47 (cycles)
5330879844,EXECUTE,21766,CYCLES,BACKEND,SUB-EVENT,_Slice:OpId_49 (cycles)
5330879844,EXECUTE,6226,CYCLES,BACKEND,SUB-EVENT,_Slice_1:OpId_55 (cycles)
5330879844,EXECUTE,1331,CYCLES,BACKEND,SUB-EVENT,_Mul_2:OpId_61 (cycles)
5330879844,EXECUTE,1249,CYCLES,BACKEND,SUB-EVENT,_Mul_3:OpId_64 (cycles)
5330879844,EXECUTE,251,CYCLES,BACKEND,SUB-EVENT,_Sub:OpId_66 (cycles)
5330879844,EXECUTE,1620,CYCLES,BACKEND,SUB-EVENT,_Mul_4:OpId_68 (cycles)
5330879844,EXECUTE,1290,CYCLES,BACKEND,SUB-EVENT,_Mul_5:OpId_70 (cycles)
5330879844,EXECUTE,2058,CYCLES,BACKEND,SUB-EVENT,_Add_4:OpId_72 (cycles)
5330879844,EXECUTE,0,CYCLES,BACKEND,SUB-EVENT,_Unsqueeze:OpId_74 (cycles)
5330879844,EXECUTE,0,CYCLES,BACKEND,SUB-EVENT,_Unsqueeze_1:OpId_75 (cycles)
5330879844,EXECUTE,881,CYCLES,BACKEND,SUB-EVENT,_Concat:OpId_76 (cycles)
5330879844,EXECUTE,553,CYCLES,BACKEND,SUB-EVENT,_Reshape_3:OpId_78 (cycles)
5330879844,EXECUTE,19727,CYCLES,BACKEND,SUB-EVENT,_Slice_3:OpId_80 (cycles)
5330879844,EXECUTE,4802,CYCLES,BACKEND,SUB-EVENT,_Slice_4:OpId_86 (cycles)
5330879844,EXECUTE,4850,CYCLES,BACKEND,SUB-EVENT,_Mul_6:OpId_91 (cycles)
5330879844,EXECUTE,1660,CYCLES,BACKEND,SUB-EVENT,_Mul_7:OpId_93 (cycles)
5330879844,EXECUTE,530,CYCLES,BACKEND,SUB-EVENT,_Sub_1:OpId_95 (cycles)
5330879844,EXECUTE,4778,CYCLES,BACKEND,SUB-EVENT,_Mul_8:OpId_97 (cycles)
5330879844,EXECUTE,1233,CYCLES,BACKEND,SUB-EVENT,_Mul_9:OpId_99 (cycles)
5330879844,EXECUTE,810,CYCLES,BACKEND,SUB-EVENT,_Add_5:OpId_101 (cycles)
5330879844,EXECUTE,0,CYCLES,BACKEND,SUB-EVENT,_Unsqueeze_2:OpId_103 (cycles)
5330879844,EXECUTE,0,CYCLES,BACKEND,SUB-EVENT,_Unsqueeze_3:OpId_104 (cycles)
5330879844,EXECUTE,2756,CYCLES,BACKEND,SUB-EVENT,_Concat_2:OpId_105 (cycles)
5330879844,EXECUTE,0,CYCLES,BACKEND,SUB-EVENT,_Reshape_4:OpId_107 (cycles)
5330879844,EXECUTE,877,CYCLES,BACKEND,SUB-EVENT,current_key_nhwc:OpId_109 (cycles)
5330879844,EXECUTE,3077,CYCLES,BACKEND,SUB-EVENT,_Concat_4:OpId_110 (cycles)
5330879844,EXECUTE,367791,CYCLES,BACKEND,SUB-EVENT,_Concat_4_output_0_nchw:OpId_113 (cycles)
5330879844,EXECUTE,3153,CYCLES,BACKEND,SUB-EVENT,_Concat_5:OpId_114 (cycles)
5330879844,EXECUTE,0,CYCLES,BACKEND,SUB-EVENT,_Unsqueeze_4:OpId_116 (cycles)
5330879844,EXECUTE,32190,CYCLES,BACKEND,SUB-EVENT,_MatMul_3:OpId_117 (cycles)
5330879844,EXECUTE,4928,CYCLES,BACKEND,SUB-EVENT,_Div_1:OpId_122 (cycles)
5330879844,EXECUTE,0,CYCLES,BACKEND,SUB-EVENT,_Add_6:OpId_125 (cycles)
5330879844,EXECUTE,16774,CYCLES,BACKEND,SUB-EVENT,_Softmax:OpId_127 (cycles)
5330879844,EXECUTE,0,CYCLES,BACKEND,SUB-EVENT,_Unsqueeze_5:OpId_130 (cycles)
5330879844,EXECUTE,32455,CYCLES,BACKEND,SUB-EVENT,_MatMul_4:OpId_131 (cycles)
5330879844,EXECUTE,0,CYCLES,BACKEND,SUB-EVENT,_Reshape_6:OpId_135 (cycles)
5330879844,EXECUTE,0,CYCLES,BACKEND,SUB-EVENT,_Transpose_4:OpId_137 (cycles)
5330879844,EXECUTE,25235,CYCLES,BACKEND,SUB-EVENT,_MatMul_5:OpId_139 (cycles)
5330879844,EXECUTE,0,CYCLES,BACKEND,SUB-EVENT,_MatMul_5_post_reshape:OpId_142 (cycles)
5330879844,EXECUTE,0,CYCLES,BACKEND,SUB-EVENT,_MatMul_5_output_0_nfc:OpId_144 (cycles)
5330879844,EXECUTE,62436,CYCLES,BACKEND,SUB-EVENT,_Add_7:OpId_146 (cycles)
5330879844,EXECUTE,286,CYCLES,BACKEND,SUB-EVENT,_Add_7_output_0_ncf:OpId_149 (cycles)
5330879844,EXECUTE,2007,CYCLES,BACKEND,SUB-EVENT,rms_norm__Mul_11_output_0:OpId_154 (cycles)
5330879844,EXECUTE,0,CYCLES,BACKEND,SUB-EVENT,_MatMul_6:OpId_158 (cycles)
5330879844,EXECUTE,0,CYCLES,BACKEND,SUB-EVENT,_MatMul_6_post_reshape:OpId_161 (cycles)
5330879844,EXECUTE,153158,CYCLES,BACKEND,SUB-EVENT,_MatMul_7:OpId_163 (cycles)
5330879844,EXECUTE,0,CYCLES,BACKEND,SUB-EVENT,_MatMul_7_post_reshape:OpId_166 (cycles)
5330879844,EXECUTE,0,CYCLES,BACKEND,SUB-EVENT,_Sigmoid:OpId_167 (cycles)
5330879844,EXECUTE,122393,CYCLES,BACKEND,SUB-EVENT,_Mul_12:OpId_174 (cycles)
5330879844,EXECUTE,15734,CYCLES,BACKEND,SUB-EVENT,_Mul_13:OpId_176 (cycles)
5330879844,EXECUTE,157230,CYCLES,BACKEND,SUB-EVENT,_MatMul_8:OpId_179 (cycles)
5330879844,EXECUTE,0,CYCLES,BACKEND,SUB-EVENT,_MatMul_8_post_reshape:OpId_182 (cycles)
5330879844,EXECUTE,0,CYCLES,BACKEND,SUB-EVENT,_MatMul_8_output_0_nfc:OpId_184 (cycles)
5330879844,EXECUTE,15256,CYCLES,BACKEND,SUB-EVENT,_Add_9:OpId_186 (cycles)
5330879844,EXECUTE,4145,CYCLES,BACKEND,SUB-EVENT,Output OpId_3 (cycles)
5330879844,EXECUTE,4631,US,BACKEND,ROOT,Accelerator (execute) time
5330879844,EXECUTE,2630,US,BACKEND,ROOT,Accelerator (execute excluding wait) time
5330879844,EXECUTE,20142,US,BACKEND,ROOT,QNN (execute) time
5330890640,EXECUTE,8736,US,NETRUN,ROOT,Graph 0: qwen2_0_5b_layer0_decode_past128_grouped_gqa_delta_kv
5330890640,EXECUTE,4,COUNT,BACKEND,ROOT,Number of HVX threads used
5330890640,EXECUTE,8384,US,BACKEND,ROOT,RPC (execute) time
5330890640,EXECUTE,7400,US,BACKEND,ROOT,QNN accelerator (execute) time
5330890640,EXECUTE,0,COUNT,BACKEND,ROOT,Num times yield occured
5330890640,EXECUTE,637,US,BACKEND,ROOT,Time for initial VTCM acquire
5330890640,EXECUTE,238,US,BACKEND,ROOT,Time for HVX + HMX power on and acquire
5330890640,EXECUTE,1247923,CYCLES,BACKEND,ROOT,Accelerator (execute) time (cycles)
5330890640,EXECUTE,47529,CYCLES,BACKEND,SUB-EVENT,Input OpId_2 (cycles)
5330890640,EXECUTE,13461,CYCLES,BACKEND,SUB-EVENT,hidden_states_ncf:OpId_17 (cycles)
5330890640,EXECUTE,21207,CYCLES,BACKEND,SUB-EVENT,past_value_nchw:OpId_20 (cycles)
5330890640,EXECUTE,10788,CYCLES,BACKEND,SUB-EVENT,rms_norm__Mul_1_output_0:OpId_24 (cycles)
5330890640,EXECUTE,35402,CYCLES,BACKEND,SUB-EVENT,_MatMul:OpId_29 (cycles)
5330890640,EXECUTE,0,CYCLES,BACKEND,SUB-EVENT,_MatMul_post_reshape:OpId_31 (cycles)
5330890640,EXECUTE,5144,CYCLES,BACKEND,SUB-EVENT,_MatMul_1:OpId_34 (cycles)
5330890640,EXECUTE,12482,CYCLES,BACKEND,SUB-EVENT,_MatMul_1_post_reshape:OpId_36 (cycles)
5330890640,EXECUTE,2398,CYCLES,BACKEND,SUB-EVENT,_MatMul_2:OpId_39 (cycles)
5330890640,EXECUTE,10719,CYCLES,BACKEND,SUB-EVENT,_MatMul_2_post_reshape:OpId_41 (cycles)
5330890640,EXECUTE,506,CYCLES,BACKEND,SUB-EVENT,_Transpose:OpId_43 (cycles)
5330890640,EXECUTE,2766,CYCLES,BACKEND,SUB-EVENT,_Transpose_1:OpId_45 (cycles)
5330890640,EXECUTE,2580,CYCLES,BACKEND,SUB-EVENT,_Transpose_2:OpId_47 (cycles)
5330890640,EXECUTE,28031,CYCLES,BACKEND,SUB-EVENT,_Slice:OpId_49 (cycles)
5330890640,EXECUTE,8050,CYCLES,BACKEND,SUB-EVENT,_Slice_1:OpId_55 (cycles)
5330890640,EXECUTE,1439,CYCLES,BACKEND,SUB-EVENT,_Mul_2:OpId_61 (cycles)
5330890640,EXECUTE,1301,CYCLES,BACKEND,SUB-EVENT,_Mul_3:OpId_64 (cycles)
5330890640,EXECUTE,235,CYCLES,BACKEND,SUB-EVENT,_Sub:OpId_66 (cycles)
5330890640,EXECUTE,1763,CYCLES,BACKEND,SUB-EVENT,_Mul_4:OpId_68 (cycles)
5330890640,EXECUTE,1286,CYCLES,BACKEND,SUB-EVENT,_Mul_5:OpId_70 (cycles)
5330890640,EXECUTE,3396,CYCLES,BACKEND,SUB-EVENT,_Add_4:OpId_72 (cycles)
5330890640,EXECUTE,0,CYCLES,BACKEND,SUB-EVENT,_Unsqueeze:OpId_74 (cycles)
5330890640,EXECUTE,0,CYCLES,BACKEND,SUB-EVENT,_Unsqueeze_1:OpId_75 (cycles)
5330890640,EXECUTE,848,CYCLES,BACKEND,SUB-EVENT,_Concat:OpId_76 (cycles)
5330890640,EXECUTE,596,CYCLES,BACKEND,SUB-EVENT,_Reshape_3:OpId_78 (cycles)
5330890640,EXECUTE,39182,CYCLES,BACKEND,SUB-EVENT,_Slice_3:OpId_80 (cycles)
5330890640,EXECUTE,6863,CYCLES,BACKEND,SUB-EVENT,_Slice_4:OpId_86 (cycles)
5330890640,EXECUTE,6991,CYCLES,BACKEND,SUB-EVENT,_Mul_6:OpId_91 (cycles)
5330890640,EXECUTE,2632,CYCLES,BACKEND,SUB-EVENT,_Mul_7:OpId_93 (cycles)
5330890640,EXECUTE,548,CYCLES,BACKEND,SUB-EVENT,_Sub_1:OpId_95 (cycles)
5330890640,EXECUTE,6033,CYCLES,BACKEND,SUB-EVENT,_Mul_8:OpId_97 (cycles)
5330890640,EXECUTE,1980,CYCLES,BACKEND,SUB-EVENT,_Mul_9:OpId_99 (cycles)
5330890640,EXECUTE,848,CYCLES,BACKEND,SUB-EVENT,_Add_5:OpId_101 (cycles)
5330890640,EXECUTE,0,CYCLES,BACKEND,SUB-EVENT,_Unsqueeze_2:OpId_103 (cycles)
5330890640,EXECUTE,0,CYCLES,BACKEND,SUB-EVENT,_Unsqueeze_3:OpId_104 (cycles)
5330890640,EXECUTE,2930,CYCLES,BACKEND,SUB-EVENT,_Concat_2:OpId_105 (cycles)
5330890640,EXECUTE,0,CYCLES,BACKEND,SUB-EVENT,_Reshape_4:OpId_107 (cycles)
5330890640,EXECUTE,910,CYCLES,BACKEND,SUB-EVENT,current_key_nhwc:OpId_109 (cycles)
5330890640,EXECUTE,3153,CYCLES,BACKEND,SUB-EVENT,_Concat_4:OpId_110 (cycles)
5330890640,EXECUTE,383692,CYCLES,BACKEND,SUB-EVENT,_Concat_4_output_0_nchw:OpId_113 (cycles)
5330890640,EXECUTE,3323,CYCLES,BACKEND,SUB-EVENT,_Concat_5:OpId_114 (cycles)
5330890640,EXECUTE,0,CYCLES,BACKEND,SUB-EVENT,_Unsqueeze_4:OpId_116 (cycles)
5330890640,EXECUTE,33744,CYCLES,BACKEND,SUB-EVENT,_MatMul_3:OpId_117 (cycles)
5330890640,EXECUTE,7708,CYCLES,BACKEND,SUB-EVENT,_Div_1:OpId_122 (cycles)
5330890640,EXECUTE,0,CYCLES,BACKEND,SUB-EVENT,_Add_6:OpId_125 (cycles)
5330890640,EXECUTE,21946,CYCLES,BACKEND,SUB-EVENT,_Softmax:OpId_127 (cycles)
5330890640,EXECUTE,0,CYCLES,BACKEND,SUB-EVENT,_Unsqueeze_5:OpId_130 (cycles)
5330890640,EXECUTE,43611,CYCLES,BACKEND,SUB-EVENT,_MatMul_4:OpId_131 (cycles)
5330890640,EXECUTE,0,CYCLES,BACKEND,SUB-EVENT,_Reshape_6:OpId_135 (cycles)
5330890640,EXECUTE,0,CYCLES,BACKEND,SUB-EVENT,_Transpose_4:OpId_137 (cycles)
5330890640,EXECUTE,17236,CYCLES,BACKEND,SUB-EVENT,_MatMul_5:OpId_139 (cycles)
5330890640,EXECUTE,0,CYCLES,BACKEND,SUB-EVENT,_MatMul_5_post_reshape:OpId_142 (cycles)
5330890640,EXECUTE,0,CYCLES,BACKEND,SUB-EVENT,_MatMul_5_output_0_nfc:OpId_144 (cycles)
5330890640,EXECUTE,74775,CYCLES,BACKEND,SUB-EVENT,_Add_7:OpId_146 (cycles)
5330890640,EXECUTE,294,CYCLES,BACKEND,SUB-EVENT,_Add_7_output_0_ncf:OpId_149 (cycles)
5330890640,EXECUTE,2901,CYCLES,BACKEND,SUB-EVENT,rms_norm__Mul_11_output_0:OpId_154 (cycles)
5330890640,EXECUTE,0,CYCLES,BACKEND,SUB-EVENT,_MatMul_6:OpId_158 (cycles)
5330890640,EXECUTE,0,CYCLES,BACKEND,SUB-EVENT,_MatMul_6_post_reshape:OpId_161 (cycles)
5330890640,EXECUTE,92040,CYCLES,BACKEND,SUB-EVENT,_MatMul_7:OpId_163 (cycles)
5330890640,EXECUTE,0,CYCLES,BACKEND,SUB-EVENT,_MatMul_7_post_reshape:OpId_166 (cycles)
5330890640,EXECUTE,0,CYCLES,BACKEND,SUB-EVENT,_Sigmoid:OpId_167 (cycles)
5330890640,EXECUTE,90605,CYCLES,BACKEND,SUB-EVENT,_Mul_12:OpId_174 (cycles)
5330890640,EXECUTE,17040,CYCLES,BACKEND,SUB-EVENT,_Mul_13:OpId_176 (cycles)
5330890640,EXECUTE,156718,CYCLES,BACKEND,SUB-EVENT,_MatMul_8:OpId_179 (cycles)
5330890640,EXECUTE,0,CYCLES,BACKEND,SUB-EVENT,_MatMul_8_post_reshape:OpId_182 (cycles)
5330890640,EXECUTE,0,CYCLES,BACKEND,SUB-EVENT,_MatMul_8_output_0_nfc:OpId_184 (cycles)
5330890640,EXECUTE,14783,CYCLES,BACKEND,SUB-EVENT,_Add_9:OpId_186 (cycles)
5330890640,EXECUTE,3510,CYCLES,BACKEND,SUB-EVENT,Output OpId_3 (cycles)
5330890640,EXECUTE,2644,US,BACKEND,ROOT,Accelerator (execute) time
5330890640,EXECUTE,2510,US,BACKEND,ROOT,Accelerator (execute excluding wait) time
5330890640,EXECUTE,8716,US,BACKEND,ROOT,QNN (execute) time
5330899784,EXECUTE,8167,US,NETRUN,ROOT,Graph 0: qwen2_0_5b_layer0_decode_past128_grouped_gqa_delta_kv
5330899784,EXECUTE,4,COUNT,BACKEND,ROOT,Number of HVX threads used
5330899784,EXECUTE,7844,US,BACKEND,ROOT,RPC (execute) time
5330899784,EXECUTE,6979,US,BACKEND,ROOT,QNN accelerator (execute) time
5330899784,EXECUTE,0,COUNT,BACKEND,ROOT,Num times yield occured
5330899784,EXECUTE,533,US,BACKEND,ROOT,Time for initial VTCM acquire
5330899784,EXECUTE,233,US,BACKEND,ROOT,Time for HVX + HMX power on and acquire
5330899784,EXECUTE,1176069,CYCLES,BACKEND,ROOT,Accelerator (execute) time (cycles)
5330899784,EXECUTE,36813,CYCLES,BACKEND,SUB-EVENT,Input OpId_2 (cycles)
5330899784,EXECUTE,10162,CYCLES,BACKEND,SUB-EVENT,hidden_states_ncf:OpId_17 (cycles)
5330899784,EXECUTE,13698,CYCLES,BACKEND,SUB-EVENT,past_value_nchw:OpId_20 (cycles)
5330899784,EXECUTE,7830,CYCLES,BACKEND,SUB-EVENT,rms_norm__Mul_1_output_0:OpId_24 (cycles)
5330899784,EXECUTE,25723,CYCLES,BACKEND,SUB-EVENT,_MatMul:OpId_29 (cycles)
5330899784,EXECUTE,0,CYCLES,BACKEND,SUB-EVENT,_MatMul_post_reshape:OpId_31 (cycles)
5330899784,EXECUTE,4684,CYCLES,BACKEND,SUB-EVENT,_MatMul_1:OpId_34 (cycles)
5330899784,EXECUTE,9703,CYCLES,BACKEND,SUB-EVENT,_MatMul_1_post_reshape:OpId_36 (cycles)
5330899784,EXECUTE,2655,CYCLES,BACKEND,SUB-EVENT,_MatMul_2:OpId_39 (cycles)
5330899784,EXECUTE,7940,CYCLES,BACKEND,SUB-EVENT,_MatMul_2_post_reshape:OpId_41 (cycles)
5330899784,EXECUTE,482,CYCLES,BACKEND,SUB-EVENT,_Transpose:OpId_43 (cycles)
5330899784,EXECUTE,2597,CYCLES,BACKEND,SUB-EVENT,_Transpose_1:OpId_45 (cycles)
5330899784,EXECUTE,2374,CYCLES,BACKEND,SUB-EVENT,_Transpose_2:OpId_47 (cycles)
5330899784,EXECUTE,24814,CYCLES,BACKEND,SUB-EVENT,_Slice:OpId_49 (cycles)
5330899784,EXECUTE,6602,CYCLES,BACKEND,SUB-EVENT,_Slice_1:OpId_55 (cycles)
5330899784,EXECUTE,2138,CYCLES,BACKEND,SUB-EVENT,_Mul_2:OpId_61 (cycles)
5330899784,EXECUTE,1320,CYCLES,BACKEND,SUB-EVENT,_Mul_3:OpId_64 (cycles)
5330899784,EXECUTE,248,CYCLES,BACKEND,SUB-EVENT,_Sub:OpId_66 (cycles)
5330899784,EXECUTE,2462,CYCLES,BACKEND,SUB-EVENT,_Mul_4:OpId_68 (cycles)
5330899784,EXECUTE,1604,CYCLES,BACKEND,SUB-EVENT,_Mul_5:OpId_70 (cycles)
5330899784,EXECUTE,2527,CYCLES,BACKEND,SUB-EVENT,_Add_4:OpId_72 (cycles)
5330899784,EXECUTE,0,CYCLES,BACKEND,SUB-EVENT,_Unsqueeze:OpId_74 (cycles)
5330899784,EXECUTE,0,CYCLES,BACKEND,SUB-EVENT,_Unsqueeze_1:OpId_75 (cycles)
5330899784,EXECUTE,830,CYCLES,BACKEND,SUB-EVENT,_Concat:OpId_76 (cycles)
5330899784,EXECUTE,590,CYCLES,BACKEND,SUB-EVENT,_Reshape_3:OpId_78 (cycles)
5330899784,EXECUTE,28225,CYCLES,BACKEND,SUB-EVENT,_Slice_3:OpId_80 (cycles)
5330899784,EXECUTE,7494,CYCLES,BACKEND,SUB-EVENT,_Slice_4:OpId_86 (cycles)
5330899784,EXECUTE,11606,CYCLES,BACKEND,SUB-EVENT,_Mul_6:OpId_91 (cycles)
5330899784,EXECUTE,5904,CYCLES,BACKEND,SUB-EVENT,_Mul_7:OpId_93 (cycles)
5330899784,EXECUTE,1964,CYCLES,BACKEND,SUB-EVENT,_Sub_1:OpId_95 (cycles)
5330899784,EXECUTE,11289,CYCLES,BACKEND,SUB-EVENT,_Mul_8:OpId_97 (cycles)
5330899784,EXECUTE,5839,CYCLES,BACKEND,SUB-EVENT,_Mul_9:OpId_99 (cycles)
5330899784,EXECUTE,2964,CYCLES,BACKEND,SUB-EVENT,_Add_5:OpId_101 (cycles)
5330899784,EXECUTE,0,CYCLES,BACKEND,SUB-EVENT,_Unsqueeze_2:OpId_103 (cycles)
5330899784,EXECUTE,0,CYCLES,BACKEND,SUB-EVENT,_Unsqueeze_3:OpId_104 (cycles)
5330899784,EXECUTE,3506,CYCLES,BACKEND,SUB-EVENT,_Concat_2:OpId_105 (cycles)
5330899784,EXECUTE,0,CYCLES,BACKEND,SUB-EVENT,_Reshape_4:OpId_107 (cycles)
5330899784,EXECUTE,1999,CYCLES,BACKEND,SUB-EVENT,current_key_nhwc:OpId_109 (cycles)
5330899784,EXECUTE,3675,CYCLES,BACKEND,SUB-EVENT,_Concat_4:OpId_110 (cycles)
5330899784,EXECUTE,350713,CYCLES,BACKEND,SUB-EVENT,_Concat_4_output_0_nchw:OpId_113 (cycles)
5330899784,EXECUTE,1808,CYCLES,BACKEND,SUB-EVENT,_Concat_5:OpId_114 (cycles)
5330899784,EXECUTE,0,CYCLES,BACKEND,SUB-EVENT,_Unsqueeze_4:OpId_116 (cycles)
5330899784,EXECUTE,32374,CYCLES,BACKEND,SUB-EVENT,_MatMul_3:OpId_117 (cycles)
5330899784,EXECUTE,7310,CYCLES,BACKEND,SUB-EVENT,_Div_1:OpId_122 (cycles)
5330899784,EXECUTE,0,CYCLES,BACKEND,SUB-EVENT,_Add_6:OpId_125 (cycles)
5330899784,EXECUTE,18215,CYCLES,BACKEND,SUB-EVENT,_Softmax:OpId_127 (cycles)
5330899784,EXECUTE,0,CYCLES,BACKEND,SUB-EVENT,_Unsqueeze_5:OpId_130 (cycles)
5330899784,EXECUTE,44362,CYCLES,BACKEND,SUB-EVENT,_MatMul_4:OpId_131 (cycles)
5330899784,EXECUTE,0,CYCLES,BACKEND,SUB-EVENT,_Reshape_6:OpId_135 (cycles)
5330899784,EXECUTE,0,CYCLES,BACKEND,SUB-EVENT,_Transpose_4:OpId_137 (cycles)
5330899784,EXECUTE,14762,CYCLES,BACKEND,SUB-EVENT,_MatMul_5:OpId_139 (cycles)
5330899784,EXECUTE,0,CYCLES,BACKEND,SUB-EVENT,_MatMul_5_post_reshape:OpId_142 (cycles)
5330899784,EXECUTE,0,CYCLES,BACKEND,SUB-EVENT,_MatMul_5_output_0_nfc:OpId_144 (cycles)
5330899784,EXECUTE,63531,CYCLES,BACKEND,SUB-EVENT,_Add_7:OpId_146 (cycles)
5330899784,EXECUTE,261,CYCLES,BACKEND,SUB-EVENT,_Add_7_output_0_ncf:OpId_149 (cycles)
5330899784,EXECUTE,2756,CYCLES,BACKEND,SUB-EVENT,rms_norm__Mul_11_output_0:OpId_154 (cycles)
5330899784,EXECUTE,0,CYCLES,BACKEND,SUB-EVENT,_MatMul_6:OpId_158 (cycles)
5330899784,EXECUTE,0,CYCLES,BACKEND,SUB-EVENT,_MatMul_6_post_reshape:OpId_161 (cycles)
5330899784,EXECUTE,91330,CYCLES,BACKEND,SUB-EVENT,_MatMul_7:OpId_163 (cycles)
5330899784,EXECUTE,0,CYCLES,BACKEND,SUB-EVENT,_MatMul_7_post_reshape:OpId_166 (cycles)
5330899784,EXECUTE,0,CYCLES,BACKEND,SUB-EVENT,_Sigmoid:OpId_167 (cycles)
5330899784,EXECUTE,90391,CYCLES,BACKEND,SUB-EVENT,_Mul_12:OpId_174 (cycles)
5330899784,EXECUTE,32029,CYCLES,BACKEND,SUB-EVENT,_Mul_13:OpId_176 (cycles)
5330899784,EXECUTE,156642,CYCLES,BACKEND,SUB-EVENT,_MatMul_8:OpId_179 (cycles)
5330899784,EXECUTE,0,CYCLES,BACKEND,SUB-EVENT,_MatMul_8_post_reshape:OpId_182 (cycles)
5330899784,EXECUTE,0,CYCLES,BACKEND,SUB-EVENT,_MatMul_8_output_0_nfc:OpId_184 (cycles)
5330899784,EXECUTE,15008,CYCLES,BACKEND,SUB-EVENT,_Add_9:OpId_186 (cycles)
5330899784,EXECUTE,2316,CYCLES,BACKEND,SUB-EVENT,Output OpId_3 (cycles)
5330899784,EXECUTE,2478,US,BACKEND,ROOT,Accelerator (execute) time
5330899784,EXECUTE,2369,US,BACKEND,ROOT,Accelerator (execute excluding wait) time
5330899784,EXECUTE,8149,US,BACKEND,ROOT,QNN (execute) time
5330913364,EXECUTE,12210,US,NETRUN,ROOT,Graph 0: qwen2_0_5b_layer0_decode_past128_grouped_gqa_delta_kv
5330913364,EXECUTE,4,COUNT,BACKEND,ROOT,Number of HVX threads used
5330913364,EXECUTE,11849,US,BACKEND,ROOT,RPC (execute) time
5330913364,EXECUTE,9632,US,BACKEND,ROOT,QNN accelerator (execute) time
5330913364,EXECUTE,0,COUNT,BACKEND,ROOT,Num times yield occured
5330913364,EXECUTE,1019,US,BACKEND,ROOT,Time for initial VTCM acquire
5330913364,EXECUTE,299,US,BACKEND,ROOT,Time for HVX + HMX power on and acquire
5330913364,EXECUTE,2244797,CYCLES,BACKEND,ROOT,Accelerator (execute) time (cycles)
5330913364,EXECUTE,109253,CYCLES,BACKEND,SUB-EVENT,Input OpId_2 (cycles)
5330913364,EXECUTE,53695,CYCLES,BACKEND,SUB-EVENT,hidden_states_ncf:OpId_17 (cycles)
5330913364,EXECUTE,21261,CYCLES,BACKEND,SUB-EVENT,past_value_nchw:OpId_20 (cycles)
5330913364,EXECUTE,16288,CYCLES,BACKEND,SUB-EVENT,rms_norm__Mul_1_output_0:OpId_24 (cycles)
5330913364,EXECUTE,51684,CYCLES,BACKEND,SUB-EVENT,_MatMul:OpId_29 (cycles)
5330913364,EXECUTE,0,CYCLES,BACKEND,SUB-EVENT,_MatMul_post_reshape:OpId_31 (cycles)
5330913364,EXECUTE,8615,CYCLES,BACKEND,SUB-EVENT,_MatMul_1:OpId_34 (cycles)
5330913364,EXECUTE,20302,CYCLES,BACKEND,SUB-EVENT,_MatMul_1_post_reshape:OpId_36 (cycles)
5330913364,EXECUTE,7409,CYCLES,BACKEND,SUB-EVENT,_MatMul_2:OpId_39 (cycles)
5330913364,EXECUTE,18498,CYCLES,BACKEND,SUB-EVENT,_MatMul_2_post_reshape:OpId_41 (cycles)
5330913364,EXECUTE,468,CYCLES,BACKEND,SUB-EVENT,_Transpose:OpId_43 (cycles)
5330913364,EXECUTE,5832,CYCLES,BACKEND,SUB-EVENT,_Transpose_1:OpId_45 (cycles)
5330913364,EXECUTE,5627,CYCLES,BACKEND,SUB-EVENT,_Transpose_2:OpId_47 (cycles)
5330913364,EXECUTE,43865,CYCLES,BACKEND,SUB-EVENT,_Slice:OpId_49 (cycles)
5330913364,EXECUTE,10167,CYCLES,BACKEND,SUB-EVENT,_Slice_1:OpId_55 (cycles)
5330913364,EXECUTE,2717,CYCLES,BACKEND,SUB-EVENT,_Mul_2:OpId_61 (cycles)
5330913364,EXECUTE,1215,CYCLES,BACKEND,SUB-EVENT,_Mul_3:OpId_64 (cycles)
5330913364,EXECUTE,257,CYCLES,BACKEND,SUB-EVENT,_Sub:OpId_66 (cycles)
5330913364,EXECUTE,3008,CYCLES,BACKEND,SUB-EVENT,_Mul_4:OpId_68 (cycles)
5330913364,EXECUTE,1337,CYCLES,BACKEND,SUB-EVENT,_Mul_5:OpId_70 (cycles)
5330913364,EXECUTE,8481,CYCLES,BACKEND,SUB-EVENT,_Add_4:OpId_72 (cycles)
5330913364,EXECUTE,0,CYCLES,BACKEND,SUB-EVENT,_Unsqueeze:OpId_74 (cycles)
5330913364,EXECUTE,0,CYCLES,BACKEND,SUB-EVENT,_Unsqueeze_1:OpId_75 (cycles)
5330913364,EXECUTE,796,CYCLES,BACKEND,SUB-EVENT,_Concat:OpId_76 (cycles)
5330913364,EXECUTE,617,CYCLES,BACKEND,SUB-EVENT,_Reshape_3:OpId_78 (cycles)
5330913364,EXECUTE,66095,CYCLES,BACKEND,SUB-EVENT,_Slice_3:OpId_80 (cycles)
5330913364,EXECUTE,15511,CYCLES,BACKEND,SUB-EVENT,_Slice_4:OpId_86 (cycles)
5330913364,EXECUTE,26495,CYCLES,BACKEND,SUB-EVENT,_Mul_6:OpId_91 (cycles)
5330913364,EXECUTE,17858,CYCLES,BACKEND,SUB-EVENT,_Mul_7:OpId_93 (cycles)
5330913364,EXECUTE,5361,CYCLES,BACKEND,SUB-EVENT,_Sub_1:OpId_95 (cycles)
5330913364,EXECUTE,26379,CYCLES,BACKEND,SUB-EVENT,_Mul_8:OpId_97 (cycles)
5330913364,EXECUTE,17822,CYCLES,BACKEND,SUB-EVENT,_Mul_9:OpId_99 (cycles)
5330913364,EXECUTE,5282,CYCLES,BACKEND,SUB-EVENT,_Add_5:OpId_101 (cycles)
5330913364,EXECUTE,0,CYCLES,BACKEND,SUB-EVENT,_Unsqueeze_2:OpId_103 (cycles)
5330913364,EXECUTE,0,CYCLES,BACKEND,SUB-EVENT,_Unsqueeze_3:OpId_104 (cycles)
5330913364,EXECUTE,14519,CYCLES,BACKEND,SUB-EVENT,_Concat_2:OpId_105 (cycles)
5330913364,EXECUTE,0,CYCLES,BACKEND,SUB-EVENT,_Reshape_4:OpId_107 (cycles)
5330913364,EXECUTE,12302,CYCLES,BACKEND,SUB-EVENT,current_key_nhwc:OpId_109 (cycles)
5330913364,EXECUTE,5679,CYCLES,BACKEND,SUB-EVENT,_Concat_4:OpId_110 (cycles)
5330913364,EXECUTE,349830,CYCLES,BACKEND,SUB-EVENT,_Concat_4_output_0_nchw:OpId_113 (cycles)
5330913364,EXECUTE,3687,CYCLES,BACKEND,SUB-EVENT,_Concat_5:OpId_114 (cycles)
5330913364,EXECUTE,0,CYCLES,BACKEND,SUB-EVENT,_Unsqueeze_4:OpId_116 (cycles)
5330913364,EXECUTE,35737,CYCLES,BACKEND,SUB-EVENT,_MatMul_3:OpId_117 (cycles)
5330913364,EXECUTE,14908,CYCLES,BACKEND,SUB-EVENT,_Div_1:OpId_122 (cycles)
5330913364,EXECUTE,0,CYCLES,BACKEND,SUB-EVENT,_Add_6:OpId_125 (cycles)
5330913364,EXECUTE,22561,CYCLES,BACKEND,SUB-EVENT,_Softmax:OpId_127 (cycles)
5330913364,EXECUTE,0,CYCLES,BACKEND,SUB-EVENT,_Unsqueeze_5:OpId_130 (cycles)
5330913364,EXECUTE,73134,CYCLES,BACKEND,SUB-EVENT,_MatMul_4:OpId_131 (cycles)
5330913364,EXECUTE,0,CYCLES,BACKEND,SUB-EVENT,_Reshape_6:OpId_135 (cycles)
5330913364,EXECUTE,0,CYCLES,BACKEND,SUB-EVENT,_Transpose_4:OpId_137 (cycles)
5330913364,EXECUTE,25280,CYCLES,BACKEND,SUB-EVENT,_MatMul_5:OpId_139 (cycles)
5330913364,EXECUTE,0,CYCLES,BACKEND,SUB-EVENT,_MatMul_5_post_reshape:OpId_142 (cycles)
5330913364,EXECUTE,0,CYCLES,BACKEND,SUB-EVENT,_MatMul_5_output_0_nfc:OpId_144 (cycles)
5330913364,EXECUTE,110907,CYCLES,BACKEND,SUB-EVENT,_Add_7:OpId_146 (cycles)
5330913364,EXECUTE,272,CYCLES,BACKEND,SUB-EVENT,_Add_7_output_0_ncf:OpId_149 (cycles)
5330913364,EXECUTE,4956,CYCLES,BACKEND,SUB-EVENT,rms_norm__Mul_11_output_0:OpId_154 (cycles)
5330913364,EXECUTE,0,CYCLES,BACKEND,SUB-EVENT,_MatMul_6:OpId_158 (cycles)
5330913364,EXECUTE,0,CYCLES,BACKEND,SUB-EVENT,_MatMul_6_post_reshape:OpId_161 (cycles)
5330913364,EXECUTE,291941,CYCLES,BACKEND,SUB-EVENT,_MatMul_7:OpId_163 (cycles)
5330913364,EXECUTE,0,CYCLES,BACKEND,SUB-EVENT,_MatMul_7_post_reshape:OpId_166 (cycles)
5330913364,EXECUTE,0,CYCLES,BACKEND,SUB-EVENT,_Sigmoid:OpId_167 (cycles)
5330913364,EXECUTE,248165,CYCLES,BACKEND,SUB-EVENT,_Mul_12:OpId_174 (cycles)
5330913364,EXECUTE,24271,CYCLES,BACKEND,SUB-EVENT,_Mul_13:OpId_176 (cycles)
5330913364,EXECUTE,411439,CYCLES,BACKEND,SUB-EVENT,_MatMul_8:OpId_179 (cycles)
5330913364,EXECUTE,0,CYCLES,BACKEND,SUB-EVENT,_MatMul_8_post_reshape:OpId_182 (cycles)
5330913364,EXECUTE,0,CYCLES,BACKEND,SUB-EVENT,_MatMul_8_output_0_nfc:OpId_184 (cycles)
5330913364,EXECUTE,14904,CYCLES,BACKEND,SUB-EVENT,_Add_9:OpId_186 (cycles)
5330913364,EXECUTE,8110,CYCLES,BACKEND,SUB-EVENT,Output OpId_3 (cycles)
5330913364,EXECUTE,4646,US,BACKEND,ROOT,Accelerator (execute) time
5330913364,EXECUTE,4483,US,BACKEND,ROOT,Accelerator (execute excluding wait) time
5330913364,EXECUTE,12186,US,BACKEND,ROOT,QNN (execute) time
5330926783,EXECUTE,12288,US,NETRUN,ROOT,Graph 0: qwen2_0_5b_layer0_decode_past128_grouped_gqa_delta_kv
5330926783,EXECUTE,4,COUNT,BACKEND,ROOT,Number of HVX threads used
5330926783,EXECUTE,11911,US,BACKEND,ROOT,RPC (execute) time
5330926783,EXECUTE,9759,US,BACKEND,ROOT,QNN accelerator (execute) time
5330926783,EXECUTE,0,COUNT,BACKEND,ROOT,Num times yield occured
5330926783,EXECUTE,640,US,BACKEND,ROOT,Time for initial VTCM acquire
5330926783,EXECUTE,371,US,BACKEND,ROOT,Time for HVX + HMX power on and acquire
5330926783,EXECUTE,2388616,CYCLES,BACKEND,ROOT,Accelerator (execute) time (cycles)
5330926783,EXECUTE,122483,CYCLES,BACKEND,SUB-EVENT,Input OpId_2 (cycles)
5330926783,EXECUTE,38992,CYCLES,BACKEND,SUB-EVENT,hidden_states_ncf:OpId_17 (cycles)
5330926783,EXECUTE,31783,CYCLES,BACKEND,SUB-EVENT,past_value_nchw:OpId_20 (cycles)
5330926783,EXECUTE,18687,CYCLES,BACKEND,SUB-EVENT,rms_norm__Mul_1_output_0:OpId_24 (cycles)
5330926783,EXECUTE,70321,CYCLES,BACKEND,SUB-EVENT,_MatMul:OpId_29 (cycles)
5330926783,EXECUTE,0,CYCLES,BACKEND,SUB-EVENT,_MatMul_post_reshape:OpId_31 (cycles)
5330926783,EXECUTE,8028,CYCLES,BACKEND,SUB-EVENT,_MatMul_1:OpId_34 (cycles)
5330926783,EXECUTE,19874,CYCLES,BACKEND,SUB-EVENT,_MatMul_1_post_reshape:OpId_36 (cycles)
5330926783,EXECUTE,11519,CYCLES,BACKEND,SUB-EVENT,_MatMul_2:OpId_39 (cycles)
5330926783,EXECUTE,18089,CYCLES,BACKEND,SUB-EVENT,_MatMul_2_post_reshape:OpId_41 (cycles)
5330926783,EXECUTE,470,CYCLES,BACKEND,SUB-EVENT,_Transpose:OpId_43 (cycles)
5330926783,EXECUTE,4502,CYCLES,BACKEND,SUB-EVENT,_Transpose_1:OpId_45 (cycles)
5330926783,EXECUTE,4307,CYCLES,BACKEND,SUB-EVENT,_Transpose_2:OpId_47 (cycles)
5330926783,EXECUTE,49761,CYCLES,BACKEND,SUB-EVENT,_Slice:OpId_49 (cycles)
5330926783,EXECUTE,8735,CYCLES,BACKEND,SUB-EVENT,_Slice_1:OpId_55 (cycles)
5330926783,EXECUTE,4067,CYCLES,BACKEND,SUB-EVENT,_Mul_2:OpId_61 (cycles)
5330926783,EXECUTE,1147,CYCLES,BACKEND,SUB-EVENT,_Mul_3:OpId_64 (cycles)
5330926783,EXECUTE,254,CYCLES,BACKEND,SUB-EVENT,_Sub:OpId_66 (cycles)
5330926783,EXECUTE,4500,CYCLES,BACKEND,SUB-EVENT,_Mul_4:OpId_68 (cycles)
5330926783,EXECUTE,2267,CYCLES,BACKEND,SUB-EVENT,_Mul_5:OpId_70 (cycles)
5330926783,EXECUTE,10897,CYCLES,BACKEND,SUB-EVENT,_Add_4:OpId_72 (cycles)
5330926783,EXECUTE,0,CYCLES,BACKEND,SUB-EVENT,_Unsqueeze:OpId_74 (cycles)
5330926783,EXECUTE,0,CYCLES,BACKEND,SUB-EVENT,_Unsqueeze_1:OpId_75 (cycles)
5330926783,EXECUTE,770,CYCLES,BACKEND,SUB-EVENT,_Concat:OpId_76 (cycles)
5330926783,EXECUTE,595,CYCLES,BACKEND,SUB-EVENT,_Reshape_3:OpId_78 (cycles)
5330926783,EXECUTE,96640,CYCLES,BACKEND,SUB-EVENT,_Slice_3:OpId_80 (cycles)
5330926783,EXECUTE,10316,CYCLES,BACKEND,SUB-EVENT,_Slice_4:OpId_86 (cycles)
5330926783,EXECUTE,35715,CYCLES,BACKEND,SUB-EVENT,_Mul_6:OpId_91 (cycles)
5330926783,EXECUTE,26529,CYCLES,BACKEND,SUB-EVENT,_Mul_7:OpId_93 (cycles)
5330926783,EXECUTE,6473,CYCLES,BACKEND,SUB-EVENT,_Sub_1:OpId_95 (cycles)
5330926783,EXECUTE,35614,CYCLES,BACKEND,SUB-EVENT,_Mul_8:OpId_97 (cycles)
5330926783,EXECUTE,26286,CYCLES,BACKEND,SUB-EVENT,_Mul_9:OpId_99 (cycles)
5330926783,EXECUTE,9382,CYCLES,BACKEND,SUB-EVENT,_Add_5:OpId_101 (cycles)
5330926783,EXECUTE,0,CYCLES,BACKEND,SUB-EVENT,_Unsqueeze_2:OpId_103 (cycles)
5330926783,EXECUTE,0,CYCLES,BACKEND,SUB-EVENT,_Unsqueeze_3:OpId_104 (cycles)
5330926783,EXECUTE,8632,CYCLES,BACKEND,SUB-EVENT,_Concat_2:OpId_105 (cycles)
5330926783,EXECUTE,0,CYCLES,BACKEND,SUB-EVENT,_Reshape_4:OpId_107 (cycles)
5330926783,EXECUTE,7913,CYCLES,BACKEND,SUB-EVENT,current_key_nhwc:OpId_109 (cycles)
5330926783,EXECUTE,5850,CYCLES,BACKEND,SUB-EVENT,_Concat_4:OpId_110 (cycles)
5330926783,EXECUTE,374275,CYCLES,BACKEND,SUB-EVENT,_Concat_4_output_0_nchw:OpId_113 (cycles)
5330926783,EXECUTE,3562,CYCLES,BACKEND,SUB-EVENT,_Concat_5:OpId_114 (cycles)
5330926783,EXECUTE,0,CYCLES,BACKEND,SUB-EVENT,_Unsqueeze_4:OpId_116 (cycles)
5330926783,EXECUTE,34206,CYCLES,BACKEND,SUB-EVENT,_MatMul_3:OpId_117 (cycles)
5330926783,EXECUTE,15993,CYCLES,BACKEND,SUB-EVENT,_Div_1:OpId_122 (cycles)
5330926783,EXECUTE,0,CYCLES,BACKEND,SUB-EVENT,_Add_6:OpId_125 (cycles)
5330926783,EXECUTE,20812,CYCLES,BACKEND,SUB-EVENT,_Softmax:OpId_127 (cycles)
5330926783,EXECUTE,0,CYCLES,BACKEND,SUB-EVENT,_Unsqueeze_5:OpId_130 (cycles)
5330926783,EXECUTE,91873,CYCLES,BACKEND,SUB-EVENT,_MatMul_4:OpId_131 (cycles)
5330926783,EXECUTE,0,CYCLES,BACKEND,SUB-EVENT,_Reshape_6:OpId_135 (cycles)
5330926783,EXECUTE,0,CYCLES,BACKEND,SUB-EVENT,_Transpose_4:OpId_137 (cycles)
5330926783,EXECUTE,23596,CYCLES,BACKEND,SUB-EVENT,_MatMul_5:OpId_139 (cycles)
5330926783,EXECUTE,0,CYCLES,BACKEND,SUB-EVENT,_MatMul_5_post_reshape:OpId_142 (cycles)
5330926783,EXECUTE,0,CYCLES,BACKEND,SUB-EVENT,_MatMul_5_output_0_nfc:OpId_144 (cycles)
5330926783,EXECUTE,114493,CYCLES,BACKEND,SUB-EVENT,_Add_7:OpId_146 (cycles)
5330926783,EXECUTE,291,CYCLES,BACKEND,SUB-EVENT,_Add_7_output_0_ncf:OpId_149 (cycles)
5330926783,EXECUTE,5045,CYCLES,BACKEND,SUB-EVENT,rms_norm__Mul_11_output_0:OpId_154 (cycles)
5330926783,EXECUTE,0,CYCLES,BACKEND,SUB-EVENT,_MatMul_6:OpId_158 (cycles)
5330926783,EXECUTE,0,CYCLES,BACKEND,SUB-EVENT,_MatMul_6_post_reshape:OpId_161 (cycles)
5330926783,EXECUTE,287541,CYCLES,BACKEND,SUB-EVENT,_MatMul_7:OpId_163 (cycles)
5330926783,EXECUTE,0,CYCLES,BACKEND,SUB-EVENT,_MatMul_7_post_reshape:OpId_166 (cycles)
5330926783,EXECUTE,0,CYCLES,BACKEND,SUB-EVENT,_Sigmoid:OpId_167 (cycles)
5330926783,EXECUTE,255909,CYCLES,BACKEND,SUB-EVENT,_Mul_12:OpId_174 (cycles)
5330926783,EXECUTE,29334,CYCLES,BACKEND,SUB-EVENT,_Mul_13:OpId_176 (cycles)
5330926783,EXECUTE,407324,CYCLES,BACKEND,SUB-EVENT,_MatMul_8:OpId_179 (cycles)
5330926783,EXECUTE,0,CYCLES,BACKEND,SUB-EVENT,_MatMul_8_post_reshape:OpId_182 (cycles)
5330926783,EXECUTE,0,CYCLES,BACKEND,SUB-EVENT,_MatMul_8_output_0_nfc:OpId_184 (cycles)
5330926783,EXECUTE,14834,CYCLES,BACKEND,SUB-EVENT,_Add_9:OpId_186 (cycles)
5330926783,EXECUTE,8130,CYCLES,BACKEND,SUB-EVENT,Output OpId_3 (cycles)
5330926783,EXECUTE,4726,US,BACKEND,ROOT,Accelerator (execute) time
5330926783,EXECUTE,4582,US,BACKEND,ROOT,Accelerator (execute excluding wait) time
5330926783,EXECUTE,12263,US,BACKEND,ROOT,QNN (execute) time
5330939092,EXECUTE,11250,US,NETRUN,ROOT,Graph 0: qwen2_0_5b_layer0_decode_past128_grouped_gqa_delta_kv
5330939092,EXECUTE,4,COUNT,BACKEND,ROOT,Number of HVX threads used
5330939092,EXECUTE,10881,US,BACKEND,ROOT,RPC (execute) time
5330939092,EXECUTE,9883,US,BACKEND,ROOT,QNN accelerator (execute) time
5330939092,EXECUTE,0,COUNT,BACKEND,ROOT,Num times yield occured
5330939092,EXECUTE,617,US,BACKEND,ROOT,Time for initial VTCM acquire
5330939092,EXECUTE,305,US,BACKEND,ROOT,Time for HVX + HMX power on and acquire
5330939092,EXECUTE,2185117,CYCLES,BACKEND,ROOT,Accelerator (execute) time (cycles)
5330939092,EXECUTE,33152,CYCLES,BACKEND,SUB-EVENT,Input OpId_2 (cycles)
5330939092,EXECUTE,7185,CYCLES,BACKEND,SUB-EVENT,hidden_states_ncf:OpId_17 (cycles)
5330939092,EXECUTE,28588,CYCLES,BACKEND,SUB-EVENT,past_value_nchw:OpId_20 (cycles)
5330939092,EXECUTE,13377,CYCLES,BACKEND,SUB-EVENT,rms_norm__Mul_1_output_0:OpId_24 (cycles)
5330939092,EXECUTE,94716,CYCLES,BACKEND,SUB-EVENT,_MatMul:OpId_29 (cycles)
5330939092,EXECUTE,0,CYCLES,BACKEND,SUB-EVENT,_MatMul_post_reshape:OpId_31 (cycles)
5330939092,EXECUTE,15248,CYCLES,BACKEND,SUB-EVENT,_MatMul_1:OpId_34 (cycles)
5330939092,EXECUTE,19266,CYCLES,BACKEND,SUB-EVENT,_MatMul_1_post_reshape:OpId_36 (cycles)
5330939092,EXECUTE,2150,CYCLES,BACKEND,SUB-EVENT,_MatMul_2:OpId_39 (cycles)
5330939092,EXECUTE,17574,CYCLES,BACKEND,SUB-EVENT,_MatMul_2_post_reshape:OpId_41 (cycles)
5330939092,EXECUTE,557,CYCLES,BACKEND,SUB-EVENT,_Transpose:OpId_43 (cycles)
5330939092,EXECUTE,4584,CYCLES,BACKEND,SUB-EVENT,_Transpose_1:OpId_45 (cycles)
5330939092,EXECUTE,4323,CYCLES,BACKEND,SUB-EVENT,_Transpose_2:OpId_47 (cycles)
5330939092,EXECUTE,24763,CYCLES,BACKEND,SUB-EVENT,_Slice:OpId_49 (cycles)
5330939092,EXECUTE,6306,CYCLES,BACKEND,SUB-EVENT,_Slice_1:OpId_55 (cycles)
5330939092,EXECUTE,1562,CYCLES,BACKEND,SUB-EVENT,_Mul_2:OpId_61 (cycles)
5330939092,EXECUTE,1240,CYCLES,BACKEND,SUB-EVENT,_Mul_3:OpId_64 (cycles)
5330939092,EXECUTE,272,CYCLES,BACKEND,SUB-EVENT,_Sub:OpId_66 (cycles)
5330939092,EXECUTE,1853,CYCLES,BACKEND,SUB-EVENT,_Mul_4:OpId_68 (cycles)
5330939092,EXECUTE,1241,CYCLES,BACKEND,SUB-EVENT,_Mul_5:OpId_70 (cycles)
5330939092,EXECUTE,2799,CYCLES,BACKEND,SUB-EVENT,_Add_4:OpId_72 (cycles)
5330939092,EXECUTE,0,CYCLES,BACKEND,SUB-EVENT,_Unsqueeze:OpId_74 (cycles)
5330939092,EXECUTE,0,CYCLES,BACKEND,SUB-EVENT,_Unsqueeze_1:OpId_75 (cycles)
5330939092,EXECUTE,763,CYCLES,BACKEND,SUB-EVENT,_Concat:OpId_76 (cycles)
5330939092,EXECUTE,560,CYCLES,BACKEND,SUB-EVENT,_Reshape_3:OpId_78 (cycles)
5330939092,EXECUTE,23979,CYCLES,BACKEND,SUB-EVENT,_Slice_3:OpId_80 (cycles)
5330939092,EXECUTE,5149,CYCLES,BACKEND,SUB-EVENT,_Slice_4:OpId_86 (cycles)
5330939092,EXECUTE,6732,CYCLES,BACKEND,SUB-EVENT,_Mul_6:OpId_91 (cycles)
5330939092,EXECUTE,3717,CYCLES,BACKEND,SUB-EVENT,_Mul_7:OpId_93 (cycles)
5330939092,EXECUTE,856,CYCLES,BACKEND,SUB-EVENT,_Sub_1:OpId_95 (cycles)
5330939092,EXECUTE,6642,CYCLES,BACKEND,SUB-EVENT,_Mul_8:OpId_97 (cycles)
5330939092,EXECUTE,3308,CYCLES,BACKEND,SUB-EVENT,_Mul_9:OpId_99 (cycles)
5330939092,EXECUTE,1219,CYCLES,BACKEND,SUB-EVENT,_Add_5:OpId_101 (cycles)
5330939092,EXECUTE,0,CYCLES,BACKEND,SUB-EVENT,_Unsqueeze_2:OpId_103 (cycles)
5330939092,EXECUTE,0,CYCLES,BACKEND,SUB-EVENT,_Unsqueeze_3:OpId_104 (cycles)
5330939092,EXECUTE,2570,CYCLES,BACKEND,SUB-EVENT,_Concat_2:OpId_105 (cycles)
5330939092,EXECUTE,0,CYCLES,BACKEND,SUB-EVENT,_Reshape_4:OpId_107 (cycles)
5330939092,EXECUTE,1486,CYCLES,BACKEND,SUB-EVENT,current_key_nhwc:OpId_109 (cycles)
5330939092,EXECUTE,3415,CYCLES,BACKEND,SUB-EVENT,_Concat_4:OpId_110 (cycles)
5330939092,EXECUTE,348113,CYCLES,BACKEND,SUB-EVENT,_Concat_4_output_0_nchw:OpId_113 (cycles)
5330939092,EXECUTE,2267,CYCLES,BACKEND,SUB-EVENT,_Concat_5:OpId_114 (cycles)
5330939092,EXECUTE,0,CYCLES,BACKEND,SUB-EVENT,_Unsqueeze_4:OpId_116 (cycles)
5330939092,EXECUTE,32963,CYCLES,BACKEND,SUB-EVENT,_MatMul_3:OpId_117 (cycles)
5330939092,EXECUTE,6798,CYCLES,BACKEND,SUB-EVENT,_Div_1:OpId_122 (cycles)
5330939092,EXECUTE,0,CYCLES,BACKEND,SUB-EVENT,_Add_6:OpId_125 (cycles)
5330939092,EXECUTE,20721,CYCLES,BACKEND,SUB-EVENT,_Softmax:OpId_127 (cycles)
5330939092,EXECUTE,0,CYCLES,BACKEND,SUB-EVENT,_Unsqueeze_5:OpId_130 (cycles)
5330939092,EXECUTE,34480,CYCLES,BACKEND,SUB-EVENT,_MatMul_4:OpId_131 (cycles)
5330939092,EXECUTE,0,CYCLES,BACKEND,SUB-EVENT,_Reshape_6:OpId_135 (cycles)
5330939092,EXECUTE,0,CYCLES,BACKEND,SUB-EVENT,_Transpose_4:OpId_137 (cycles)
5330939092,EXECUTE,60012,CYCLES,BACKEND,SUB-EVENT,_MatMul_5:OpId_139 (cycles)
5330939092,EXECUTE,0,CYCLES,BACKEND,SUB-EVENT,_MatMul_5_post_reshape:OpId_142 (cycles)
5330939092,EXECUTE,0,CYCLES,BACKEND,SUB-EVENT,_MatMul_5_output_0_nfc:OpId_144 (cycles)
5330939092,EXECUTE,107445,CYCLES,BACKEND,SUB-EVENT,_Add_7:OpId_146 (cycles)
5330939092,EXECUTE,248,CYCLES,BACKEND,SUB-EVENT,_Add_7_output_0_ncf:OpId_149 (cycles)
5330939092,EXECUTE,2373,CYCLES,BACKEND,SUB-EVENT,rms_norm__Mul_11_output_0:OpId_154 (cycles)
5330939092,EXECUTE,0,CYCLES,BACKEND,SUB-EVENT,_MatMul_6:OpId_158 (cycles)
5330939092,EXECUTE,0,CYCLES,BACKEND,SUB-EVENT,_MatMul_6_post_reshape:OpId_161 (cycles)
5330939092,EXECUTE,446398,CYCLES,BACKEND,SUB-EVENT,_MatMul_7:OpId_163 (cycles)
5330939092,EXECUTE,0,CYCLES,BACKEND,SUB-EVENT,_MatMul_7_post_reshape:OpId_166 (cycles)
5330939092,EXECUTE,0,CYCLES,BACKEND,SUB-EVENT,_Sigmoid:OpId_167 (cycles)
5330939092,EXECUTE,327752,CYCLES,BACKEND,SUB-EVENT,_Mul_12:OpId_174 (cycles)
5330939092,EXECUTE,26188,CYCLES,BACKEND,SUB-EVENT,_Mul_13:OpId_176 (cycles)
5330939092,EXECUTE,409738,CYCLES,BACKEND,SUB-EVENT,_MatMul_8:OpId_179 (cycles)
5330939092,EXECUTE,0,CYCLES,BACKEND,SUB-EVENT,_MatMul_8_post_reshape:OpId_182 (cycles)
5330939092,EXECUTE,0,CYCLES,BACKEND,SUB-EVENT,_MatMul_8_output_0_nfc:OpId_184 (cycles)
5330939092,EXECUTE,15028,CYCLES,BACKEND,SUB-EVENT,_Add_9:OpId_186 (cycles)
5330939092,EXECUTE,3441,CYCLES,BACKEND,SUB-EVENT,Output OpId_3 (cycles)
5330939092,EXECUTE,4964,US,BACKEND,ROOT,Accelerator (execute) time
5330939092,EXECUTE,4828,US,BACKEND,ROOT,Accelerator (execute excluding wait) time
5330939092,EXECUTE,11230,US,BACKEND,ROOT,QNN (execute) time
5330952725,EXECUTE,12304,US,NETRUN,ROOT,Graph 0: qwen2_0_5b_layer0_decode_past128_grouped_gqa_delta_kv
5330952725,EXECUTE,4,COUNT,BACKEND,ROOT,Number of HVX threads used
5330952725,EXECUTE,11872,US,BACKEND,ROOT,RPC (execute) time
5330952725,EXECUTE,9739,US,BACKEND,ROOT,QNN accelerator (execute) time
5330952725,EXECUTE,0,COUNT,BACKEND,ROOT,Num times yield occured
5330952725,EXECUTE,598,US,BACKEND,ROOT,Time for initial VTCM acquire
5330952725,EXECUTE,255,US,BACKEND,ROOT,Time for HVX + HMX power on and acquire
5330952725,EXECUTE,2441211,CYCLES,BACKEND,ROOT,Accelerator (execute) time (cycles)
5330952725,EXECUTE,124383,CYCLES,BACKEND,SUB-EVENT,Input OpId_2 (cycles)
5330952725,EXECUTE,41300,CYCLES,BACKEND,SUB-EVENT,hidden_states_ncf:OpId_17 (cycles)
5330952725,EXECUTE,34657,CYCLES,BACKEND,SUB-EVENT,past_value_nchw:OpId_20 (cycles)
5330952725,EXECUTE,14434,CYCLES,BACKEND,SUB-EVENT,rms_norm__Mul_1_output_0:OpId_24 (cycles)
5330952725,EXECUTE,55603,CYCLES,BACKEND,SUB-EVENT,_MatMul:OpId_29 (cycles)
5330952725,EXECUTE,0,CYCLES,BACKEND,SUB-EVENT,_MatMul_post_reshape:OpId_31 (cycles)
5330952725,EXECUTE,10951,CYCLES,BACKEND,SUB-EVENT,_MatMul_1:OpId_34 (cycles)
5330952725,EXECUTE,22649,CYCLES,BACKEND,SUB-EVENT,_MatMul_1_post_reshape:OpId_36 (cycles)
5330952725,EXECUTE,7199,CYCLES,BACKEND,SUB-EVENT,_MatMul_2:OpId_39 (cycles)
5330952725,EXECUTE,20922,CYCLES,BACKEND,SUB-EVENT,_MatMul_2_post_reshape:OpId_41 (cycles)
5330952725,EXECUTE,511,CYCLES,BACKEND,SUB-EVENT,_Transpose:OpId_43 (cycles)
5330952725,EXECUTE,4506,CYCLES,BACKEND,SUB-EVENT,_Transpose_1:OpId_45 (cycles)
5330952725,EXECUTE,4249,CYCLES,BACKEND,SUB-EVENT,_Transpose_2:OpId_47 (cycles)
5330952725,EXECUTE,53214,CYCLES,BACKEND,SUB-EVENT,_Slice:OpId_49 (cycles)
5330952725,EXECUTE,16792,CYCLES,BACKEND,SUB-EVENT,_Slice_1:OpId_55 (cycles)
5330952725,EXECUTE,3832,CYCLES,BACKEND,SUB-EVENT,_Mul_2:OpId_61 (cycles)
5330952725,EXECUTE,1192,CYCLES,BACKEND,SUB-EVENT,_Mul_3:OpId_64 (cycles)
5330952725,EXECUTE,258,CYCLES,BACKEND,SUB-EVENT,_Sub:OpId_66 (cycles)
5330952725,EXECUTE,4382,CYCLES,BACKEND,SUB-EVENT,_Mul_4:OpId_68 (cycles)
5330952725,EXECUTE,3237,CYCLES,BACKEND,SUB-EVENT,_Mul_5:OpId_70 (cycles)
5330952725,EXECUTE,15546,CYCLES,BACKEND,SUB-EVENT,_Add_4:OpId_72 (cycles)
5330952725,EXECUTE,0,CYCLES,BACKEND,SUB-EVENT,_Unsqueeze:OpId_74 (cycles)
5330952725,EXECUTE,0,CYCLES,BACKEND,SUB-EVENT,_Unsqueeze_1:OpId_75 (cycles)
5330952725,EXECUTE,790,CYCLES,BACKEND,SUB-EVENT,_Concat:OpId_76 (cycles)
5330952725,EXECUTE,532,CYCLES,BACKEND,SUB-EVENT,_Reshape_3:OpId_78 (cycles)
5330952725,EXECUTE,112354,CYCLES,BACKEND,SUB-EVENT,_Slice_3:OpId_80 (cycles)
5330952725,EXECUTE,15318,CYCLES,BACKEND,SUB-EVENT,_Slice_4:OpId_86 (cycles)
5330952725,EXECUTE,41441,CYCLES,BACKEND,SUB-EVENT,_Mul_6:OpId_91 (cycles)
5330952725,EXECUTE,35964,CYCLES,BACKEND,SUB-EVENT,_Mul_7:OpId_93 (cycles)
5330952725,EXECUTE,5131,CYCLES,BACKEND,SUB-EVENT,_Sub_1:OpId_95 (cycles)
5330952725,EXECUTE,39614,CYCLES,BACKEND,SUB-EVENT,_Mul_8:OpId_97 (cycles)
5330952725,EXECUTE,34914,CYCLES,BACKEND,SUB-EVENT,_Mul_9:OpId_99 (cycles)
5330952725,EXECUTE,8759,CYCLES,BACKEND,SUB-EVENT,_Add_5:OpId_101 (cycles)
5330952725,EXECUTE,0,CYCLES,BACKEND,SUB-EVENT,_Unsqueeze_2:OpId_103 (cycles)
5330952725,EXECUTE,0,CYCLES,BACKEND,SUB-EVENT,_Unsqueeze_3:OpId_104 (cycles)
5330952725,EXECUTE,14882,CYCLES,BACKEND,SUB-EVENT,_Concat_2:OpId_105 (cycles)
5330952725,EXECUTE,0,CYCLES,BACKEND,SUB-EVENT,_Reshape_4:OpId_107 (cycles)
5330952725,EXECUTE,6531,CYCLES,BACKEND,SUB-EVENT,current_key_nhwc:OpId_109 (cycles)
5330952725,EXECUTE,4469,CYCLES,BACKEND,SUB-EVENT,_Concat_4:OpId_110 (cycles)
5330952725,EXECUTE,353817,CYCLES,BACKEND,SUB-EVENT,_Concat_4_output_0_nchw:OpId_113 (cycles)
5330952725,EXECUTE,19771,CYCLES,BACKEND,SUB-EVENT,_Concat_5:OpId_114 (cycles)
5330952725,EXECUTE,0,CYCLES,BACKEND,SUB-EVENT,_Unsqueeze_4:OpId_116 (cycles)
5330952725,EXECUTE,35613,CYCLES,BACKEND,SUB-EVENT,_MatMul_3:OpId_117 (cycles)
5330952725,EXECUTE,15276,CYCLES,BACKEND,SUB-EVENT,_Div_1:OpId_122 (cycles)
5330952725,EXECUTE,0,CYCLES,BACKEND,SUB-EVENT,_Add_6:OpId_125 (cycles)
5330952725,EXECUTE,20839,CYCLES,BACKEND,SUB-EVENT,_Softmax:OpId_127 (cycles)
5330952725,EXECUTE,0,CYCLES,BACKEND,SUB-EVENT,_Unsqueeze_5:OpId_130 (cycles)
5330952725,EXECUTE,74657,CYCLES,BACKEND,SUB-EVENT,_MatMul_4:OpId_131 (cycles)
5330952725,EXECUTE,0,CYCLES,BACKEND,SUB-EVENT,_Reshape_6:OpId_135 (cycles)
5330952725,EXECUTE,0,CYCLES,BACKEND,SUB-EVENT,_Transpose_4:OpId_137 (cycles)
5330952725,EXECUTE,22979,CYCLES,BACKEND,SUB-EVENT,_MatMul_5:OpId_139 (cycles)
5330952725,EXECUTE,0,CYCLES,BACKEND,SUB-EVENT,_MatMul_5_post_reshape:OpId_142 (cycles)
5330952725,EXECUTE,0,CYCLES,BACKEND,SUB-EVENT,_MatMul_5_output_0_nfc:OpId_144 (cycles)
5330952725,EXECUTE,127204,CYCLES,BACKEND,SUB-EVENT,_Add_7:OpId_146 (cycles)
5330952725,EXECUTE,291,CYCLES,BACKEND,SUB-EVENT,_Add_7_output_0_ncf:OpId_149 (cycles)
5330952725,EXECUTE,9327,CYCLES,BACKEND,SUB-EVENT,rms_norm__Mul_11_output_0:OpId_154 (cycles)
5330952725,EXECUTE,0,CYCLES,BACKEND,SUB-EVENT,_MatMul_6:OpId_158 (cycles)
5330952725,EXECUTE,0,CYCLES,BACKEND,SUB-EVENT,_MatMul_6_post_reshape:OpId_161 (cycles)
5330952725,EXECUTE,292998,CYCLES,BACKEND,SUB-EVENT,_MatMul_7:OpId_163 (cycles)
5330952725,EXECUTE,0,CYCLES,BACKEND,SUB-EVENT,_MatMul_7_post_reshape:OpId_166 (cycles)
5330952725,EXECUTE,0,CYCLES,BACKEND,SUB-EVENT,_Sigmoid:OpId_167 (cycles)
5330952725,EXECUTE,254840,CYCLES,BACKEND,SUB-EVENT,_Mul_12:OpId_174 (cycles)
5330952725,EXECUTE,25687,CYCLES,BACKEND,SUB-EVENT,_Mul_13:OpId_176 (cycles)
5330952725,EXECUTE,405042,CYCLES,BACKEND,SUB-EVENT,_MatMul_8:OpId_179 (cycles)
5330952725,EXECUTE,0,CYCLES,BACKEND,SUB-EVENT,_MatMul_8_post_reshape:OpId_182 (cycles)
5330952725,EXECUTE,0,CYCLES,BACKEND,SUB-EVENT,_MatMul_8_output_0_nfc:OpId_184 (cycles)
5330952725,EXECUTE,14591,CYCLES,BACKEND,SUB-EVENT,_Add_9:OpId_186 (cycles)
5330952725,EXECUTE,7763,CYCLES,BACKEND,SUB-EVENT,Output OpId_3 (cycles)
5330952725,EXECUTE,4673,US,BACKEND,ROOT,Accelerator (execute) time
5330952725,EXECUTE,4541,US,BACKEND,ROOT,Accelerator (execute excluding wait) time
5330952725,EXECUTE,12284,US,BACKEND,ROOT,QNN (execute) time
5330966029,EXECUTE,12225,US,NETRUN,ROOT,Graph 0: qwen2_0_5b_layer0_decode_past128_grouped_gqa_delta_kv
5330966029,EXECUTE,4,COUNT,BACKEND,ROOT,Number of HVX threads used
5330966029,EXECUTE,11799,US,BACKEND,ROOT,RPC (execute) time
5330966029,EXECUTE,9751,US,BACKEND,ROOT,QNN accelerator (execute) time
5330966029,EXECUTE,0,COUNT,BACKEND,ROOT,Num times yield occured
5330966029,EXECUTE,602,US,BACKEND,ROOT,Time for initial VTCM acquire
5330966029,EXECUTE,286,US,BACKEND,ROOT,Time for HVX + HMX power on and acquire
5330966029,EXECUTE,2457356,CYCLES,BACKEND,ROOT,Accelerator (execute) time (cycles)
5330966029,EXECUTE,128780,CYCLES,BACKEND,SUB-EVENT,Input OpId_2 (cycles)
5330966029,EXECUTE,39030,CYCLES,BACKEND,SUB-EVENT,hidden_states_ncf:OpId_17 (cycles)
5330966029,EXECUTE,36719,CYCLES,BACKEND,SUB-EVENT,past_value_nchw:OpId_20 (cycles)
5330966029,EXECUTE,15377,CYCLES,BACKEND,SUB-EVENT,rms_norm__Mul_1_output_0:OpId_24 (cycles)
5330966029,EXECUTE,57425,CYCLES,BACKEND,SUB-EVENT,_MatMul:OpId_29 (cycles)
5330966029,EXECUTE,0,CYCLES,BACKEND,SUB-EVENT,_MatMul_post_reshape:OpId_31 (cycles)
5330966029,EXECUTE,10287,CYCLES,BACKEND,SUB-EVENT,_MatMul_1:OpId_34 (cycles)
5330966029,EXECUTE,22406,CYCLES,BACKEND,SUB-EVENT,_MatMul_1_post_reshape:OpId_36 (cycles)
5330966029,EXECUTE,4366,CYCLES,BACKEND,SUB-EVENT,_MatMul_2:OpId_39 (cycles)
5330966029,EXECUTE,36460,CYCLES,BACKEND,SUB-EVENT,_MatMul_2_post_reshape:OpId_41 (cycles)
5330966029,EXECUTE,466,CYCLES,BACKEND,SUB-EVENT,_Transpose:OpId_43 (cycles)
5330966029,EXECUTE,4675,CYCLES,BACKEND,SUB-EVENT,_Transpose_1:OpId_45 (cycles)
5330966029,EXECUTE,4430,CYCLES,BACKEND,SUB-EVENT,_Transpose_2:OpId_47 (cycles)
5330966029,EXECUTE,54770,CYCLES,BACKEND,SUB-EVENT,_Slice:OpId_49 (cycles)
5330966029,EXECUTE,17602,CYCLES,BACKEND,SUB-EVENT,_Slice_1:OpId_55 (cycles)
5330966029,EXECUTE,4038,CYCLES,BACKEND,SUB-EVENT,_Mul_2:OpId_61 (cycles)
5330966029,EXECUTE,1133,CYCLES,BACKEND,SUB-EVENT,_Mul_3:OpId_64 (cycles)
5330966029,EXECUTE,252,CYCLES,BACKEND,SUB-EVENT,_Sub:OpId_66 (cycles)
5330966029,EXECUTE,4238,CYCLES,BACKEND,SUB-EVENT,_Mul_4:OpId_68 (cycles)
5330966029,EXECUTE,1401,CYCLES,BACKEND,SUB-EVENT,_Mul_5:OpId_70 (cycles)
5330966029,EXECUTE,7660,CYCLES,BACKEND,SUB-EVENT,_Add_4:OpId_72 (cycles)
5330966029,EXECUTE,0,CYCLES,BACKEND,SUB-EVENT,_Unsqueeze:OpId_74 (cycles)
5330966029,EXECUTE,0,CYCLES,BACKEND,SUB-EVENT,_Unsqueeze_1:OpId_75 (cycles)
5330966029,EXECUTE,771,CYCLES,BACKEND,SUB-EVENT,_Concat:OpId_76 (cycles)
5330966029,EXECUTE,586,CYCLES,BACKEND,SUB-EVENT,_Reshape_3:OpId_78 (cycles)
5330966029,EXECUTE,100705,CYCLES,BACKEND,SUB-EVENT,_Slice_3:OpId_80 (cycles)
5330966029,EXECUTE,22361,CYCLES,BACKEND,SUB-EVENT,_Slice_4:OpId_86 (cycles)
5330966029,EXECUTE,40635,CYCLES,BACKEND,SUB-EVENT,_Mul_6:OpId_91 (cycles)
5330966029,EXECUTE,33825,CYCLES,BACKEND,SUB-EVENT,_Mul_7:OpId_93 (cycles)
5330966029,EXECUTE,7044,CYCLES,BACKEND,SUB-EVENT,_Sub_1:OpId_95 (cycles)
5330966029,EXECUTE,40590,CYCLES,BACKEND,SUB-EVENT,_Mul_8:OpId_97 (cycles)
5330966029,EXECUTE,30452,CYCLES,BACKEND,SUB-EVENT,_Mul_9:OpId_99 (cycles)
5330966029,EXECUTE,10332,CYCLES,BACKEND,SUB-EVENT,_Add_5:OpId_101 (cycles)
5330966029,EXECUTE,0,CYCLES,BACKEND,SUB-EVENT,_Unsqueeze_2:OpId_103 (cycles)
5330966029,EXECUTE,0,CYCLES,BACKEND,SUB-EVENT,_Unsqueeze_3:OpId_104 (cycles)
5330966029,EXECUTE,11028,CYCLES,BACKEND,SUB-EVENT,_Concat_2:OpId_105 (cycles)
5330966029,EXECUTE,0,CYCLES,BACKEND,SUB-EVENT,_Reshape_4:OpId_107 (cycles)
5330966029,EXECUTE,6255,CYCLES,BACKEND,SUB-EVENT,current_key_nhwc:OpId_109 (cycles)
5330966029,EXECUTE,4132,CYCLES,BACKEND,SUB-EVENT,_Concat_4:OpId_110 (cycles)
5330966029,EXECUTE,378312,CYCLES,BACKEND,SUB-EVENT,_Concat_4_output_0_nchw:OpId_113 (cycles)
5330966029,EXECUTE,7230,CYCLES,BACKEND,SUB-EVENT,_Concat_5:OpId_114 (cycles)
5330966029,EXECUTE,0,CYCLES,BACKEND,SUB-EVENT,_Unsqueeze_4:OpId_116 (cycles)
5330966029,EXECUTE,35402,CYCLES,BACKEND,SUB-EVENT,_MatMul_3:OpId_117 (cycles)
5330966029,EXECUTE,15046,CYCLES,BACKEND,SUB-EVENT,_Div_1:OpId_122 (cycles)
5330966029,EXECUTE,0,CYCLES,BACKEND,SUB-EVENT,_Add_6:OpId_125 (cycles)
5330966029,EXECUTE,19608,CYCLES,BACKEND,SUB-EVENT,_Softmax:OpId_127 (cycles)
5330966029,EXECUTE,0,CYCLES,BACKEND,SUB-EVENT,_Unsqueeze_5:OpId_130 (cycles)
5330966029,EXECUTE,95643,CYCLES,BACKEND,SUB-EVENT,_MatMul_4:OpId_131 (cycles)
5330966029,EXECUTE,0,CYCLES,BACKEND,SUB-EVENT,_Reshape_6:OpId_135 (cycles)
5330966029,EXECUTE,0,CYCLES,BACKEND,SUB-EVENT,_Transpose_4:OpId_137 (cycles)
5330966029,EXECUTE,28506,CYCLES,BACKEND,SUB-EVENT,_MatMul_5:OpId_139 (cycles)
5330966029,EXECUTE,0,CYCLES,BACKEND,SUB-EVENT,_MatMul_5_post_reshape:OpId_142 (cycles)
5330966029,EXECUTE,0,CYCLES,BACKEND,SUB-EVENT,_MatMul_5_output_0_nfc:OpId_144 (cycles)
5330966029,EXECUTE,108147,CYCLES,BACKEND,SUB-EVENT,_Add_7:OpId_146 (cycles)
5330966029,EXECUTE,230,CYCLES,BACKEND,SUB-EVENT,_Add_7_output_0_ncf:OpId_149 (cycles)
5330966029,EXECUTE,4756,CYCLES,BACKEND,SUB-EVENT,rms_norm__Mul_11_output_0:OpId_154 (cycles)
5330966029,EXECUTE,0,CYCLES,BACKEND,SUB-EVENT,_MatMul_6:OpId_158 (cycles)
5330966029,EXECUTE,0,CYCLES,BACKEND,SUB-EVENT,_MatMul_6_post_reshape:OpId_161 (cycles)
5330966029,EXECUTE,302718,CYCLES,BACKEND,SUB-EVENT,_MatMul_7:OpId_163 (cycles)
5330966029,EXECUTE,0,CYCLES,BACKEND,SUB-EVENT,_MatMul_7_post_reshape:OpId_166 (cycles)
5330966029,EXECUTE,0,CYCLES,BACKEND,SUB-EVENT,_Sigmoid:OpId_167 (cycles)
5330966029,EXECUTE,246688,CYCLES,BACKEND,SUB-EVENT,_Mul_12:OpId_174 (cycles)
5330966029,EXECUTE,28227,CYCLES,BACKEND,SUB-EVENT,_Mul_13:OpId_176 (cycles)
5330966029,EXECUTE,402501,CYCLES,BACKEND,SUB-EVENT,_MatMul_8:OpId_179 (cycles)
5330966029,EXECUTE,0,CYCLES,BACKEND,SUB-EVENT,_MatMul_8_post_reshape:OpId_182 (cycles)
5330966029,EXECUTE,0,CYCLES,BACKEND,SUB-EVENT,_MatMul_8_output_0_nfc:OpId_184 (cycles)
5330966029,EXECUTE,14948,CYCLES,BACKEND,SUB-EVENT,_Add_9:OpId_186 (cycles)
5330966029,EXECUTE,9163,CYCLES,BACKEND,SUB-EVENT,Output OpId_3 (cycles)
5330966029,EXECUTE,4742,US,BACKEND,ROOT,Accelerator (execute) time
5330966029,EXECUTE,4607,US,BACKEND,ROOT,Accelerator (execute excluding wait) time
5330966029,EXECUTE,12204,US,BACKEND,ROOT,QNN (execute) time
5330979146,EXECUTE,12052,US,NETRUN,ROOT,Graph 0: qwen2_0_5b_layer0_decode_past128_grouped_gqa_delta_kv
5330979146,EXECUTE,4,COUNT,BACKEND,ROOT,Number of HVX threads used
5330979146,EXECUTE,11688,US,BACKEND,ROOT,RPC (execute) time
5330979146,EXECUTE,9574,US,BACKEND,ROOT,QNN accelerator (execute) time
5330979146,EXECUTE,0,COUNT,BACKEND,ROOT,Num times yield occured
5330979146,EXECUTE,1033,US,BACKEND,ROOT,Time for initial VTCM acquire
5330979146,EXECUTE,283,US,BACKEND,ROOT,Time for HVX + HMX power on and acquire
5330979146,EXECUTE,2219974,CYCLES,BACKEND,ROOT,Accelerator (execute) time (cycles)
5330979146,EXECUTE,121302,CYCLES,BACKEND,SUB-EVENT,Input OpId_2 (cycles)
5330979146,EXECUTE,39811,CYCLES,BACKEND,SUB-EVENT,hidden_states_ncf:OpId_17 (cycles)
5330979146,EXECUTE,23890,CYCLES,BACKEND,SUB-EVENT,past_value_nchw:OpId_20 (cycles)
5330979146,EXECUTE,19314,CYCLES,BACKEND,SUB-EVENT,rms_norm__Mul_1_output_0:OpId_24 (cycles)
5330979146,EXECUTE,50982,CYCLES,BACKEND,SUB-EVENT,_MatMul:OpId_29 (cycles)
5330979146,EXECUTE,0,CYCLES,BACKEND,SUB-EVENT,_MatMul_post_reshape:OpId_31 (cycles)
5330979146,EXECUTE,7419,CYCLES,BACKEND,SUB-EVENT,_MatMul_1:OpId_34 (cycles)
5330979146,EXECUTE,18576,CYCLES,BACKEND,SUB-EVENT,_MatMul_1_post_reshape:OpId_36 (cycles)
5330979146,EXECUTE,4443,CYCLES,BACKEND,SUB-EVENT,_MatMul_2:OpId_39 (cycles)
5330979146,EXECUTE,16791,CYCLES,BACKEND,SUB-EVENT,_MatMul_2_post_reshape:OpId_41 (cycles)
5330979146,EXECUTE,467,CYCLES,BACKEND,SUB-EVENT,_Transpose:OpId_43 (cycles)
5330979146,EXECUTE,3304,CYCLES,BACKEND,SUB-EVENT,_Transpose_1:OpId_45 (cycles)
5330979146,EXECUTE,3106,CYCLES,BACKEND,SUB-EVENT,_Transpose_2:OpId_47 (cycles)
5330979146,EXECUTE,43455,CYCLES,BACKEND,SUB-EVENT,_Slice:OpId_49 (cycles)
5330979146,EXECUTE,12257,CYCLES,BACKEND,SUB-EVENT,_Slice_1:OpId_55 (cycles)
5330979146,EXECUTE,2694,CYCLES,BACKEND,SUB-EVENT,_Mul_2:OpId_61 (cycles)
5330979146,EXECUTE,1333,CYCLES,BACKEND,SUB-EVENT,_Mul_3:OpId_64 (cycles)
5330979146,EXECUTE,232,CYCLES,BACKEND,SUB-EVENT,_Sub:OpId_66 (cycles)
5330979146,EXECUTE,2939,CYCLES,BACKEND,SUB-EVENT,_Mul_4:OpId_68 (cycles)
5330979146,EXECUTE,1433,CYCLES,BACKEND,SUB-EVENT,_Mul_5:OpId_70 (cycles)
5330979146,EXECUTE,10767,CYCLES,BACKEND,SUB-EVENT,_Add_4:OpId_72 (cycles)
5330979146,EXECUTE,0,CYCLES,BACKEND,SUB-EVENT,_Unsqueeze:OpId_74 (cycles)
5330979146,EXECUTE,0,CYCLES,BACKEND,SUB-EVENT,_Unsqueeze_1:OpId_75 (cycles)
5330979146,EXECUTE,744,CYCLES,BACKEND,SUB-EVENT,_Concat:OpId_76 (cycles)
5330979146,EXECUTE,598,CYCLES,BACKEND,SUB-EVENT,_Reshape_3:OpId_78 (cycles)
5330979146,EXECUTE,64072,CYCLES,BACKEND,SUB-EVENT,_Slice_3:OpId_80 (cycles)
5330979146,EXECUTE,13794,CYCLES,BACKEND,SUB-EVENT,_Slice_4:OpId_86 (cycles)
5330979146,EXECUTE,29649,CYCLES,BACKEND,SUB-EVENT,_Mul_6:OpId_91 (cycles)
5330979146,EXECUTE,24191,CYCLES,BACKEND,SUB-EVENT,_Mul_7:OpId_93 (cycles)
5330979146,EXECUTE,4741,CYCLES,BACKEND,SUB-EVENT,_Sub_1:OpId_95 (cycles)
5330979146,EXECUTE,29180,CYCLES,BACKEND,SUB-EVENT,_Mul_8:OpId_97 (cycles)
5330979146,EXECUTE,23652,CYCLES,BACKEND,SUB-EVENT,_Mul_9:OpId_99 (cycles)
5330979146,EXECUTE,3520,CYCLES,BACKEND,SUB-EVENT,_Add_5:OpId_101 (cycles)
5330979146,EXECUTE,0,CYCLES,BACKEND,SUB-EVENT,_Unsqueeze_2:OpId_103 (cycles)
5330979146,EXECUTE,0,CYCLES,BACKEND,SUB-EVENT,_Unsqueeze_3:OpId_104 (cycles)
5330979146,EXECUTE,5442,CYCLES,BACKEND,SUB-EVENT,_Concat_2:OpId_105 (cycles)
5330979146,EXECUTE,0,CYCLES,BACKEND,SUB-EVENT,_Reshape_4:OpId_107 (cycles)
5330979146,EXECUTE,3782,CYCLES,BACKEND,SUB-EVENT,current_key_nhwc:OpId_109 (cycles)
5330979146,EXECUTE,4987,CYCLES,BACKEND,SUB-EVENT,_Concat_4:OpId_110 (cycles)
5330979146,EXECUTE,357664,CYCLES,BACKEND,SUB-EVENT,_Concat_4_output_0_nchw:OpId_113 (cycles)
5330979146,EXECUTE,2882,CYCLES,BACKEND,SUB-EVENT,_Concat_5:OpId_114 (cycles)
5330979146,EXECUTE,0,CYCLES,BACKEND,SUB-EVENT,_Unsqueeze_4:OpId_116 (cycles)
5330979146,EXECUTE,35462,CYCLES,BACKEND,SUB-EVENT,_MatMul_3:OpId_117 (cycles)
5330979146,EXECUTE,15528,CYCLES,BACKEND,SUB-EVENT,_Div_1:OpId_122 (cycles)
5330979146,EXECUTE,0,CYCLES,BACKEND,SUB-EVENT,_Add_6:OpId_125 (cycles)
5330979146,EXECUTE,21598,CYCLES,BACKEND,SUB-EVENT,_Softmax:OpId_127 (cycles)
5330979146,EXECUTE,0,CYCLES,BACKEND,SUB-EVENT,_Unsqueeze_5:OpId_130 (cycles)
5330979146,EXECUTE,56682,CYCLES,BACKEND,SUB-EVENT,_MatMul_4:OpId_131 (cycles)
5330979146,EXECUTE,0,CYCLES,BACKEND,SUB-EVENT,_Reshape_6:OpId_135 (cycles)
5330979146,EXECUTE,0,CYCLES,BACKEND,SUB-EVENT,_Transpose_4:OpId_137 (cycles)
5330979146,EXECUTE,27504,CYCLES,BACKEND,SUB-EVENT,_MatMul_5:OpId_139 (cycles)
5330979146,EXECUTE,0,CYCLES,BACKEND,SUB-EVENT,_MatMul_5_post_reshape:OpId_142 (cycles)
5330979146,EXECUTE,0,CYCLES,BACKEND,SUB-EVENT,_MatMul_5_output_0_nfc:OpId_144 (cycles)
5330979146,EXECUTE,103829,CYCLES,BACKEND,SUB-EVENT,_Add_7:OpId_146 (cycles)
5330979146,EXECUTE,226,CYCLES,BACKEND,SUB-EVENT,_Add_7_output_0_ncf:OpId_149 (cycles)
5330979146,EXECUTE,4783,CYCLES,BACKEND,SUB-EVENT,rms_norm__Mul_11_output_0:OpId_154 (cycles)
5330979146,EXECUTE,0,CYCLES,BACKEND,SUB-EVENT,_MatMul_6:OpId_158 (cycles)
5330979146,EXECUTE,0,CYCLES,BACKEND,SUB-EVENT,_MatMul_6_post_reshape:OpId_161 (cycles)
5330979146,EXECUTE,300180,CYCLES,BACKEND,SUB-EVENT,_MatMul_7:OpId_163 (cycles)
5330979146,EXECUTE,0,CYCLES,BACKEND,SUB-EVENT,_MatMul_7_post_reshape:OpId_166 (cycles)
5330979146,EXECUTE,0,CYCLES,BACKEND,SUB-EVENT,_Sigmoid:OpId_167 (cycles)
5330979146,EXECUTE,249043,CYCLES,BACKEND,SUB-EVENT,_Mul_12:OpId_174 (cycles)
5330979146,EXECUTE,25019,CYCLES,BACKEND,SUB-EVENT,_Mul_13:OpId_176 (cycles)
5330979146,EXECUTE,406256,CYCLES,BACKEND,SUB-EVENT,_MatMul_8:OpId_179 (cycles)
5330979146,EXECUTE,0,CYCLES,BACKEND,SUB-EVENT,_MatMul_8_post_reshape:OpId_182 (cycles)
5330979146,EXECUTE,0,CYCLES,BACKEND,SUB-EVENT,_MatMul_8_output_0_nfc:OpId_184 (cycles)
5330979146,EXECUTE,14951,CYCLES,BACKEND,SUB-EVENT,_Add_9:OpId_186 (cycles)
5330979146,EXECUTE,5500,CYCLES,BACKEND,SUB-EVENT,Output OpId_3 (cycles)
5330979146,EXECUTE,4571,US,BACKEND,ROOT,Accelerator (execute) time
5330979146,EXECUTE,4403,US,BACKEND,ROOT,Accelerator (execute excluding wait) time
5330979146,EXECUTE,12028,US,BACKEND,ROOT,QNN (execute) time
5330992466,EXECUTE,12043,US,NETRUN,ROOT,Graph 0: qwen2_0_5b_layer0_decode_past128_grouped_gqa_delta_kv
5330992466,EXECUTE,4,COUNT,BACKEND,ROOT,Number of HVX threads used
5330992466,EXECUTE,11684,US,BACKEND,ROOT,RPC (execute) time
5330992466,EXECUTE,9686,US,BACKEND,ROOT,QNN accelerator (execute) time
5330992466,EXECUTE,0,COUNT,BACKEND,ROOT,Num times yield occured
5330992466,EXECUTE,603,US,BACKEND,ROOT,Time for initial VTCM acquire
5330992466,EXECUTE,360,US,BACKEND,ROOT,Time for HVX + HMX power on and acquire
5330992466,EXECUTE,2335477,CYCLES,BACKEND,ROOT,Accelerator (execute) time (cycles)
5330992466,EXECUTE,118108,CYCLES,BACKEND,SUB-EVENT,Input OpId_2 (cycles)
5330992466,EXECUTE,40836,CYCLES,BACKEND,SUB-EVENT,hidden_states_ncf:OpId_17 (cycles)
5330992466,EXECUTE,29401,CYCLES,BACKEND,SUB-EVENT,past_value_nchw:OpId_20 (cycles)
5330992466,EXECUTE,15021,CYCLES,BACKEND,SUB-EVENT,rms_norm__Mul_1_output_0:OpId_24 (cycles)
5330992466,EXECUTE,65734,CYCLES,BACKEND,SUB-EVENT,_MatMul:OpId_29 (cycles)
5330992466,EXECUTE,0,CYCLES,BACKEND,SUB-EVENT,_MatMul_post_reshape:OpId_31 (cycles)
5330992466,EXECUTE,10256,CYCLES,BACKEND,SUB-EVENT,_MatMul_1:OpId_34 (cycles)
5330992466,EXECUTE,26246,CYCLES,BACKEND,SUB-EVENT,_MatMul_1_post_reshape:OpId_36 (cycles)
5330992466,EXECUTE,4333,CYCLES,BACKEND,SUB-EVENT,_MatMul_2:OpId_39 (cycles)
5330992466,EXECUTE,24526,CYCLES,BACKEND,SUB-EVENT,_MatMul_2_post_reshape:OpId_41 (cycles)
5330992466,EXECUTE,473,CYCLES,BACKEND,SUB-EVENT,_Transpose:OpId_43 (cycles)
5330992466,EXECUTE,3620,CYCLES,BACKEND,SUB-EVENT,_Transpose_1:OpId_45 (cycles)
5330992466,EXECUTE,3407,CYCLES,BACKEND,SUB-EVENT,_Transpose_2:OpId_47 (cycles)
5330992466,EXECUTE,45733,CYCLES,BACKEND,SUB-EVENT,_Slice:OpId_49 (cycles)
5330992466,EXECUTE,10946,CYCLES,BACKEND,SUB-EVENT,_Slice_1:OpId_55 (cycles)
5330992466,EXECUTE,4229,CYCLES,BACKEND,SUB-EVENT,_Mul_2:OpId_61 (cycles)
5330992466,EXECUTE,1300,CYCLES,BACKEND,SUB-EVENT,_Mul_3:OpId_64 (cycles)
5330992466,EXECUTE,265,CYCLES,BACKEND,SUB-EVENT,_Sub:OpId_66 (cycles)
5330992466,EXECUTE,3055,CYCLES,BACKEND,SUB-EVENT,_Mul_4:OpId_68 (cycles)
5330992466,EXECUTE,2915,CYCLES,BACKEND,SUB-EVENT,_Mul_5:OpId_70 (cycles)
5330992466,EXECUTE,8044,CYCLES,BACKEND,SUB-EVENT,_Add_4:OpId_72 (cycles)
5330992466,EXECUTE,0,CYCLES,BACKEND,SUB-EVENT,_Unsqueeze:OpId_74 (cycles)
5330992466,EXECUTE,0,CYCLES,BACKEND,SUB-EVENT,_Unsqueeze_1:OpId_75 (cycles)
5330992466,EXECUTE,932,CYCLES,BACKEND,SUB-EVENT,_Concat:OpId_76 (cycles)
5330992466,EXECUTE,628,CYCLES,BACKEND,SUB-EVENT,_Reshape_3:OpId_78 (cycles)
5330992466,EXECUTE,71678,CYCLES,BACKEND,SUB-EVENT,_Slice_3:OpId_80 (cycles)
5330992466,EXECUTE,15883,CYCLES,BACKEND,SUB-EVENT,_Slice_4:OpId_86 (cycles)
5330992466,EXECUTE,30081,CYCLES,BACKEND,SUB-EVENT,_Mul_6:OpId_91 (cycles)
5330992466,EXECUTE,23783,CYCLES,BACKEND,SUB-EVENT,_Mul_7:OpId_93 (cycles)
5330992466,EXECUTE,4570,CYCLES,BACKEND,SUB-EVENT,_Sub_1:OpId_95 (cycles)
5330992466,EXECUTE,30019,CYCLES,BACKEND,SUB-EVENT,_Mul_8:OpId_97 (cycles)
5330992466,EXECUTE,23678,CYCLES,BACKEND,SUB-EVENT,_Mul_9:OpId_99 (cycles)
5330992466,EXECUTE,5164,CYCLES,BACKEND,SUB-EVENT,_Add_5:OpId_101 (cycles)
5330992466,EXECUTE,0,CYCLES,BACKEND,SUB-EVENT,_Unsqueeze_2:OpId_103 (cycles)
5330992466,EXECUTE,0,CYCLES,BACKEND,SUB-EVENT,_Unsqueeze_3:OpId_104 (cycles)
5330992466,EXECUTE,13793,CYCLES,BACKEND,SUB-EVENT,_Concat_2:OpId_105 (cycles)
5330992466,EXECUTE,0,CYCLES,BACKEND,SUB-EVENT,_Reshape_4:OpId_107 (cycles)
5330992466,EXECUTE,12737,CYCLES,BACKEND,SUB-EVENT,current_key_nhwc:OpId_109 (cycles)
5330992466,EXECUTE,5969,CYCLES,BACKEND,SUB-EVENT,_Concat_4:OpId_110 (cycles)
5330992466,EXECUTE,386384,CYCLES,BACKEND,SUB-EVENT,_Concat_4_output_0_nchw:OpId_113 (cycles)
5330992466,EXECUTE,3560,CYCLES,BACKEND,SUB-EVENT,_Concat_5:OpId_114 (cycles)
5330992466,EXECUTE,0,CYCLES,BACKEND,SUB-EVENT,_Unsqueeze_4:OpId_116 (cycles)
5330992466,EXECUTE,35361,CYCLES,BACKEND,SUB-EVENT,_MatMul_3:OpId_117 (cycles)
5330992466,EXECUTE,15907,CYCLES,BACKEND,SUB-EVENT,_Div_1:OpId_122 (cycles)
5330992466,EXECUTE,0,CYCLES,BACKEND,SUB-EVENT,_Add_6:OpId_125 (cycles)
5330992466,EXECUTE,20598,CYCLES,BACKEND,SUB-EVENT,_Softmax:OpId_127 (cycles)
5330992466,EXECUTE,0,CYCLES,BACKEND,SUB-EVENT,_Unsqueeze_5:OpId_130 (cycles)
5330992466,EXECUTE,70509,CYCLES,BACKEND,SUB-EVENT,_MatMul_4:OpId_131 (cycles)
5330992466,EXECUTE,0,CYCLES,BACKEND,SUB-EVENT,_Reshape_6:OpId_135 (cycles)
5330992466,EXECUTE,0,CYCLES,BACKEND,SUB-EVENT,_Transpose_4:OpId_137 (cycles)
5330992466,EXECUTE,25431,CYCLES,BACKEND,SUB-EVENT,_MatMul_5:OpId_139 (cycles)
5330992466,EXECUTE,0,CYCLES,BACKEND,SUB-EVENT,_MatMul_5_post_reshape:OpId_142 (cycles)
5330992466,EXECUTE,0,CYCLES,BACKEND,SUB-EVENT,_MatMul_5_output_0_nfc:OpId_144 (cycles)
5330992466,EXECUTE,115262,CYCLES,BACKEND,SUB-EVENT,_Add_7:OpId_146 (cycles)
5330992466,EXECUTE,278,CYCLES,BACKEND,SUB-EVENT,_Add_7_output_0_ncf:OpId_149 (cycles)
5330992466,EXECUTE,9276,CYCLES,BACKEND,SUB-EVENT,rms_norm__Mul_11_output_0:OpId_154 (cycles)
5330992466,EXECUTE,0,CYCLES,BACKEND,SUB-EVENT,_MatMul_6:OpId_158 (cycles)
5330992466,EXECUTE,0,CYCLES,BACKEND,SUB-EVENT,_MatMul_6_post_reshape:OpId_161 (cycles)
5330992466,EXECUTE,296134,CYCLES,BACKEND,SUB-EVENT,_MatMul_7:OpId_163 (cycles)
5330992466,EXECUTE,0,CYCLES,BACKEND,SUB-EVENT,_MatMul_7_post_reshape:OpId_166 (cycles)
5330992466,EXECUTE,0,CYCLES,BACKEND,SUB-EVENT,_Sigmoid:OpId_167 (cycles)
5330992466,EXECUTE,250909,CYCLES,BACKEND,SUB-EVENT,_Mul_12:OpId_174 (cycles)
5330992466,EXECUTE,27091,CYCLES,BACKEND,SUB-EVENT,_Mul_13:OpId_176 (cycles)
5330992466,EXECUTE,399404,CYCLES,BACKEND,SUB-EVENT,_MatMul_8:OpId_179 (cycles)
5330992466,EXECUTE,0,CYCLES,BACKEND,SUB-EVENT,_MatMul_8_post_reshape:OpId_182 (cycles)
5330992466,EXECUTE,0,CYCLES,BACKEND,SUB-EVENT,_MatMul_8_output_0_nfc:OpId_184 (cycles)
5330992466,EXECUTE,14763,CYCLES,BACKEND,SUB-EVENT,_Add_9:OpId_186 (cycles)
5330992466,EXECUTE,7247,CYCLES,BACKEND,SUB-EVENT,Output OpId_3 (cycles)
5330992466,EXECUTE,4701,US,BACKEND,ROOT,Accelerator (execute) time
5330992466,EXECUTE,4563,US,BACKEND,ROOT,Accelerator (execute excluding wait) time
5330992466,EXECUTE,12021,US,BACKEND,ROOT,QNN (execute) time
5331005800,EXECUTE,12367,US,NETRUN,ROOT,Graph 0: qwen2_0_5b_layer0_decode_past128_grouped_gqa_delta_kv
5331005800,EXECUTE,4,COUNT,BACKEND,ROOT,Number of HVX threads used
5331005800,EXECUTE,11996,US,BACKEND,ROOT,RPC (execute) time
5331005800,EXECUTE,9912,US,BACKEND,ROOT,QNN accelerator (execute) time
5331005800,EXECUTE,0,COUNT,BACKEND,ROOT,Num times yield occured
5331005800,EXECUTE,620,US,BACKEND,ROOT,Time for initial VTCM acquire
5331005800,EXECUTE,277,US,BACKEND,ROOT,Time for HVX + HMX power on and acquire
5331005800,EXECUTE,2236954,CYCLES,BACKEND,ROOT,Accelerator (execute) time (cycles)
5331005800,EXECUTE,34082,CYCLES,BACKEND,SUB-EVENT,Input OpId_2 (cycles)
5331005800,EXECUTE,7588,CYCLES,BACKEND,SUB-EVENT,hidden_states_ncf:OpId_17 (cycles)
5331005800,EXECUTE,33595,CYCLES,BACKEND,SUB-EVENT,past_value_nchw:OpId_20 (cycles)
5331005800,EXECUTE,16351,CYCLES,BACKEND,SUB-EVENT,rms_norm__Mul_1_output_0:OpId_24 (cycles)
5331005800,EXECUTE,105963,CYCLES,BACKEND,SUB-EVENT,_MatMul:OpId_29 (cycles)
5331005800,EXECUTE,0,CYCLES,BACKEND,SUB-EVENT,_MatMul_post_reshape:OpId_31 (cycles)
5331005800,EXECUTE,14658,CYCLES,BACKEND,SUB-EVENT,_MatMul_1:OpId_34 (cycles)
5331005800,EXECUTE,15417,CYCLES,BACKEND,SUB-EVENT,_MatMul_1_post_reshape:OpId_36 (cycles)
5331005800,EXECUTE,1849,CYCLES,BACKEND,SUB-EVENT,_MatMul_2:OpId_39 (cycles)
5331005800,EXECUTE,13707,CYCLES,BACKEND,SUB-EVENT,_MatMul_2_post_reshape:OpId_41 (cycles)
5331005800,EXECUTE,471,CYCLES,BACKEND,SUB-EVENT,_Transpose:OpId_43 (cycles)
5331005800,EXECUTE,4943,CYCLES,BACKEND,SUB-EVENT,_Transpose_1:OpId_45 (cycles)
5331005800,EXECUTE,4740,CYCLES,BACKEND,SUB-EVENT,_Transpose_2:OpId_47 (cycles)
5331005800,EXECUTE,31163,CYCLES,BACKEND,SUB-EVENT,_Slice:OpId_49 (cycles)
5331005800,EXECUTE,6241,CYCLES,BACKEND,SUB-EVENT,_Slice_1:OpId_55 (cycles)
5331005800,EXECUTE,1565,CYCLES,BACKEND,SUB-EVENT,_Mul_2:OpId_61 (cycles)
5331005800,EXECUTE,1416,CYCLES,BACKEND,SUB-EVENT,_Mul_3:OpId_64 (cycles)
5331005800,EXECUTE,262,CYCLES,BACKEND,SUB-EVENT,_Sub:OpId_66 (cycles)
5331005800,EXECUTE,1867,CYCLES,BACKEND,SUB-EVENT,_Mul_4:OpId_68 (cycles)
5331005800,EXECUTE,1288,CYCLES,BACKEND,SUB-EVENT,_Mul_5:OpId_70 (cycles)
5331005800,EXECUTE,2841,CYCLES,BACKEND,SUB-EVENT,_Add_4:OpId_72 (cycles)
5331005800,EXECUTE,0,CYCLES,BACKEND,SUB-EVENT,_Unsqueeze:OpId_74 (cycles)
5331005800,EXECUTE,0,CYCLES,BACKEND,SUB-EVENT,_Unsqueeze_1:OpId_75 (cycles)
5331005800,EXECUTE,878,CYCLES,BACKEND,SUB-EVENT,_Concat:OpId_76 (cycles)
5331005800,EXECUTE,598,CYCLES,BACKEND,SUB-EVENT,_Reshape_3:OpId_78 (cycles)
5331005800,EXECUTE,31255,CYCLES,BACKEND,SUB-EVENT,_Slice_3:OpId_80 (cycles)
5331005800,EXECUTE,5874,CYCLES,BACKEND,SUB-EVENT,_Slice_4:OpId_86 (cycles)
5331005800,EXECUTE,7381,CYCLES,BACKEND,SUB-EVENT,_Mul_6:OpId_91 (cycles)
5331005800,EXECUTE,4428,CYCLES,BACKEND,SUB-EVENT,_Mul_7:OpId_93 (cycles)
5331005800,EXECUTE,872,CYCLES,BACKEND,SUB-EVENT,_Sub_1:OpId_95 (cycles)
5331005800,EXECUTE,7341,CYCLES,BACKEND,SUB-EVENT,_Mul_8:OpId_97 (cycles)
5331005800,EXECUTE,3990,CYCLES,BACKEND,SUB-EVENT,_Mul_9:OpId_99 (cycles)
5331005800,EXECUTE,1215,CYCLES,BACKEND,SUB-EVENT,_Add_5:OpId_101 (cycles)
5331005800,EXECUTE,0,CYCLES,BACKEND,SUB-EVENT,_Unsqueeze_2:OpId_103 (cycles)
5331005800,EXECUTE,0,CYCLES,BACKEND,SUB-EVENT,_Unsqueeze_3:OpId_104 (cycles)
5331005800,EXECUTE,2777,CYCLES,BACKEND,SUB-EVENT,_Concat_2:OpId_105 (cycles)
5331005800,EXECUTE,0,CYCLES,BACKEND,SUB-EVENT,_Reshape_4:OpId_107 (cycles)
5331005800,EXECUTE,1282,CYCLES,BACKEND,SUB-EVENT,current_key_nhwc:OpId_109 (cycles)
5331005800,EXECUTE,3195,CYCLES,BACKEND,SUB-EVENT,_Concat_4:OpId_110 (cycles)
5331005800,EXECUTE,373105,CYCLES,BACKEND,SUB-EVENT,_Concat_4_output_0_nchw:OpId_113 (cycles)
5331005800,EXECUTE,1746,CYCLES,BACKEND,SUB-EVENT,_Concat_5:OpId_114 (cycles)
5331005800,EXECUTE,0,CYCLES,BACKEND,SUB-EVENT,_Unsqueeze_4:OpId_116 (cycles)
5331005800,EXECUTE,32270,CYCLES,BACKEND,SUB-EVENT,_MatMul_3:OpId_117 (cycles)
5331005800,EXECUTE,6693,CYCLES,BACKEND,SUB-EVENT,_Div_1:OpId_122 (cycles)
5331005800,EXECUTE,0,CYCLES,BACKEND,SUB-EVENT,_Add_6:OpId_125 (cycles)
5331005800,EXECUTE,20293,CYCLES,BACKEND,SUB-EVENT,_Softmax:OpId_127 (cycles)
5331005800,EXECUTE,0,CYCLES,BACKEND,SUB-EVENT,_Unsqueeze_5:OpId_130 (cycles)
5331005800,EXECUTE,33430,CYCLES,BACKEND,SUB-EVENT,_MatMul_4:OpId_131 (cycles)
5331005800,EXECUTE,0,CYCLES,BACKEND,SUB-EVENT,_Reshape_6:OpId_135 (cycles)
5331005800,EXECUTE,0,CYCLES,BACKEND,SUB-EVENT,_Transpose_4:OpId_137 (cycles)
5331005800,EXECUTE,42708,CYCLES,BACKEND,SUB-EVENT,_MatMul_5:OpId_139 (cycles)
5331005800,EXECUTE,0,CYCLES,BACKEND,SUB-EVENT,_MatMul_5_post_reshape:OpId_142 (cycles)
5331005800,EXECUTE,0,CYCLES,BACKEND,SUB-EVENT,_MatMul_5_output_0_nfc:OpId_144 (cycles)
5331005800,EXECUTE,101034,CYCLES,BACKEND,SUB-EVENT,_Add_7:OpId_146 (cycles)
5331005800,EXECUTE,304,CYCLES,BACKEND,SUB-EVENT,_Add_7_output_0_ncf:OpId_149 (cycles)
5331005800,EXECUTE,2448,CYCLES,BACKEND,SUB-EVENT,rms_norm__Mul_11_output_0:OpId_154 (cycles)
5331005800,EXECUTE,0,CYCLES,BACKEND,SUB-EVENT,_MatMul_6:OpId_158 (cycles)
5331005800,EXECUTE,0,CYCLES,BACKEND,SUB-EVENT,_MatMul_6_post_reshape:OpId_161 (cycles)
5331005800,EXECUTE,436706,CYCLES,BACKEND,SUB-EVENT,_MatMul_7:OpId_163 (cycles)
5331005800,EXECUTE,0,CYCLES,BACKEND,SUB-EVENT,_MatMul_7_post_reshape:OpId_166 (cycles)
5331005800,EXECUTE,0,CYCLES,BACKEND,SUB-EVENT,_Sigmoid:OpId_167 (cycles)
5331005800,EXECUTE,361986,CYCLES,BACKEND,SUB-EVENT,_Mul_12:OpId_174 (cycles)
5331005800,EXECUTE,23672,CYCLES,BACKEND,SUB-EVENT,_Mul_13:OpId_176 (cycles)
5331005800,EXECUTE,405221,CYCLES,BACKEND,SUB-EVENT,_MatMul_8:OpId_179 (cycles)
5331005800,EXECUTE,0,CYCLES,BACKEND,SUB-EVENT,_MatMul_8_post_reshape:OpId_182 (cycles)
5331005800,EXECUTE,0,CYCLES,BACKEND,SUB-EVENT,_MatMul_8_output_0_nfc:OpId_184 (cycles)
5331005800,EXECUTE,14973,CYCLES,BACKEND,SUB-EVENT,_Add_9:OpId_186 (cycles)
5331005800,EXECUTE,9272,CYCLES,BACKEND,SUB-EVENT,Output OpId_3 (cycles)
5331005800,EXECUTE,5062,US,BACKEND,ROOT,Accelerator (execute) time
5331005800,EXECUTE,4925,US,BACKEND,ROOT,Accelerator (execute excluding wait) time
5331005800,EXECUTE,12343,US,BACKEND,ROOT,QNN (execute) time
5331019131,EXECUTE,12260,US,NETRUN,ROOT,Graph 0: qwen2_0_5b_layer0_decode_past128_grouped_gqa_delta_kv
5331019131,EXECUTE,4,COUNT,BACKEND,ROOT,Number of HVX threads used
5331019131,EXECUTE,11853,US,BACKEND,ROOT,RPC (execute) time
5331019131,EXECUTE,9690,US,BACKEND,ROOT,QNN accelerator (execute) time
5331019131,EXECUTE,0,COUNT,BACKEND,ROOT,Num times yield occured
5331019131,EXECUTE,603,US,BACKEND,ROOT,Time for initial VTCM acquire
5331019131,EXECUTE,289,US,BACKEND,ROOT,Time for HVX + HMX power on and acquire
5331019131,EXECUTE,2366846,CYCLES,BACKEND,ROOT,Accelerator (execute) time (cycles)
5331019131,EXECUTE,107269,CYCLES,BACKEND,SUB-EVENT,Input OpId_2 (cycles)
5331019131,EXECUTE,34218,CYCLES,BACKEND,SUB-EVENT,hidden_states_ncf:OpId_17 (cycles)
5331019131,EXECUTE,33713,CYCLES,BACKEND,SUB-EVENT,past_value_nchw:OpId_20 (cycles)
5331019131,EXECUTE,14234,CYCLES,BACKEND,SUB-EVENT,rms_norm__Mul_1_output_0:OpId_24 (cycles)
5331019131,EXECUTE,76539,CYCLES,BACKEND,SUB-EVENT,_MatMul:OpId_29 (cycles)
5331019131,EXECUTE,0,CYCLES,BACKEND,SUB-EVENT,_MatMul_post_reshape:OpId_31 (cycles)
5331019131,EXECUTE,13420,CYCLES,BACKEND,SUB-EVENT,_MatMul_1:OpId_34 (cycles)
5331019131,EXECUTE,20724,CYCLES,BACKEND,SUB-EVENT,_MatMul_1_post_reshape:OpId_36 (cycles)
5331019131,EXECUTE,4516,CYCLES,BACKEND,SUB-EVENT,_MatMul_2:OpId_39 (cycles)
5331019131,EXECUTE,18964,CYCLES,BACKEND,SUB-EVENT,_MatMul_2_post_reshape:OpId_41 (cycles)
5331019131,EXECUTE,527,CYCLES,BACKEND,SUB-EVENT,_Transpose:OpId_43 (cycles)
5331019131,EXECUTE,4310,CYCLES,BACKEND,SUB-EVENT,_Transpose_1:OpId_45 (cycles)
5331019131,EXECUTE,4081,CYCLES,BACKEND,SUB-EVENT,_Transpose_2:OpId_47 (cycles)
5331019131,EXECUTE,47606,CYCLES,BACKEND,SUB-EVENT,_Slice:OpId_49 (cycles)
5331019131,EXECUTE,16929,CYCLES,BACKEND,SUB-EVENT,_Slice_1:OpId_55 (cycles)
5331019131,EXECUTE,4145,CYCLES,BACKEND,SUB-EVENT,_Mul_2:OpId_61 (cycles)
5331019131,EXECUTE,1415,CYCLES,BACKEND,SUB-EVENT,_Mul_3:OpId_64 (cycles)
5331019131,EXECUTE,270,CYCLES,BACKEND,SUB-EVENT,_Sub:OpId_66 (cycles)
5331019131,EXECUTE,4226,CYCLES,BACKEND,SUB-EVENT,_Mul_4:OpId_68 (cycles)
5331019131,EXECUTE,1489,CYCLES,BACKEND,SUB-EVENT,_Mul_5:OpId_70 (cycles)
5331019131,EXECUTE,10220,CYCLES,BACKEND,SUB-EVENT,_Add_4:OpId_72 (cycles)
5331019131,EXECUTE,0,CYCLES,BACKEND,SUB-EVENT,_Unsqueeze:OpId_74 (cycles)
5331019131,EXECUTE,0,CYCLES,BACKEND,SUB-EVENT,_Unsqueeze_1:OpId_75 (cycles)
5331019131,EXECUTE,878,CYCLES,BACKEND,SUB-EVENT,_Concat:OpId_76 (cycles)
5331019131,EXECUTE,576,CYCLES,BACKEND,SUB-EVENT,_Reshape_3:OpId_78 (cycles)
5331019131,EXECUTE,83378,CYCLES,BACKEND,SUB-EVENT,_Slice_3:OpId_80 (cycles)
5331019131,EXECUTE,16263,CYCLES,BACKEND,SUB-EVENT,_Slice_4:OpId_86 (cycles)
5331019131,EXECUTE,46766,CYCLES,BACKEND,SUB-EVENT,_Mul_6:OpId_91 (cycles)
5331019131,EXECUTE,38998,CYCLES,BACKEND,SUB-EVENT,_Mul_7:OpId_93 (cycles)
5331019131,EXECUTE,7910,CYCLES,BACKEND,SUB-EVENT,_Sub_1:OpId_95 (cycles)
5331019131,EXECUTE,41437,CYCLES,BACKEND,SUB-EVENT,_Mul_8:OpId_97 (cycles)
5331019131,EXECUTE,38330,CYCLES,BACKEND,SUB-EVENT,_Mul_9:OpId_99 (cycles)
5331019131,EXECUTE,7328,CYCLES,BACKEND,SUB-EVENT,_Add_5:OpId_101 (cycles)
5331019131,EXECUTE,0,CYCLES,BACKEND,SUB-EVENT,_Unsqueeze_2:OpId_103 (cycles)
5331019131,EXECUTE,0,CYCLES,BACKEND,SUB-EVENT,_Unsqueeze_3:OpId_104 (cycles)
5331019131,EXECUTE,5524,CYCLES,BACKEND,SUB-EVENT,_Concat_2:OpId_105 (cycles)
5331019131,EXECUTE,0,CYCLES,BACKEND,SUB-EVENT,_Reshape_4:OpId_107 (cycles)
5331019131,EXECUTE,10306,CYCLES,BACKEND,SUB-EVENT,current_key_nhwc:OpId_109 (cycles)
5331019131,EXECUTE,4409,CYCLES,BACKEND,SUB-EVENT,_Concat_4:OpId_110 (cycles)
5331019131,EXECUTE,355612,CYCLES,BACKEND,SUB-EVENT,_Concat_4_output_0_nchw:OpId_113 (cycles)
5331019131,EXECUTE,5418,CYCLES,BACKEND,SUB-EVENT,_Concat_5:OpId_114 (cycles)
5331019131,EXECUTE,0,CYCLES,BACKEND,SUB-EVENT,_Unsqueeze_4:OpId_116 (cycles)
5331019131,EXECUTE,40018,CYCLES,BACKEND,SUB-EVENT,_MatMul_3:OpId_117 (cycles)
5331019131,EXECUTE,15097,CYCLES,BACKEND,SUB-EVENT,_Div_1:OpId_122 (cycles)
5331019131,EXECUTE,0,CYCLES,BACKEND,SUB-EVENT,_Add_6:OpId_125 (cycles)
5331019131,EXECUTE,20547,CYCLES,BACKEND,SUB-EVENT,_Softmax:OpId_127 (cycles)
5331019131,EXECUTE,0,CYCLES,BACKEND,SUB-EVENT,_Unsqueeze_5:OpId_130 (cycles)
5331019131,EXECUTE,63099,CYCLES,BACKEND,SUB-EVENT,_MatMul_4:OpId_131 (cycles)
5331019131,EXECUTE,0,CYCLES,BACKEND,SUB-EVENT,_Reshape_6:OpId_135 (cycles)
5331019131,EXECUTE,0,CYCLES,BACKEND,SUB-EVENT,_Transpose_4:OpId_137 (cycles)
5331019131,EXECUTE,28314,CYCLES,BACKEND,SUB-EVENT,_MatMul_5:OpId_139 (cycles)
5331019131,EXECUTE,0,CYCLES,BACKEND,SUB-EVENT,_MatMul_5_post_reshape:OpId_142 (cycles)
5331019131,EXECUTE,0,CYCLES,BACKEND,SUB-EVENT,_MatMul_5_output_0_nfc:OpId_144 (cycles)
5331019131,EXECUTE,98936,CYCLES,BACKEND,SUB-EVENT,_Add_7:OpId_146 (cycles)
5331019131,EXECUTE,280,CYCLES,BACKEND,SUB-EVENT,_Add_7_output_0_ncf:OpId_149 (cycles)
5331019131,EXECUTE,4982,CYCLES,BACKEND,SUB-EVENT,rms_norm__Mul_11_output_0:OpId_154 (cycles)
5331019131,EXECUTE,0,CYCLES,BACKEND,SUB-EVENT,_MatMul_6:OpId_158 (cycles)
5331019131,EXECUTE,0,CYCLES,BACKEND,SUB-EVENT,_MatMul_6_post_reshape:OpId_161 (cycles)
5331019131,EXECUTE,302753,CYCLES,BACKEND,SUB-EVENT,_MatMul_7:OpId_163 (cycles)
5331019131,EXECUTE,0,CYCLES,BACKEND,SUB-EVENT,_MatMul_7_post_reshape:OpId_166 (cycles)
5331019131,EXECUTE,0,CYCLES,BACKEND,SUB-EVENT,_Sigmoid:OpId_167 (cycles)
5331019131,EXECUTE,251521,CYCLES,BACKEND,SUB-EVENT,_Mul_12:OpId_174 (cycles)
5331019131,EXECUTE,30027,CYCLES,BACKEND,SUB-EVENT,_Mul_13:OpId_176 (cycles)
5331019131,EXECUTE,406328,CYCLES,BACKEND,SUB-EVENT,_MatMul_8:OpId_179 (cycles)
5331019131,EXECUTE,0,CYCLES,BACKEND,SUB-EVENT,_MatMul_8_post_reshape:OpId_182 (cycles)
5331019131,EXECUTE,0,CYCLES,BACKEND,SUB-EVENT,_MatMul_8_output_0_nfc:OpId_184 (cycles)
5331019131,EXECUTE,15059,CYCLES,BACKEND,SUB-EVENT,_Add_9:OpId_186 (cycles)
5331019131,EXECUTE,7937,CYCLES,BACKEND,SUB-EVENT,Output OpId_3 (cycles)
5331019131,EXECUTE,4681,US,BACKEND,ROOT,Accelerator (execute) time
5331019131,EXECUTE,4550,US,BACKEND,ROOT,Accelerator (execute excluding wait) time
5331019131,EXECUTE,12237,US,BACKEND,ROOT,QNN (execute) time
5331032713,EXECUTE,12325,US,NETRUN,ROOT,Graph 0: qwen2_0_5b_layer0_decode_past128_grouped_gqa_delta_kv
5331032713,EXECUTE,4,COUNT,BACKEND,ROOT,Number of HVX threads used
5331032713,EXECUTE,11958,US,BACKEND,ROOT,RPC (execute) time
5331032713,EXECUTE,9774,US,BACKEND,ROOT,QNN accelerator (execute) time
5331032713,EXECUTE,0,COUNT,BACKEND,ROOT,Num times yield occured
5331032713,EXECUTE,599,US,BACKEND,ROOT,Time for initial VTCM acquire
5331032713,EXECUTE,295,US,BACKEND,ROOT,Time for HVX + HMX power on and acquire
5331032713,EXECUTE,2452311,CYCLES,BACKEND,ROOT,Accelerator (execute) time (cycles)
5331032713,EXECUTE,125618,CYCLES,BACKEND,SUB-EVENT,Input OpId_2 (cycles)
5331032713,EXECUTE,41080,CYCLES,BACKEND,SUB-EVENT,hidden_states_ncf:OpId_17 (cycles)
5331032713,EXECUTE,42964,CYCLES,BACKEND,SUB-EVENT,past_value_nchw:OpId_20 (cycles)
5331032713,EXECUTE,22047,CYCLES,BACKEND,SUB-EVENT,rms_norm__Mul_1_output_0:OpId_24 (cycles)
5331032713,EXECUTE,59187,CYCLES,BACKEND,SUB-EVENT,_MatMul:OpId_29 (cycles)
5331032713,EXECUTE,0,CYCLES,BACKEND,SUB-EVENT,_MatMul_post_reshape:OpId_31 (cycles)
5331032713,EXECUTE,10673,CYCLES,BACKEND,SUB-EVENT,_MatMul_1:OpId_34 (cycles)
5331032713,EXECUTE,21285,CYCLES,BACKEND,SUB-EVENT,_MatMul_1_post_reshape:OpId_36 (cycles)
5331032713,EXECUTE,8393,CYCLES,BACKEND,SUB-EVENT,_MatMul_2:OpId_39 (cycles)
5331032713,EXECUTE,19504,CYCLES,BACKEND,SUB-EVENT,_MatMul_2_post_reshape:OpId_41 (cycles)
5331032713,EXECUTE,506,CYCLES,BACKEND,SUB-EVENT,_Transpose:OpId_43 (cycles)
5331032713,EXECUTE,3269,CYCLES,BACKEND,SUB-EVENT,_Transpose_1:OpId_45 (cycles)
5331032713,EXECUTE,3066,CYCLES,BACKEND,SUB-EVENT,_Transpose_2:OpId_47 (cycles)
5331032713,EXECUTE,55827,CYCLES,BACKEND,SUB-EVENT,_Slice:OpId_49 (cycles)
5331032713,EXECUTE,14342,CYCLES,BACKEND,SUB-EVENT,_Slice_1:OpId_55 (cycles)
5331032713,EXECUTE,2618,CYCLES,BACKEND,SUB-EVENT,_Mul_2:OpId_61 (cycles)
5331032713,EXECUTE,1282,CYCLES,BACKEND,SUB-EVENT,_Mul_3:OpId_64 (cycles)
5331032713,EXECUTE,255,CYCLES,BACKEND,SUB-EVENT,_Sub:OpId_66 (cycles)
5331032713,EXECUTE,2927,CYCLES,BACKEND,SUB-EVENT,_Mul_4:OpId_68 (cycles)
5331032713,EXECUTE,1357,CYCLES,BACKEND,SUB-EVENT,_Mul_5:OpId_70 (cycles)
5331032713,EXECUTE,10314,CYCLES,BACKEND,SUB-EVENT,_Add_4:OpId_72 (cycles)
5331032713,EXECUTE,0,CYCLES,BACKEND,SUB-EVENT,_Unsqueeze:OpId_74 (cycles)
5331032713,EXECUTE,0,CYCLES,BACKEND,SUB-EVENT,_Unsqueeze_1:OpId_75 (cycles)
5331032713,EXECUTE,830,CYCLES,BACKEND,SUB-EVENT,_Concat:OpId_76 (cycles)
5331032713,EXECUTE,604,CYCLES,BACKEND,SUB-EVENT,_Reshape_3:OpId_78 (cycles)
5331032713,EXECUTE,88602,CYCLES,BACKEND,SUB-EVENT,_Slice_3:OpId_80 (cycles)
5331032713,EXECUTE,15835,CYCLES,BACKEND,SUB-EVENT,_Slice_4:OpId_86 (cycles)
5331032713,EXECUTE,54437,CYCLES,BACKEND,SUB-EVENT,_Mul_6:OpId_91 (cycles)
5331032713,EXECUTE,46597,CYCLES,BACKEND,SUB-EVENT,_Mul_7:OpId_93 (cycles)
5331032713,EXECUTE,4699,CYCLES,BACKEND,SUB-EVENT,_Sub_1:OpId_95 (cycles)
5331032713,EXECUTE,54377,CYCLES,BACKEND,SUB-EVENT,_Mul_8:OpId_97 (cycles)
5331032713,EXECUTE,46523,CYCLES,BACKEND,SUB-EVENT,_Mul_9:OpId_99 (cycles)
5331032713,EXECUTE,6278,CYCLES,BACKEND,SUB-EVENT,_Add_5:OpId_101 (cycles)
5331032713,EXECUTE,0,CYCLES,BACKEND,SUB-EVENT,_Unsqueeze_2:OpId_103 (cycles)
5331032713,EXECUTE,0,CYCLES,BACKEND,SUB-EVENT,_Unsqueeze_3:OpId_104 (cycles)
5331032713,EXECUTE,8360,CYCLES,BACKEND,SUB-EVENT,_Concat_2:OpId_105 (cycles)
5331032713,EXECUTE,0,CYCLES,BACKEND,SUB-EVENT,_Reshape_4:OpId_107 (cycles)
5331032713,EXECUTE,4577,CYCLES,BACKEND,SUB-EVENT,current_key_nhwc:OpId_109 (cycles)
5331032713,EXECUTE,4459,CYCLES,BACKEND,SUB-EVENT,_Concat_4:OpId_110 (cycles)
5331032713,EXECUTE,354271,CYCLES,BACKEND,SUB-EVENT,_Concat_4_output_0_nchw:OpId_113 (cycles)
5331032713,EXECUTE,4504,CYCLES,BACKEND,SUB-EVENT,_Concat_5:OpId_114 (cycles)
5331032713,EXECUTE,0,CYCLES,BACKEND,SUB-EVENT,_Unsqueeze_4:OpId_116 (cycles)
5331032713,EXECUTE,40370,CYCLES,BACKEND,SUB-EVENT,_MatMul_3:OpId_117 (cycles)
5331032713,EXECUTE,15360,CYCLES,BACKEND,SUB-EVENT,_Div_1:OpId_122 (cycles)
5331032713,EXECUTE,0,CYCLES,BACKEND,SUB-EVENT,_Add_6:OpId_125 (cycles)
5331032713,EXECUTE,21621,CYCLES,BACKEND,SUB-EVENT,_Softmax:OpId_127 (cycles)
5331032713,EXECUTE,0,CYCLES,BACKEND,SUB-EVENT,_Unsqueeze_5:OpId_130 (cycles)
5331032713,EXECUTE,72268,CYCLES,BACKEND,SUB-EVENT,_MatMul_4:OpId_131 (cycles)
5331032713,EXECUTE,0,CYCLES,BACKEND,SUB-EVENT,_Reshape_6:OpId_135 (cycles)
5331032713,EXECUTE,0,CYCLES,BACKEND,SUB-EVENT,_Transpose_4:OpId_137 (cycles)
5331032713,EXECUTE,24308,CYCLES,BACKEND,SUB-EVENT,_MatMul_5:OpId_139 (cycles)
5331032713,EXECUTE,0,CYCLES,BACKEND,SUB-EVENT,_MatMul_5_post_reshape:OpId_142 (cycles)
5331032713,EXECUTE,0,CYCLES,BACKEND,SUB-EVENT,_MatMul_5_output_0_nfc:OpId_144 (cycles)
5331032713,EXECUTE,121959,CYCLES,BACKEND,SUB-EVENT,_Add_7:OpId_146 (cycles)
5331032713,EXECUTE,253,CYCLES,BACKEND,SUB-EVENT,_Add_7_output_0_ncf:OpId_149 (cycles)
5331032713,EXECUTE,5135,CYCLES,BACKEND,SUB-EVENT,rms_norm__Mul_11_output_0:OpId_154 (cycles)
5331032713,EXECUTE,0,CYCLES,BACKEND,SUB-EVENT,_MatMul_6:OpId_158 (cycles)
5331032713,EXECUTE,0,CYCLES,BACKEND,SUB-EVENT,_MatMul_6_post_reshape:OpId_161 (cycles)
5331032713,EXECUTE,299543,CYCLES,BACKEND,SUB-EVENT,_MatMul_7:OpId_163 (cycles)
5331032713,EXECUTE,0,CYCLES,BACKEND,SUB-EVENT,_MatMul_7_post_reshape:OpId_166 (cycles)
5331032713,EXECUTE,0,CYCLES,BACKEND,SUB-EVENT,_Sigmoid:OpId_167 (cycles)
5331032713,EXECUTE,261136,CYCLES,BACKEND,SUB-EVENT,_Mul_12:OpId_174 (cycles)
5331032713,EXECUTE,26834,CYCLES,BACKEND,SUB-EVENT,_Mul_13:OpId_176 (cycles)
5331032713,EXECUTE,400026,CYCLES,BACKEND,SUB-EVENT,_MatMul_8:OpId_179 (cycles)
5331032713,EXECUTE,0,CYCLES,BACKEND,SUB-EVENT,_MatMul_8_post_reshape:OpId_182 (cycles)
5331032713,EXECUTE,0,CYCLES,BACKEND,SUB-EVENT,_MatMul_8_output_0_nfc:OpId_184 (cycles)
5331032713,EXECUTE,15021,CYCLES,BACKEND,SUB-EVENT,_Add_9:OpId_186 (cycles)
5331032713,EXECUTE,7010,CYCLES,BACKEND,SUB-EVENT,Output OpId_3 (cycles)
5331032713,EXECUTE,4709,US,BACKEND,ROOT,Accelerator (execute) time
5331032713,EXECUTE,4575,US,BACKEND,ROOT,Accelerator (execute excluding wait) time
5331032713,EXECUTE,12301,US,BACKEND,ROOT,QNN (execute) time
5331046012,EXECUTE,12220,US,NETRUN,ROOT,Graph 0: qwen2_0_5b_layer0_decode_past128_grouped_gqa_delta_kv
5331046012,EXECUTE,4,COUNT,BACKEND,ROOT,Number of HVX threads used
5331046012,EXECUTE,11847,US,BACKEND,ROOT,RPC (execute) time
5331046012,EXECUTE,9723,US,BACKEND,ROOT,QNN accelerator (execute) time
5331046012,EXECUTE,0,COUNT,BACKEND,ROOT,Num times yield occured
5331046012,EXECUTE,1036,US,BACKEND,ROOT,Time for initial VTCM acquire
5331046012,EXECUTE,313,US,BACKEND,ROOT,Time for HVX + HMX power on and acquire
5331046012,EXECUTE,2331778,CYCLES,BACKEND,ROOT,Accelerator (execute) time (cycles)
5331046012,EXECUTE,100335,CYCLES,BACKEND,SUB-EVENT,Input OpId_2 (cycles)
5331046012,EXECUTE,28944,CYCLES,BACKEND,SUB-EVENT,hidden_states_ncf:OpId_17 (cycles)
5331046012,EXECUTE,32068,CYCLES,BACKEND,SUB-EVENT,past_value_nchw:OpId_20 (cycles)
5331046012,EXECUTE,16863,CYCLES,BACKEND,SUB-EVENT,rms_norm__Mul_1_output_0:OpId_24 (cycles)
5331046012,EXECUTE,61763,CYCLES,BACKEND,SUB-EVENT,_MatMul:OpId_29 (cycles)
5331046012,EXECUTE,0,CYCLES,BACKEND,SUB-EVENT,_MatMul_post_reshape:OpId_31 (cycles)
5331046012,EXECUTE,9627,CYCLES,BACKEND,SUB-EVENT,_MatMul_1:OpId_34 (cycles)
5331046012,EXECUTE,19914,CYCLES,BACKEND,SUB-EVENT,_MatMul_1_post_reshape:OpId_36 (cycles)
5331046012,EXECUTE,11780,CYCLES,BACKEND,SUB-EVENT,_MatMul_2:OpId_39 (cycles)
5331046012,EXECUTE,18148,CYCLES,BACKEND,SUB-EVENT,_MatMul_2_post_reshape:OpId_41 (cycles)
5331046012,EXECUTE,501,CYCLES,BACKEND,SUB-EVENT,_Transpose:OpId_43 (cycles)
5331046012,EXECUTE,3201,CYCLES,BACKEND,SUB-EVENT,_Transpose_1:OpId_45 (cycles)
5331046012,EXECUTE,2958,CYCLES,BACKEND,SUB-EVENT,_Transpose_2:OpId_47 (cycles)
5331046012,EXECUTE,41490,CYCLES,BACKEND,SUB-EVENT,_Slice:OpId_49 (cycles)
5331046012,EXECUTE,9450,CYCLES,BACKEND,SUB-EVENT,_Slice_1:OpId_55 (cycles)
5331046012,EXECUTE,4111,CYCLES,BACKEND,SUB-EVENT,_Mul_2:OpId_61 (cycles)
5331046012,EXECUTE,1151,CYCLES,BACKEND,SUB-EVENT,_Mul_3:OpId_64 (cycles)
5331046012,EXECUTE,236,CYCLES,BACKEND,SUB-EVENT,_Sub:OpId_66 (cycles)
5331046012,EXECUTE,4050,CYCLES,BACKEND,SUB-EVENT,_Mul_4:OpId_68 (cycles)
5331046012,EXECUTE,1169,CYCLES,BACKEND,SUB-EVENT,_Mul_5:OpId_70 (cycles)
5331046012,EXECUTE,7543,CYCLES,BACKEND,SUB-EVENT,_Add_4:OpId_72 (cycles)
5331046012,EXECUTE,0,CYCLES,BACKEND,SUB-EVENT,_Unsqueeze:OpId_74 (cycles)
5331046012,EXECUTE,0,CYCLES,BACKEND,SUB-EVENT,_Unsqueeze_1:OpId_75 (cycles)
5331046012,EXECUTE,682,CYCLES,BACKEND,SUB-EVENT,_Concat:OpId_76 (cycles)
5331046012,EXECUTE,592,CYCLES,BACKEND,SUB-EVENT,_Reshape_3:OpId_78 (cycles)
5331046012,EXECUTE,73503,CYCLES,BACKEND,SUB-EVENT,_Slice_3:OpId_80 (cycles)
5331046012,EXECUTE,18540,CYCLES,BACKEND,SUB-EVENT,_Slice_4:OpId_86 (cycles)
5331046012,EXECUTE,36568,CYCLES,BACKEND,SUB-EVENT,_Mul_6:OpId_91 (cycles)
5331046012,EXECUTE,22864,CYCLES,BACKEND,SUB-EVENT,_Mul_7:OpId_93 (cycles)
5331046012,EXECUTE,10666,CYCLES,BACKEND,SUB-EVENT,_Sub_1:OpId_95 (cycles)
5331046012,EXECUTE,36464,CYCLES,BACKEND,SUB-EVENT,_Mul_8:OpId_97 (cycles)
5331046012,EXECUTE,21847,CYCLES,BACKEND,SUB-EVENT,_Mul_9:OpId_99 (cycles)
5331046012,EXECUTE,9796,CYCLES,BACKEND,SUB-EVENT,_Add_5:OpId_101 (cycles)
5331046012,EXECUTE,0,CYCLES,BACKEND,SUB-EVENT,_Unsqueeze_2:OpId_103 (cycles)
5331046012,EXECUTE,0,CYCLES,BACKEND,SUB-EVENT,_Unsqueeze_3:OpId_104 (cycles)
5331046012,EXECUTE,6859,CYCLES,BACKEND,SUB-EVENT,_Concat_2:OpId_105 (cycles)
5331046012,EXECUTE,0,CYCLES,BACKEND,SUB-EVENT,_Reshape_4:OpId_107 (cycles)
5331046012,EXECUTE,12616,CYCLES,BACKEND,SUB-EVENT,current_key_nhwc:OpId_109 (cycles)
5331046012,EXECUTE,5994,CYCLES,BACKEND,SUB-EVENT,_Concat_4:OpId_110 (cycles)
5331046012,EXECUTE,381332,CYCLES,BACKEND,SUB-EVENT,_Concat_4_output_0_nchw:OpId_113 (cycles)
5331046012,EXECUTE,7829,CYCLES,BACKEND,SUB-EVENT,_Concat_5:OpId_114 (cycles)
5331046012,EXECUTE,0,CYCLES,BACKEND,SUB-EVENT,_Unsqueeze_4:OpId_116 (cycles)
5331046012,EXECUTE,35254,CYCLES,BACKEND,SUB-EVENT,_MatMul_3:OpId_117 (cycles)
5331046012,EXECUTE,14837,CYCLES,BACKEND,SUB-EVENT,_Div_1:OpId_122 (cycles)
5331046012,EXECUTE,0,CYCLES,BACKEND,SUB-EVENT,_Add_6:OpId_125 (cycles)
5331046012,EXECUTE,20902,CYCLES,BACKEND,SUB-EVENT,_Softmax:OpId_127 (cycles)
5331046012,EXECUTE,0,CYCLES,BACKEND,SUB-EVENT,_Unsqueeze_5:OpId_130 (cycles)
5331046012,EXECUTE,94112,CYCLES,BACKEND,SUB-EVENT,_MatMul_4:OpId_131 (cycles)
5331046012,EXECUTE,0,CYCLES,BACKEND,SUB-EVENT,_Reshape_6:OpId_135 (cycles)
5331046012,EXECUTE,0,CYCLES,BACKEND,SUB-EVENT,_Transpose_4:OpId_137 (cycles)
5331046012,EXECUTE,20888,CYCLES,BACKEND,SUB-EVENT,_MatMul_5:OpId_139 (cycles)
5331046012,EXECUTE,0,CYCLES,BACKEND,SUB-EVENT,_MatMul_5_post_reshape:OpId_142 (cycles)
5331046012,EXECUTE,0,CYCLES,BACKEND,SUB-EVENT,_MatMul_5_output_0_nfc:OpId_144 (cycles)
5331046012,EXECUTE,115113,CYCLES,BACKEND,SUB-EVENT,_Add_7:OpId_146 (cycles)
5331046012,EXECUTE,244,CYCLES,BACKEND,SUB-EVENT,_Add_7_output_0_ncf:OpId_149 (cycles)
5331046012,EXECUTE,4898,CYCLES,BACKEND,SUB-EVENT,rms_norm__Mul_11_output_0:OpId_154 (cycles)
5331046012,EXECUTE,0,CYCLES,BACKEND,SUB-EVENT,_MatMul_6:OpId_158 (cycles)
5331046012,EXECUTE,0,CYCLES,BACKEND,SUB-EVENT,_MatMul_6_post_reshape:OpId_161 (cycles)
5331046012,EXECUTE,307276,CYCLES,BACKEND,SUB-EVENT,_MatMul_7:OpId_163 (cycles)
5331046012,EXECUTE,0,CYCLES,BACKEND,SUB-EVENT,_MatMul_7_post_reshape:OpId_166 (cycles)
5331046012,EXECUTE,0,CYCLES,BACKEND,SUB-EVENT,_Sigmoid:OpId_167 (cycles)
5331046012,EXECUTE,244816,CYCLES,BACKEND,SUB-EVENT,_Mul_12:OpId_174 (cycles)
5331046012,EXECUTE,26432,CYCLES,BACKEND,SUB-EVENT,_Mul_13:OpId_176 (cycles)
5331046012,EXECUTE,401842,CYCLES,BACKEND,SUB-EVENT,_MatMul_8:OpId_179 (cycles)
5331046012,EXECUTE,0,CYCLES,BACKEND,SUB-EVENT,_MatMul_8_post_reshape:OpId_182 (cycles)
5331046012,EXECUTE,0,CYCLES,BACKEND,SUB-EVENT,_MatMul_8_output_0_nfc:OpId_184 (cycles)
5331046012,EXECUTE,14860,CYCLES,BACKEND,SUB-EVENT,_Add_9:OpId_186 (cycles)
5331046012,EXECUTE,8850,CYCLES,BACKEND,SUB-EVENT,Output OpId_3 (cycles)
5331046012,EXECUTE,4738,US,BACKEND,ROOT,Accelerator (execute) time
5331046012,EXECUTE,4567,US,BACKEND,ROOT,Accelerator (execute excluding wait) time
5331046012,EXECUTE,12197,US,BACKEND,ROOT,QNN (execute) time
5331059104,EXECUTE,12012,US,NETRUN,ROOT,Graph 0: qwen2_0_5b_layer0_decode_past128_grouped_gqa_delta_kv
5331059104,EXECUTE,4,COUNT,BACKEND,ROOT,Number of HVX threads used
5331059104,EXECUTE,11618,US,BACKEND,ROOT,RPC (execute) time
5331059104,EXECUTE,9574,US,BACKEND,ROOT,QNN accelerator (execute) time
5331059104,EXECUTE,0,COUNT,BACKEND,ROOT,Num times yield occured
5331059104,EXECUTE,634,US,BACKEND,ROOT,Time for initial VTCM acquire
5331059104,EXECUTE,354,US,BACKEND,ROOT,Time for HVX + HMX power on and acquire
5331059104,EXECUTE,2264127,CYCLES,BACKEND,ROOT,Accelerator (execute) time (cycles)
5331059104,EXECUTE,80185,CYCLES,BACKEND,SUB-EVENT,Input OpId_2 (cycles)
5331059104,EXECUTE,27596,CYCLES,BACKEND,SUB-EVENT,hidden_states_ncf:OpId_17 (cycles)
5331059104,EXECUTE,27961,CYCLES,BACKEND,SUB-EVENT,past_value_nchw:OpId_20 (cycles)
5331059104,EXECUTE,15404,CYCLES,BACKEND,SUB-EVENT,rms_norm__Mul_1_output_0:OpId_24 (cycles)
5331059104,EXECUTE,45637,CYCLES,BACKEND,SUB-EVENT,_MatMul:OpId_29 (cycles)
5331059104,EXECUTE,0,CYCLES,BACKEND,SUB-EVENT,_MatMul_post_reshape:OpId_31 (cycles)
5331059104,EXECUTE,13124,CYCLES,BACKEND,SUB-EVENT,_MatMul_1:OpId_34 (cycles)
5331059104,EXECUTE,21624,CYCLES,BACKEND,SUB-EVENT,_MatMul_1_post_reshape:OpId_36 (cycles)
5331059104,EXECUTE,4503,CYCLES,BACKEND,SUB-EVENT,_MatMul_2:OpId_39 (cycles)
5331059104,EXECUTE,19869,CYCLES,BACKEND,SUB-EVENT,_MatMul_2_post_reshape:OpId_41 (cycles)
5331059104,EXECUTE,493,CYCLES,BACKEND,SUB-EVENT,_Transpose:OpId_43 (cycles)
5331059104,EXECUTE,3623,CYCLES,BACKEND,SUB-EVENT,_Transpose_1:OpId_45 (cycles)
5331059104,EXECUTE,3382,CYCLES,BACKEND,SUB-EVENT,_Transpose_2:OpId_47 (cycles)
5331059104,EXECUTE,46649,CYCLES,BACKEND,SUB-EVENT,_Slice:OpId_49 (cycles)
5331059104,EXECUTE,13614,CYCLES,BACKEND,SUB-EVENT,_Slice_1:OpId_55 (cycles)
5331059104,EXECUTE,2591,CYCLES,BACKEND,SUB-EVENT,_Mul_2:OpId_61 (cycles)
5331059104,EXECUTE,1121,CYCLES,BACKEND,SUB-EVENT,_Mul_3:OpId_64 (cycles)
5331059104,EXECUTE,271,CYCLES,BACKEND,SUB-EVENT,_Sub:OpId_66 (cycles)
5331059104,EXECUTE,3038,CYCLES,BACKEND,SUB-EVENT,_Mul_4:OpId_68 (cycles)
5331059104,EXECUTE,1369,CYCLES,BACKEND,SUB-EVENT,_Mul_5:OpId_70 (cycles)
5331059104,EXECUTE,10512,CYCLES,BACKEND,SUB-EVENT,_Add_4:OpId_72 (cycles)
5331059104,EXECUTE,0,CYCLES,BACKEND,SUB-EVENT,_Unsqueeze:OpId_74 (cycles)
5331059104,EXECUTE,0,CYCLES,BACKEND,SUB-EVENT,_Unsqueeze_1:OpId_75 (cycles)
5331059104,EXECUTE,738,CYCLES,BACKEND,SUB-EVENT,_Concat:OpId_76 (cycles)
5331059104,EXECUTE,588,CYCLES,BACKEND,SUB-EVENT,_Reshape_3:OpId_78 (cycles)
5331059104,EXECUTE,71255,CYCLES,BACKEND,SUB-EVENT,_Slice_3:OpId_80 (cycles)
5331059104,EXECUTE,14712,CYCLES,BACKEND,SUB-EVENT,_Slice_4:OpId_86 (cycles)
5331059104,EXECUTE,32755,CYCLES,BACKEND,SUB-EVENT,_Mul_6:OpId_91 (cycles)
5331059104,EXECUTE,26476,CYCLES,BACKEND,SUB-EVENT,_Mul_7:OpId_93 (cycles)
5331059104,EXECUTE,4624,CYCLES,BACKEND,SUB-EVENT,_Sub_1:OpId_95 (cycles)
5331059104,EXECUTE,32109,CYCLES,BACKEND,SUB-EVENT,_Mul_8:OpId_97 (cycles)
5331059104,EXECUTE,25513,CYCLES,BACKEND,SUB-EVENT,_Mul_9:OpId_99 (cycles)
5331059104,EXECUTE,6794,CYCLES,BACKEND,SUB-EVENT,_Add_5:OpId_101 (cycles)
5331059104,EXECUTE,0,CYCLES,BACKEND,SUB-EVENT,_Unsqueeze_2:OpId_103 (cycles)
5331059104,EXECUTE,0,CYCLES,BACKEND,SUB-EVENT,_Unsqueeze_3:OpId_104 (cycles)
5331059104,EXECUTE,6342,CYCLES,BACKEND,SUB-EVENT,_Concat_2:OpId_105 (cycles)
5331059104,EXECUTE,0,CYCLES,BACKEND,SUB-EVENT,_Reshape_4:OpId_107 (cycles)
5331059104,EXECUTE,6357,CYCLES,BACKEND,SUB-EVENT,current_key_nhwc:OpId_109 (cycles)
5331059104,EXECUTE,4583,CYCLES,BACKEND,SUB-EVENT,_Concat_4:OpId_110 (cycles)
5331059104,EXECUTE,388174,CYCLES,BACKEND,SUB-EVENT,_Concat_4_output_0_nchw:OpId_113 (cycles)
5331059104,EXECUTE,2417,CYCLES,BACKEND,SUB-EVENT,_Concat_5:OpId_114 (cycles)
5331059104,EXECUTE,0,CYCLES,BACKEND,SUB-EVENT,_Unsqueeze_4:OpId_116 (cycles)
5331059104,EXECUTE,34442,CYCLES,BACKEND,SUB-EVENT,_MatMul_3:OpId_117 (cycles)
5331059104,EXECUTE,12452,CYCLES,BACKEND,SUB-EVENT,_Div_1:OpId_122 (cycles)
5331059104,EXECUTE,0,CYCLES,BACKEND,SUB-EVENT,_Add_6:OpId_125 (cycles)
5331059104,EXECUTE,22934,CYCLES,BACKEND,SUB-EVENT,_Softmax:OpId_127 (cycles)
5331059104,EXECUTE,0,CYCLES,BACKEND,SUB-EVENT,_Unsqueeze_5:OpId_130 (cycles)
5331059104,EXECUTE,67851,CYCLES,BACKEND,SUB-EVENT,_MatMul_4:OpId_131 (cycles)
5331059104,EXECUTE,0,CYCLES,BACKEND,SUB-EVENT,_Reshape_6:OpId_135 (cycles)
5331059104,EXECUTE,0,CYCLES,BACKEND,SUB-EVENT,_Transpose_4:OpId_137 (cycles)
5331059104,EXECUTE,27565,CYCLES,BACKEND,SUB-EVENT,_MatMul_5:OpId_139 (cycles)
5331059104,EXECUTE,0,CYCLES,BACKEND,SUB-EVENT,_MatMul_5_post_reshape:OpId_142 (cycles)
5331059104,EXECUTE,0,CYCLES,BACKEND,SUB-EVENT,_MatMul_5_output_0_nfc:OpId_144 (cycles)
5331059104,EXECUTE,125424,CYCLES,BACKEND,SUB-EVENT,_Add_7:OpId_146 (cycles)
5331059104,EXECUTE,288,CYCLES,BACKEND,SUB-EVENT,_Add_7_output_0_ncf:OpId_149 (cycles)
5331059104,EXECUTE,3989,CYCLES,BACKEND,SUB-EVENT,rms_norm__Mul_11_output_0:OpId_154 (cycles)
5331059104,EXECUTE,0,CYCLES,BACKEND,SUB-EVENT,_MatMul_6:OpId_158 (cycles)
5331059104,EXECUTE,0,CYCLES,BACKEND,SUB-EVENT,_MatMul_6_post_reshape:OpId_161 (cycles)
5331059104,EXECUTE,292801,CYCLES,BACKEND,SUB-EVENT,_MatMul_7:OpId_163 (cycles)
5331059104,EXECUTE,0,CYCLES,BACKEND,SUB-EVENT,_MatMul_7_post_reshape:OpId_166 (cycles)
5331059104,EXECUTE,0,CYCLES,BACKEND,SUB-EVENT,_Sigmoid:OpId_167 (cycles)
5331059104,EXECUTE,257032,CYCLES,BACKEND,SUB-EVENT,_Mul_12:OpId_174 (cycles)
5331059104,EXECUTE,28419,CYCLES,BACKEND,SUB-EVENT,_Mul_13:OpId_176 (cycles)
5331059104,EXECUTE,404092,CYCLES,BACKEND,SUB-EVENT,_MatMul_8:OpId_179 (cycles)
5331059104,EXECUTE,0,CYCLES,BACKEND,SUB-EVENT,_MatMul_8_post_reshape:OpId_182 (cycles)
5331059104,EXECUTE,0,CYCLES,BACKEND,SUB-EVENT,_MatMul_8_output_0_nfc:OpId_184 (cycles)
5331059104,EXECUTE,14558,CYCLES,BACKEND,SUB-EVENT,_Add_9:OpId_186 (cycles)
5331059104,EXECUTE,6277,CYCLES,BACKEND,SUB-EVENT,Output OpId_3 (cycles)
5331059104,EXECUTE,4631,US,BACKEND,ROOT,Accelerator (execute) time
5331059104,EXECUTE,4488,US,BACKEND,ROOT,Accelerator (execute excluding wait) time
5331059104,EXECUTE,11990,US,BACKEND,ROOT,QNN (execute) time
5331072825,EXECUTE,12639,US,NETRUN,ROOT,Graph 0: qwen2_0_5b_layer0_decode_past128_grouped_gqa_delta_kv
5331072825,EXECUTE,4,COUNT,BACKEND,ROOT,Number of HVX threads used
5331072825,EXECUTE,12169,US,BACKEND,ROOT,RPC (execute) time
5331072825,EXECUTE,9949,US,BACKEND,ROOT,QNN accelerator (execute) time
5331072825,EXECUTE,0,COUNT,BACKEND,ROOT,Num times yield occured
5331072825,EXECUTE,588,US,BACKEND,ROOT,Time for initial VTCM acquire
5331072825,EXECUTE,318,US,BACKEND,ROOT,Time for HVX + HMX power on and acquire
5331072825,EXECUTE,2376891,CYCLES,BACKEND,ROOT,Accelerator (execute) time (cycles)
5331072825,EXECUTE,34964,CYCLES,BACKEND,SUB-EVENT,Input OpId_2 (cycles)
5331072825,EXECUTE,9015,CYCLES,BACKEND,SUB-EVENT,hidden_states_ncf:OpId_17 (cycles)
5331072825,EXECUTE,32043,CYCLES,BACKEND,SUB-EVENT,past_value_nchw:OpId_20 (cycles)
5331072825,EXECUTE,10751,CYCLES,BACKEND,SUB-EVENT,rms_norm__Mul_1_output_0:OpId_24 (cycles)
5331072825,EXECUTE,94141,CYCLES,BACKEND,SUB-EVENT,_MatMul:OpId_29 (cycles)
5331072825,EXECUTE,0,CYCLES,BACKEND,SUB-EVENT,_MatMul_post_reshape:OpId_31 (cycles)
5331072825,EXECUTE,14804,CYCLES,BACKEND,SUB-EVENT,_MatMul_1:OpId_34 (cycles)
5331072825,EXECUTE,14274,CYCLES,BACKEND,SUB-EVENT,_MatMul_1_post_reshape:OpId_36 (cycles)
5331072825,EXECUTE,1874,CYCLES,BACKEND,SUB-EVENT,_MatMul_2:OpId_39 (cycles)
5331072825,EXECUTE,12464,CYCLES,BACKEND,SUB-EVENT,_MatMul_2_post_reshape:OpId_41 (cycles)
5331072825,EXECUTE,487,CYCLES,BACKEND,SUB-EVENT,_Transpose:OpId_43 (cycles)
5331072825,EXECUTE,4741,CYCLES,BACKEND,SUB-EVENT,_Transpose_1:OpId_45 (cycles)
5331072825,EXECUTE,4540,CYCLES,BACKEND,SUB-EVENT,_Transpose_2:OpId_47 (cycles)
5331072825,EXECUTE,59485,CYCLES,BACKEND,SUB-EVENT,_Slice:OpId_49 (cycles)
5331072825,EXECUTE,22594,CYCLES,BACKEND,SUB-EVENT,_Slice_1:OpId_55 (cycles)
5331072825,EXECUTE,3059,CYCLES,BACKEND,SUB-EVENT,_Mul_2:OpId_61 (cycles)
5331072825,EXECUTE,1490,CYCLES,BACKEND,SUB-EVENT,_Mul_3:OpId_64 (cycles)
5331072825,EXECUTE,272,CYCLES,BACKEND,SUB-EVENT,_Sub:OpId_66 (cycles)
5331072825,EXECUTE,3079,CYCLES,BACKEND,SUB-EVENT,_Mul_4:OpId_68 (cycles)
5331072825,EXECUTE,3063,CYCLES,BACKEND,SUB-EVENT,_Mul_5:OpId_70 (cycles)
5331072825,EXECUTE,5477,CYCLES,BACKEND,SUB-EVENT,_Add_4:OpId_72 (cycles)
5331072825,EXECUTE,0,CYCLES,BACKEND,SUB-EVENT,_Unsqueeze:OpId_74 (cycles)
5331072825,EXECUTE,0,CYCLES,BACKEND,SUB-EVENT,_Unsqueeze_1:OpId_75 (cycles)
5331072825,EXECUTE,757,CYCLES,BACKEND,SUB-EVENT,_Concat:OpId_76 (cycles)
5331072825,EXECUTE,631,CYCLES,BACKEND,SUB-EVENT,_Reshape_3:OpId_78 (cycles)
5331072825,EXECUTE,79435,CYCLES,BACKEND,SUB-EVENT,_Slice_3:OpId_80 (cycles)
5331072825,EXECUTE,18546,CYCLES,BACKEND,SUB-EVENT,_Slice_4:OpId_86 (cycles)
5331072825,EXECUTE,29627,CYCLES,BACKEND,SUB-EVENT,_Mul_6:OpId_91 (cycles)
5331072825,EXECUTE,27509,CYCLES,BACKEND,SUB-EVENT,_Mul_7:OpId_93 (cycles)
5331072825,EXECUTE,5002,CYCLES,BACKEND,SUB-EVENT,_Sub_1:OpId_95 (cycles)
5331072825,EXECUTE,44756,CYCLES,BACKEND,SUB-EVENT,_Mul_8:OpId_97 (cycles)
5331072825,EXECUTE,26540,CYCLES,BACKEND,SUB-EVENT,_Mul_9:OpId_99 (cycles)
5331072825,EXECUTE,2387,CYCLES,BACKEND,SUB-EVENT,_Add_5:OpId_101 (cycles)
5331072825,EXECUTE,0,CYCLES,BACKEND,SUB-EVENT,_Unsqueeze_2:OpId_103 (cycles)
5331072825,EXECUTE,0,CYCLES,BACKEND,SUB-EVENT,_Unsqueeze_3:OpId_104 (cycles)
5331072825,EXECUTE,8833,CYCLES,BACKEND,SUB-EVENT,_Concat_2:OpId_105 (cycles)
5331072825,EXECUTE,0,CYCLES,BACKEND,SUB-EVENT,_Reshape_4:OpId_107 (cycles)
5331072825,EXECUTE,4106,CYCLES,BACKEND,SUB-EVENT,current_key_nhwc:OpId_109 (cycles)
5331072825,EXECUTE,3605,CYCLES,BACKEND,SUB-EVENT,_Concat_4:OpId_110 (cycles)
5331072825,EXECUTE,369681,CYCLES,BACKEND,SUB-EVENT,_Concat_4_output_0_nchw:OpId_113 (cycles)
5331072825,EXECUTE,2812,CYCLES,BACKEND,SUB-EVENT,_Concat_5:OpId_114 (cycles)
5331072825,EXECUTE,0,CYCLES,BACKEND,SUB-EVENT,_Unsqueeze_4:OpId_116 (cycles)
5331072825,EXECUTE,33452,CYCLES,BACKEND,SUB-EVENT,_MatMul_3:OpId_117 (cycles)
5331072825,EXECUTE,7054,CYCLES,BACKEND,SUB-EVENT,_Div_1:OpId_122 (cycles)
5331072825,EXECUTE,0,CYCLES,BACKEND,SUB-EVENT,_Add_6:OpId_125 (cycles)
5331072825,EXECUTE,22991,CYCLES,BACKEND,SUB-EVENT,_Softmax:OpId_127 (cycles)
5331072825,EXECUTE,0,CYCLES,BACKEND,SUB-EVENT,_Unsqueeze_5:OpId_130 (cycles)
5331072825,EXECUTE,66176,CYCLES,BACKEND,SUB-EVENT,_MatMul_4:OpId_131 (cycles)
5331072825,EXECUTE,0,CYCLES,BACKEND,SUB-EVENT,_Reshape_6:OpId_135 (cycles)
5331072825,EXECUTE,0,CYCLES,BACKEND,SUB-EVENT,_Transpose_4:OpId_137 (cycles)
5331072825,EXECUTE,13813,CYCLES,BACKEND,SUB-EVENT,_MatMul_5:OpId_139 (cycles)
5331072825,EXECUTE,0,CYCLES,BACKEND,SUB-EVENT,_MatMul_5_post_reshape:OpId_142 (cycles)
5331072825,EXECUTE,0,CYCLES,BACKEND,SUB-EVENT,_MatMul_5_output_0_nfc:OpId_144 (cycles)
5331072825,EXECUTE,86344,CYCLES,BACKEND,SUB-EVENT,_Add_7:OpId_146 (cycles)
5331072825,EXECUTE,252,CYCLES,BACKEND,SUB-EVENT,_Add_7_output_0_ncf:OpId_149 (cycles)
5331072825,EXECUTE,2460,CYCLES,BACKEND,SUB-EVENT,rms_norm__Mul_11_output_0:OpId_154 (cycles)
5331072825,EXECUTE,0,CYCLES,BACKEND,SUB-EVENT,_MatMul_6:OpId_158 (cycles)
5331072825,EXECUTE,0,CYCLES,BACKEND,SUB-EVENT,_MatMul_6_post_reshape:OpId_161 (cycles)
5331072825,EXECUTE,431036,CYCLES,BACKEND,SUB-EVENT,_MatMul_7:OpId_163 (cycles)
5331072825,EXECUTE,0,CYCLES,BACKEND,SUB-EVENT,_MatMul_7_post_reshape:OpId_166 (cycles)
5331072825,EXECUTE,0,CYCLES,BACKEND,SUB-EVENT,_Sigmoid:OpId_167 (cycles)
5331072825,EXECUTE,302551,CYCLES,BACKEND,SUB-EVENT,_Mul_12:OpId_174 (cycles)
5331072825,EXECUTE,26858,CYCLES,BACKEND,SUB-EVENT,_Mul_13:OpId_176 (cycles)
5331072825,EXECUTE,401982,CYCLES,BACKEND,SUB-EVENT,_MatMul_8:OpId_179 (cycles)
5331072825,EXECUTE,0,CYCLES,BACKEND,SUB-EVENT,_MatMul_8_post_reshape:OpId_182 (cycles)
5331072825,EXECUTE,0,CYCLES,BACKEND,SUB-EVENT,_MatMul_8_output_0_nfc:OpId_184 (cycles)
5331072825,EXECUTE,14803,CYCLES,BACKEND,SUB-EVENT,_Add_9:OpId_186 (cycles)
5331072825,EXECUTE,10275,CYCLES,BACKEND,SUB-EVENT,Output OpId_3 (cycles)
5331072825,EXECUTE,5015,US,BACKEND,ROOT,Accelerator (execute) time
5331072825,EXECUTE,4882,US,BACKEND,ROOT,Accelerator (execute excluding wait) time
5331072825,EXECUTE,12618,US,BACKEND,ROOT,QNN (execute) time
5331087509,EXECUTE,12614,US,NETRUN,ROOT,Graph 0: qwen2_0_5b_layer0_decode_past128_grouped_gqa_delta_kv
5331087509,EXECUTE,4,COUNT,BACKEND,ROOT,Number of HVX threads used
5331087509,EXECUTE,12250,US,BACKEND,ROOT,RPC (execute) time
5331087509,EXECUTE,9985,US,BACKEND,ROOT,QNN accelerator (execute) time
5331087509,EXECUTE,0,COUNT,BACKEND,ROOT,Num times yield occured
5331087509,EXECUTE,572,US,BACKEND,ROOT,Time for initial VTCM acquire
5331087509,EXECUTE,251,US,BACKEND,ROOT,Time for HVX + HMX power on and acquire
5331087509,EXECUTE,2164458,CYCLES,BACKEND,ROOT,Accelerator (execute) time (cycles)
5331087509,EXECUTE,77034,CYCLES,BACKEND,SUB-EVENT,Input OpId_2 (cycles)
5331087509,EXECUTE,26341,CYCLES,BACKEND,SUB-EVENT,hidden_states_ncf:OpId_17 (cycles)
5331087509,EXECUTE,11487,CYCLES,BACKEND,SUB-EVENT,past_value_nchw:OpId_20 (cycles)
5331087509,EXECUTE,10983,CYCLES,BACKEND,SUB-EVENT,rms_norm__Mul_1_output_0:OpId_24 (cycles)
5331087509,EXECUTE,26411,CYCLES,BACKEND,SUB-EVENT,_MatMul:OpId_29 (cycles)
5331087509,EXECUTE,0,CYCLES,BACKEND,SUB-EVENT,_MatMul_post_reshape:OpId_31 (cycles)
5331087509,EXECUTE,8497,CYCLES,BACKEND,SUB-EVENT,_MatMul_1:OpId_34 (cycles)
5331087509,EXECUTE,10156,CYCLES,BACKEND,SUB-EVENT,_MatMul_1_post_reshape:OpId_36 (cycles)
5331087509,EXECUTE,7306,CYCLES,BACKEND,SUB-EVENT,_MatMul_2:OpId_39 (cycles)
5331087509,EXECUTE,8352,CYCLES,BACKEND,SUB-EVENT,_MatMul_2_post_reshape:OpId_41 (cycles)
5331087509,EXECUTE,491,CYCLES,BACKEND,SUB-EVENT,_Transpose:OpId_43 (cycles)
5331087509,EXECUTE,1415,CYCLES,BACKEND,SUB-EVENT,_Transpose_1:OpId_45 (cycles)
5331087509,EXECUTE,1211,CYCLES,BACKEND,SUB-EVENT,_Transpose_2:OpId_47 (cycles)
5331087509,EXECUTE,23266,CYCLES,BACKEND,SUB-EVENT,_Slice:OpId_49 (cycles)
5331087509,EXECUTE,5358,CYCLES,BACKEND,SUB-EVENT,_Slice_1:OpId_55 (cycles)
5331087509,EXECUTE,1592,CYCLES,BACKEND,SUB-EVENT,_Mul_2:OpId_61 (cycles)
5331087509,EXECUTE,1300,CYCLES,BACKEND,SUB-EVENT,_Mul_3:OpId_64 (cycles)
5331087509,EXECUTE,269,CYCLES,BACKEND,SUB-EVENT,_Sub:OpId_66 (cycles)
5331087509,EXECUTE,1911,CYCLES,BACKEND,SUB-EVENT,_Mul_4:OpId_68 (cycles)
5331087509,EXECUTE,1324,CYCLES,BACKEND,SUB-EVENT,_Mul_5:OpId_70 (cycles)
5331087509,EXECUTE,6526,CYCLES,BACKEND,SUB-EVENT,_Add_4:OpId_72 (cycles)
5331087509,EXECUTE,0,CYCLES,BACKEND,SUB-EVENT,_Unsqueeze:OpId_74 (cycles)
5331087509,EXECUTE,0,CYCLES,BACKEND,SUB-EVENT,_Unsqueeze_1:OpId_75 (cycles)
5331087509,EXECUTE,795,CYCLES,BACKEND,SUB-EVENT,_Concat:OpId_76 (cycles)
5331087509,EXECUTE,536,CYCLES,BACKEND,SUB-EVENT,_Reshape_3:OpId_78 (cycles)
5331087509,EXECUTE,22900,CYCLES,BACKEND,SUB-EVENT,_Slice_3:OpId_80 (cycles)
5331087509,EXECUTE,5428,CYCLES,BACKEND,SUB-EVENT,_Slice_4:OpId_86 (cycles)
5331087509,EXECUTE,6681,CYCLES,BACKEND,SUB-EVENT,_Mul_6:OpId_91 (cycles)
5331087509,EXECUTE,2512,CYCLES,BACKEND,SUB-EVENT,_Mul_7:OpId_93 (cycles)
5331087509,EXECUTE,867,CYCLES,BACKEND,SUB-EVENT,_Sub_1:OpId_95 (cycles)
5331087509,EXECUTE,6620,CYCLES,BACKEND,SUB-EVENT,_Mul_8:OpId_97 (cycles)
5331087509,EXECUTE,2464,CYCLES,BACKEND,SUB-EVENT,_Mul_9:OpId_99 (cycles)
5331087509,EXECUTE,1221,CYCLES,BACKEND,SUB-EVENT,_Add_5:OpId_101 (cycles)
5331087509,EXECUTE,0,CYCLES,BACKEND,SUB-EVENT,_Unsqueeze_2:OpId_103 (cycles)
5331087509,EXECUTE,0,CYCLES,BACKEND,SUB-EVENT,_Unsqueeze_3:OpId_104 (cycles)
5331087509,EXECUTE,2746,CYCLES,BACKEND,SUB-EVENT,_Concat_2:OpId_105 (cycles)
5331087509,EXECUTE,0,CYCLES,BACKEND,SUB-EVENT,_Reshape_4:OpId_107 (cycles)
5331087509,EXECUTE,1412,CYCLES,BACKEND,SUB-EVENT,current_key_nhwc:OpId_109 (cycles)
5331087509,EXECUTE,3221,CYCLES,BACKEND,SUB-EVENT,_Concat_4:OpId_110 (cycles)
5331087509,EXECUTE,368855,CYCLES,BACKEND,SUB-EVENT,_Concat_4_output_0_nchw:OpId_113 (cycles)
5331087509,EXECUTE,1227,CYCLES,BACKEND,SUB-EVENT,_Concat_5:OpId_114 (cycles)
5331087509,EXECUTE,0,CYCLES,BACKEND,SUB-EVENT,_Unsqueeze_4:OpId_116 (cycles)
5331087509,EXECUTE,34494,CYCLES,BACKEND,SUB-EVENT,_MatMul_3:OpId_117 (cycles)
5331087509,EXECUTE,7067,CYCLES,BACKEND,SUB-EVENT,_Div_1:OpId_122 (cycles)
5331087509,EXECUTE,0,CYCLES,BACKEND,SUB-EVENT,_Add_6:OpId_125 (cycles)
5331087509,EXECUTE,23069,CYCLES,BACKEND,SUB-EVENT,_Softmax:OpId_127 (cycles)
5331087509,EXECUTE,0,CYCLES,BACKEND,SUB-EVENT,_Unsqueeze_5:OpId_130 (cycles)
5331087509,EXECUTE,35332,CYCLES,BACKEND,SUB-EVENT,_MatMul_4:OpId_131 (cycles)
5331087509,EXECUTE,0,CYCLES,BACKEND,SUB-EVENT,_Reshape_6:OpId_135 (cycles)
5331087509,EXECUTE,0,CYCLES,BACKEND,SUB-EVENT,_Transpose_4:OpId_137 (cycles)
5331087509,EXECUTE,63355,CYCLES,BACKEND,SUB-EVENT,_MatMul_5:OpId_139 (cycles)
5331087509,EXECUTE,0,CYCLES,BACKEND,SUB-EVENT,_MatMul_5_post_reshape:OpId_142 (cycles)
5331087509,EXECUTE,0,CYCLES,BACKEND,SUB-EVENT,_MatMul_5_output_0_nfc:OpId_144 (cycles)
5331087509,EXECUTE,108894,CYCLES,BACKEND,SUB-EVENT,_Add_7:OpId_146 (cycles)
5331087509,EXECUTE,309,CYCLES,BACKEND,SUB-EVENT,_Add_7_output_0_ncf:OpId_149 (cycles)
5331087509,EXECUTE,3979,CYCLES,BACKEND,SUB-EVENT,rms_norm__Mul_11_output_0:OpId_154 (cycles)
5331087509,EXECUTE,0,CYCLES,BACKEND,SUB-EVENT,_MatMul_6:OpId_158 (cycles)
5331087509,EXECUTE,0,CYCLES,BACKEND,SUB-EVENT,_MatMul_6_post_reshape:OpId_161 (cycles)
5331087509,EXECUTE,446487,CYCLES,BACKEND,SUB-EVENT,_MatMul_7:OpId_163 (cycles)
5331087509,EXECUTE,0,CYCLES,BACKEND,SUB-EVENT,_MatMul_7_post_reshape:OpId_166 (cycles)
5331087509,EXECUTE,0,CYCLES,BACKEND,SUB-EVENT,_Sigmoid:OpId_167 (cycles)
5331087509,EXECUTE,339687,CYCLES,BACKEND,SUB-EVENT,_Mul_12:OpId_174 (cycles)
5331087509,EXECUTE,25377,CYCLES,BACKEND,SUB-EVENT,_Mul_13:OpId_176 (cycles)
5331087509,EXECUTE,399647,CYCLES,BACKEND,SUB-EVENT,_MatMul_8:OpId_179 (cycles)
5331087509,EXECUTE,0,CYCLES,BACKEND,SUB-EVENT,_MatMul_8_post_reshape:OpId_182 (cycles)
5331087509,EXECUTE,0,CYCLES,BACKEND,SUB-EVENT,_MatMul_8_output_0_nfc:OpId_184 (cycles)
5331087509,EXECUTE,14895,CYCLES,BACKEND,SUB-EVENT,_Add_9:OpId_186 (cycles)
5331087509,EXECUTE,3151,CYCLES,BACKEND,SUB-EVENT,Output OpId_3 (cycles)
5331087509,EXECUTE,4951,US,BACKEND,ROOT,Accelerator (execute) time
5331087509,EXECUTE,4830,US,BACKEND,ROOT,Accelerator (execute excluding wait) time
5331087509,EXECUTE,12592,US,BACKEND,ROOT,QNN (execute) time
5331099876,EXECUTE,12133,US,NETRUN,ROOT,Graph 0: qwen2_0_5b_layer0_decode_past128_grouped_gqa_delta_kv
5331099876,EXECUTE,4,COUNT,BACKEND,ROOT,Number of HVX threads used
5331099876,EXECUTE,11765,US,BACKEND,ROOT,RPC (execute) time
5331099876,EXECUTE,9629,US,BACKEND,ROOT,QNN accelerator (execute) time
5331099876,EXECUTE,0,COUNT,BACKEND,ROOT,Num times yield occured
5331099876,EXECUTE,580,US,BACKEND,ROOT,Time for initial VTCM acquire
5331099876,EXECUTE,264,US,BACKEND,ROOT,Time for HVX + HMX power on and acquire
5331099876,EXECUTE,2342646,CYCLES,BACKEND,ROOT,Accelerator (execute) time (cycles)
5331099876,EXECUTE,124909,CYCLES,BACKEND,SUB-EVENT,Input OpId_2 (cycles)
5331099876,EXECUTE,40364,CYCLES,BACKEND,SUB-EVENT,hidden_states_ncf:OpId_17 (cycles)
5331099876,EXECUTE,29399,CYCLES,BACKEND,SUB-EVENT,past_value_nchw:OpId_20 (cycles)
5331099876,EXECUTE,17117,CYCLES,BACKEND,SUB-EVENT,rms_norm__Mul_1_output_0:OpId_24 (cycles)
5331099876,EXECUTE,59448,CYCLES,BACKEND,SUB-EVENT,_MatMul:OpId_29 (cycles)
5331099876,EXECUTE,0,CYCLES,BACKEND,SUB-EVENT,_MatMul_post_reshape:OpId_31 (cycles)
5331099876,EXECUTE,13650,CYCLES,BACKEND,SUB-EVENT,_MatMul_1:OpId_34 (cycles)
5331099876,EXECUTE,23364,CYCLES,BACKEND,SUB-EVENT,_MatMul_1_post_reshape:OpId_36 (cycles)
5331099876,EXECUTE,4437,CYCLES,BACKEND,SUB-EVENT,_MatMul_2:OpId_39 (cycles)
5331099876,EXECUTE,21543,CYCLES,BACKEND,SUB-EVENT,_MatMul_2_post_reshape:OpId_41 (cycles)
5331099876,EXECUTE,514,CYCLES,BACKEND,SUB-EVENT,_Transpose:OpId_43 (cycles)
5331099876,EXECUTE,4103,CYCLES,BACKEND,SUB-EVENT,_Transpose_1:OpId_45 (cycles)
5331099876,EXECUTE,3831,CYCLES,BACKEND,SUB-EVENT,_Transpose_2:OpId_47 (cycles)
5331099876,EXECUTE,45139,CYCLES,BACKEND,SUB-EVENT,_Slice:OpId_49 (cycles)
5331099876,EXECUTE,11788,CYCLES,BACKEND,SUB-EVENT,_Slice_1:OpId_55 (cycles)
5331099876,EXECUTE,3634,CYCLES,BACKEND,SUB-EVENT,_Mul_2:OpId_61 (cycles)
5331099876,EXECUTE,1143,CYCLES,BACKEND,SUB-EVENT,_Mul_3:OpId_64 (cycles)
5331099876,EXECUTE,270,CYCLES,BACKEND,SUB-EVENT,_Sub:OpId_66 (cycles)
5331099876,EXECUTE,3819,CYCLES,BACKEND,SUB-EVENT,_Mul_4:OpId_68 (cycles)
5331099876,EXECUTE,1344,CYCLES,BACKEND,SUB-EVENT,_Mul_5:OpId_70 (cycles)
5331099876,EXECUTE,7566,CYCLES,BACKEND,SUB-EVENT,_Add_4:OpId_72 (cycles)
5331099876,EXECUTE,0,CYCLES,BACKEND,SUB-EVENT,_Unsqueeze:OpId_74 (cycles)
5331099876,EXECUTE,0,CYCLES,BACKEND,SUB-EVENT,_Unsqueeze_1:OpId_75 (cycles)
5331099876,EXECUTE,880,CYCLES,BACKEND,SUB-EVENT,_Concat:OpId_76 (cycles)
5331099876,EXECUTE,583,CYCLES,BACKEND,SUB-EVENT,_Reshape_3:OpId_78 (cycles)
5331099876,EXECUTE,66482,CYCLES,BACKEND,SUB-EVENT,_Slice_3:OpId_80 (cycles)
5331099876,EXECUTE,15825,CYCLES,BACKEND,SUB-EVENT,_Slice_4:OpId_86 (cycles)
5331099876,EXECUTE,37401,CYCLES,BACKEND,SUB-EVENT,_Mul_6:OpId_91 (cycles)
5331099876,EXECUTE,26842,CYCLES,BACKEND,SUB-EVENT,_Mul_7:OpId_93 (cycles)
5331099876,EXECUTE,7203,CYCLES,BACKEND,SUB-EVENT,_Sub_1:OpId_95 (cycles)
5331099876,EXECUTE,32199,CYCLES,BACKEND,SUB-EVENT,_Mul_8:OpId_97 (cycles)
5331099876,EXECUTE,26767,CYCLES,BACKEND,SUB-EVENT,_Mul_9:OpId_99 (cycles)
5331099876,EXECUTE,8902,CYCLES,BACKEND,SUB-EVENT,_Add_5:OpId_101 (cycles)
5331099876,EXECUTE,0,CYCLES,BACKEND,SUB-EVENT,_Unsqueeze_2:OpId_103 (cycles)
5331099876,EXECUTE,0,CYCLES,BACKEND,SUB-EVENT,_Unsqueeze_3:OpId_104 (cycles)
5331099876,EXECUTE,11000,CYCLES,BACKEND,SUB-EVENT,_Concat_2:OpId_105 (cycles)
5331099876,EXECUTE,0,CYCLES,BACKEND,SUB-EVENT,_Reshape_4:OpId_107 (cycles)
5331099876,EXECUTE,6952,CYCLES,BACKEND,SUB-EVENT,current_key_nhwc:OpId_109 (cycles)
5331099876,EXECUTE,5874,CYCLES,BACKEND,SUB-EVENT,_Concat_4:OpId_110 (cycles)
5331099876,EXECUTE,353888,CYCLES,BACKEND,SUB-EVENT,_Concat_4_output_0_nchw:OpId_113 (cycles)
5331099876,EXECUTE,5407,CYCLES,BACKEND,SUB-EVENT,_Concat_5:OpId_114 (cycles)
5331099876,EXECUTE,0,CYCLES,BACKEND,SUB-EVENT,_Unsqueeze_4:OpId_116 (cycles)
5331099876,EXECUTE,34369,CYCLES,BACKEND,SUB-EVENT,_MatMul_3:OpId_117 (cycles)
5331099876,EXECUTE,16168,CYCLES,BACKEND,SUB-EVENT,_Div_1:OpId_122 (cycles)
5331099876,EXECUTE,0,CYCLES,BACKEND,SUB-EVENT,_Add_6:OpId_125 (cycles)
5331099876,EXECUTE,22560,CYCLES,BACKEND,SUB-EVENT,_Softmax:OpId_127 (cycles)
5331099876,EXECUTE,0,CYCLES,BACKEND,SUB-EVENT,_Unsqueeze_5:OpId_130 (cycles)
5331099876,EXECUTE,91515,CYCLES,BACKEND,SUB-EVENT,_MatMul_4:OpId_131 (cycles)
5331099876,EXECUTE,0,CYCLES,BACKEND,SUB-EVENT,_Reshape_6:OpId_135 (cycles)
5331099876,EXECUTE,0,CYCLES,BACKEND,SUB-EVENT,_Transpose_4:OpId_137 (cycles)
5331099876,EXECUTE,25507,CYCLES,BACKEND,SUB-EVENT,_MatMul_5:OpId_139 (cycles)
5331099876,EXECUTE,0,CYCLES,BACKEND,SUB-EVENT,_MatMul_5_post_reshape:OpId_142 (cycles)
5331099876,EXECUTE,0,CYCLES,BACKEND,SUB-EVENT,_MatMul_5_output_0_nfc:OpId_144 (cycles)
5331099876,EXECUTE,114238,CYCLES,BACKEND,SUB-EVENT,_Add_7:OpId_146 (cycles)
5331099876,EXECUTE,254,CYCLES,BACKEND,SUB-EVENT,_Add_7_output_0_ncf:OpId_149 (cycles)
5331099876,EXECUTE,3745,CYCLES,BACKEND,SUB-EVENT,rms_norm__Mul_11_output_0:OpId_154 (cycles)
5331099876,EXECUTE,0,CYCLES,BACKEND,SUB-EVENT,_MatMul_6:OpId_158 (cycles)
5331099876,EXECUTE,0,CYCLES,BACKEND,SUB-EVENT,_MatMul_6_post_reshape:OpId_161 (cycles)
5331099876,EXECUTE,298878,CYCLES,BACKEND,SUB-EVENT,_MatMul_7:OpId_163 (cycles)
5331099876,EXECUTE,0,CYCLES,BACKEND,SUB-EVENT,_MatMul_7_post_reshape:OpId_166 (cycles)
5331099876,EXECUTE,0,CYCLES,BACKEND,SUB-EVENT,_Sigmoid:OpId_167 (cycles)
5331099876,EXECUTE,250249,CYCLES,BACKEND,SUB-EVENT,_Mul_12:OpId_174 (cycles)
5331099876,EXECUTE,33301,CYCLES,BACKEND,SUB-EVENT,_Mul_13:OpId_176 (cycles)
5331099876,EXECUTE,407655,CYCLES,BACKEND,SUB-EVENT,_MatMul_8:OpId_179 (cycles)
5331099876,EXECUTE,0,CYCLES,BACKEND,SUB-EVENT,_MatMul_8_post_reshape:OpId_182 (cycles)
5331099876,EXECUTE,0,CYCLES,BACKEND,SUB-EVENT,_MatMul_8_output_0_nfc:OpId_184 (cycles)
5331099876,EXECUTE,14808,CYCLES,BACKEND,SUB-EVENT,_Add_9:OpId_186 (cycles)
5331099876,EXECUTE,5812,CYCLES,BACKEND,SUB-EVENT,Output OpId_3 (cycles)
5331099876,EXECUTE,4631,US,BACKEND,ROOT,Accelerator (execute) time
5331099876,EXECUTE,4509,US,BACKEND,ROOT,Accelerator (execute excluding wait) time
5331099876,EXECUTE,12113,US,BACKEND,ROOT,QNN (execute) time
5331113600,EXECUTE,12099,US,NETRUN,ROOT,Graph 0: qwen2_0_5b_layer0_decode_past128_grouped_gqa_delta_kv
5331113600,EXECUTE,4,COUNT,BACKEND,ROOT,Number of HVX threads used
5331113600,EXECUTE,11734,US,BACKEND,ROOT,RPC (execute) time
5331113600,EXECUTE,9651,US,BACKEND,ROOT,QNN accelerator (execute) time
5331113600,EXECUTE,0,COUNT,BACKEND,ROOT,Num times yield occured
5331113600,EXECUTE,1036,US,BACKEND,ROOT,Time for initial VTCM acquire
5331113600,EXECUTE,277,US,BACKEND,ROOT,Time for HVX + HMX power on and acquire
5331113600,EXECUTE,2245711,CYCLES,BACKEND,ROOT,Accelerator (execute) time (cycles)
5331113600,EXECUTE,98189,CYCLES,BACKEND,SUB-EVENT,Input OpId_2 (cycles)
5331113600,EXECUTE,50130,CYCLES,BACKEND,SUB-EVENT,hidden_states_ncf:OpId_17 (cycles)
5331113600,EXECUTE,23303,CYCLES,BACKEND,SUB-EVENT,past_value_nchw:OpId_20 (cycles)
5331113600,EXECUTE,12914,CYCLES,BACKEND,SUB-EVENT,rms_norm__Mul_1_output_0:OpId_24 (cycles)
5331113600,EXECUTE,55618,CYCLES,BACKEND,SUB-EVENT,_MatMul:OpId_29 (cycles)
5331113600,EXECUTE,0,CYCLES,BACKEND,SUB-EVENT,_MatMul_post_reshape:OpId_31 (cycles)
5331113600,EXECUTE,9652,CYCLES,BACKEND,SUB-EVENT,_MatMul_1:OpId_34 (cycles)
5331113600,EXECUTE,16930,CYCLES,BACKEND,SUB-EVENT,_MatMul_1_post_reshape:OpId_36 (cycles)
5331113600,EXECUTE,8617,CYCLES,BACKEND,SUB-EVENT,_MatMul_2:OpId_39 (cycles)
5331113600,EXECUTE,15141,CYCLES,BACKEND,SUB-EVENT,_MatMul_2_post_reshape:OpId_41 (cycles)
5331113600,EXECUTE,517,CYCLES,BACKEND,SUB-EVENT,_Transpose:OpId_43 (cycles)
5331113600,EXECUTE,3531,CYCLES,BACKEND,SUB-EVENT,_Transpose_1:OpId_45 (cycles)
5331113600,EXECUTE,3359,CYCLES,BACKEND,SUB-EVENT,_Transpose_2:OpId_47 (cycles)
5331113600,EXECUTE,32816,CYCLES,BACKEND,SUB-EVENT,_Slice:OpId_49 (cycles)
5331113600,EXECUTE,15405,CYCLES,BACKEND,SUB-EVENT,_Slice_1:OpId_55 (cycles)
5331113600,EXECUTE,2849,CYCLES,BACKEND,SUB-EVENT,_Mul_2:OpId_61 (cycles)
5331113600,EXECUTE,1121,CYCLES,BACKEND,SUB-EVENT,_Mul_3:OpId_64 (cycles)
5331113600,EXECUTE,270,CYCLES,BACKEND,SUB-EVENT,_Sub:OpId_66 (cycles)
5331113600,EXECUTE,3030,CYCLES,BACKEND,SUB-EVENT,_Mul_4:OpId_68 (cycles)
5331113600,EXECUTE,1146,CYCLES,BACKEND,SUB-EVENT,_Mul_5:OpId_70 (cycles)
5331113600,EXECUTE,11111,CYCLES,BACKEND,SUB-EVENT,_Add_4:OpId_72 (cycles)
5331113600,EXECUTE,0,CYCLES,BACKEND,SUB-EVENT,_Unsqueeze:OpId_74 (cycles)
5331113600,EXECUTE,0,CYCLES,BACKEND,SUB-EVENT,_Unsqueeze_1:OpId_75 (cycles)
5331113600,EXECUTE,901,CYCLES,BACKEND,SUB-EVENT,_Concat:OpId_76 (cycles)
5331113600,EXECUTE,617,CYCLES,BACKEND,SUB-EVENT,_Reshape_3:OpId_78 (cycles)
5331113600,EXECUTE,72269,CYCLES,BACKEND,SUB-EVENT,_Slice_3:OpId_80 (cycles)
5331113600,EXECUTE,8192,CYCLES,BACKEND,SUB-EVENT,_Slice_4:OpId_86 (cycles)
5331113600,EXECUTE,29404,CYCLES,BACKEND,SUB-EVENT,_Mul_6:OpId_91 (cycles)
5331113600,EXECUTE,20593,CYCLES,BACKEND,SUB-EVENT,_Mul_7:OpId_93 (cycles)
5331113600,EXECUTE,9416,CYCLES,BACKEND,SUB-EVENT,_Sub_1:OpId_95 (cycles)
5331113600,EXECUTE,23759,CYCLES,BACKEND,SUB-EVENT,_Mul_8:OpId_97 (cycles)
5331113600,EXECUTE,20508,CYCLES,BACKEND,SUB-EVENT,_Mul_9:OpId_99 (cycles)
5331113600,EXECUTE,8024,CYCLES,BACKEND,SUB-EVENT,_Add_5:OpId_101 (cycles)
5331113600,EXECUTE,0,CYCLES,BACKEND,SUB-EVENT,_Unsqueeze_2:OpId_103 (cycles)
5331113600,EXECUTE,0,CYCLES,BACKEND,SUB-EVENT,_Unsqueeze_3:OpId_104 (cycles)
5331113600,EXECUTE,10151,CYCLES,BACKEND,SUB-EVENT,_Concat_2:OpId_105 (cycles)
5331113600,EXECUTE,0,CYCLES,BACKEND,SUB-EVENT,_Reshape_4:OpId_107 (cycles)
5331113600,EXECUTE,11668,CYCLES,BACKEND,SUB-EVENT,current_key_nhwc:OpId_109 (cycles)
5331113600,EXECUTE,5773,CYCLES,BACKEND,SUB-EVENT,_Concat_4:OpId_110 (cycles)
5331113600,EXECUTE,353951,CYCLES,BACKEND,SUB-EVENT,_Concat_4_output_0_nchw:OpId_113 (cycles)
5331113600,EXECUTE,13590,CYCLES,BACKEND,SUB-EVENT,_Concat_5:OpId_114 (cycles)
5331113600,EXECUTE,0,CYCLES,BACKEND,SUB-EVENT,_Unsqueeze_4:OpId_116 (cycles)
5331113600,EXECUTE,36913,CYCLES,BACKEND,SUB-EVENT,_MatMul_3:OpId_117 (cycles)
5331113600,EXECUTE,15457,CYCLES,BACKEND,SUB-EVENT,_Div_1:OpId_122 (cycles)
5331113600,EXECUTE,0,CYCLES,BACKEND,SUB-EVENT,_Add_6:OpId_125 (cycles)
5331113600,EXECUTE,23507,CYCLES,BACKEND,SUB-EVENT,_Softmax:OpId_127 (cycles)
5331113600,EXECUTE,0,CYCLES,BACKEND,SUB-EVENT,_Unsqueeze_5:OpId_130 (cycles)
5331113600,EXECUTE,70869,CYCLES,BACKEND,SUB-EVENT,_MatMul_4:OpId_131 (cycles)
5331113600,EXECUTE,0,CYCLES,BACKEND,SUB-EVENT,_Reshape_6:OpId_135 (cycles)
5331113600,EXECUTE,0,CYCLES,BACKEND,SUB-EVENT,_Transpose_4:OpId_137 (cycles)
5331113600,EXECUTE,22813,CYCLES,BACKEND,SUB-EVENT,_MatMul_5:OpId_139 (cycles)
5331113600,EXECUTE,0,CYCLES,BACKEND,SUB-EVENT,_MatMul_5_post_reshape:OpId_142 (cycles)
5331113600,EXECUTE,0,CYCLES,BACKEND,SUB-EVENT,_MatMul_5_output_0_nfc:OpId_144 (cycles)
5331113600,EXECUTE,108065,CYCLES,BACKEND,SUB-EVENT,_Add_7:OpId_146 (cycles)
5331113600,EXECUTE,272,CYCLES,BACKEND,SUB-EVENT,_Add_7_output_0_ncf:OpId_149 (cycles)
5331113600,EXECUTE,4782,CYCLES,BACKEND,SUB-EVENT,rms_norm__Mul_11_output_0:OpId_154 (cycles)
5331113600,EXECUTE,0,CYCLES,BACKEND,SUB-EVENT,_MatMul_6:OpId_158 (cycles)
5331113600,EXECUTE,0,CYCLES,BACKEND,SUB-EVENT,_MatMul_6_post_reshape:OpId_161 (cycles)
5331113600,EXECUTE,309991,CYCLES,BACKEND,SUB-EVENT,_MatMul_7:OpId_163 (cycles)
5331113600,EXECUTE,0,CYCLES,BACKEND,SUB-EVENT,_MatMul_7_post_reshape:OpId_166 (cycles)
5331113600,EXECUTE,0,CYCLES,BACKEND,SUB-EVENT,_Sigmoid:OpId_167 (cycles)
5331113600,EXECUTE,244268,CYCLES,BACKEND,SUB-EVENT,_Mul_12:OpId_174 (cycles)
5331113600,EXECUTE,29309,CYCLES,BACKEND,SUB-EVENT,_Mul_13:OpId_176 (cycles)
5331113600,EXECUTE,401544,CYCLES,BACKEND,SUB-EVENT,_MatMul_8:OpId_179 (cycles)
5331113600,EXECUTE,0,CYCLES,BACKEND,SUB-EVENT,_MatMul_8_post_reshape:OpId_182 (cycles)
5331113600,EXECUTE,0,CYCLES,BACKEND,SUB-EVENT,_MatMul_8_output_0_nfc:OpId_184 (cycles)
5331113600,EXECUTE,15065,CYCLES,BACKEND,SUB-EVENT,_Add_9:OpId_186 (cycles)
5331113600,EXECUTE,8391,CYCLES,BACKEND,SUB-EVENT,Output OpId_3 (cycles)
5331113600,EXECUTE,4645,US,BACKEND,ROOT,Accelerator (execute) time
5331113600,EXECUTE,4483,US,BACKEND,ROOT,Accelerator (execute excluding wait) time
5331113600,EXECUTE,12076,US,BACKEND,ROOT,QNN (execute) time
5331126525,EXECUTE,11972,US,NETRUN,ROOT,Graph 0: qwen2_0_5b_layer0_decode_past128_grouped_gqa_delta_kv
5331126525,EXECUTE,4,COUNT,BACKEND,ROOT,Number of HVX threads used
5331126525,EXECUTE,11599,US,BACKEND,ROOT,RPC (execute) time
5331126525,EXECUTE,9474,US,BACKEND,ROOT,QNN accelerator (execute) time
5331126525,EXECUTE,0,COUNT,BACKEND,ROOT,Num times yield occured
5331126525,EXECUTE,661,US,BACKEND,ROOT,Time for initial VTCM acquire
5331126525,EXECUTE,356,US,BACKEND,ROOT,Time for HVX + HMX power on and acquire
5331126525,EXECUTE,2136343,CYCLES,BACKEND,ROOT,Accelerator (execute) time (cycles)
5331126525,EXECUTE,75042,CYCLES,BACKEND,SUB-EVENT,Input OpId_2 (cycles)
5331126525,EXECUTE,25863,CYCLES,BACKEND,SUB-EVENT,hidden_states_ncf:OpId_17 (cycles)
5331126525,EXECUTE,18669,CYCLES,BACKEND,SUB-EVENT,past_value_nchw:OpId_20 (cycles)
5331126525,EXECUTE,12397,CYCLES,BACKEND,SUB-EVENT,rms_norm__Mul_1_output_0:OpId_24 (cycles)
5331126525,EXECUTE,47707,CYCLES,BACKEND,SUB-EVENT,_MatMul:OpId_29 (cycles)
5331126525,EXECUTE,0,CYCLES,BACKEND,SUB-EVENT,_MatMul_post_reshape:OpId_31 (cycles)
5331126525,EXECUTE,8908,CYCLES,BACKEND,SUB-EVENT,_MatMul_1:OpId_34 (cycles)
5331126525,EXECUTE,14629,CYCLES,BACKEND,SUB-EVENT,_MatMul_1_post_reshape:OpId_36 (cycles)
5331126525,EXECUTE,4478,CYCLES,BACKEND,SUB-EVENT,_MatMul_2:OpId_39 (cycles)
5331126525,EXECUTE,12833,CYCLES,BACKEND,SUB-EVENT,_MatMul_2_post_reshape:OpId_41 (cycles)
5331126525,EXECUTE,473,CYCLES,BACKEND,SUB-EVENT,_Transpose:OpId_43 (cycles)
5331126525,EXECUTE,3150,CYCLES,BACKEND,SUB-EVENT,_Transpose_1:OpId_45 (cycles)
5331126525,EXECUTE,2962,CYCLES,BACKEND,SUB-EVENT,_Transpose_2:OpId_47 (cycles)
5331126525,EXECUTE,37296,CYCLES,BACKEND,SUB-EVENT,_Slice:OpId_49 (cycles)
5331126525,EXECUTE,11674,CYCLES,BACKEND,SUB-EVENT,_Slice_1:OpId_55 (cycles)
5331126525,EXECUTE,2996,CYCLES,BACKEND,SUB-EVENT,_Mul_2:OpId_61 (cycles)
5331126525,EXECUTE,2624,CYCLES,BACKEND,SUB-EVENT,_Mul_3:OpId_64 (cycles)
5331126525,EXECUTE,255,CYCLES,BACKEND,SUB-EVENT,_Sub:OpId_66 (cycles)
5331126525,EXECUTE,9119,CYCLES,BACKEND,SUB-EVENT,_Mul_4:OpId_68 (cycles)
5331126525,EXECUTE,1621,CYCLES,BACKEND,SUB-EVENT,_Mul_5:OpId_70 (cycles)
5331126525,EXECUTE,9161,CYCLES,BACKEND,SUB-EVENT,_Add_4:OpId_72 (cycles)
5331126525,EXECUTE,0,CYCLES,BACKEND,SUB-EVENT,_Unsqueeze:OpId_74 (cycles)
5331126525,EXECUTE,0,CYCLES,BACKEND,SUB-EVENT,_Unsqueeze_1:OpId_75 (cycles)
5331126525,EXECUTE,961,CYCLES,BACKEND,SUB-EVENT,_Concat:OpId_76 (cycles)
5331126525,EXECUTE,615,CYCLES,BACKEND,SUB-EVENT,_Reshape_3:OpId_78 (cycles)
5331126525,EXECUTE,54346,CYCLES,BACKEND,SUB-EVENT,_Slice_3:OpId_80 (cycles)
5331126525,EXECUTE,7703,CYCLES,BACKEND,SUB-EVENT,_Slice_4:OpId_86 (cycles)
5331126525,EXECUTE,21310,CYCLES,BACKEND,SUB-EVENT,_Mul_6:OpId_91 (cycles)
5331126525,EXECUTE,18364,CYCLES,BACKEND,SUB-EVENT,_Mul_7:OpId_93 (cycles)
5331126525,EXECUTE,5020,CYCLES,BACKEND,SUB-EVENT,_Sub_1:OpId_95 (cycles)
5331126525,EXECUTE,20967,CYCLES,BACKEND,SUB-EVENT,_Mul_8:OpId_97 (cycles)
5331126525,EXECUTE,17648,CYCLES,BACKEND,SUB-EVENT,_Mul_9:OpId_99 (cycles)
5331126525,EXECUTE,3539,CYCLES,BACKEND,SUB-EVENT,_Add_5:OpId_101 (cycles)
5331126525,EXECUTE,0,CYCLES,BACKEND,SUB-EVENT,_Unsqueeze_2:OpId_103 (cycles)
5331126525,EXECUTE,0,CYCLES,BACKEND,SUB-EVENT,_Unsqueeze_3:OpId_104 (cycles)
5331126525,EXECUTE,8813,CYCLES,BACKEND,SUB-EVENT,_Concat_2:OpId_105 (cycles)
5331126525,EXECUTE,0,CYCLES,BACKEND,SUB-EVENT,_Reshape_4:OpId_107 (cycles)
5331126525,EXECUTE,4365,CYCLES,BACKEND,SUB-EVENT,current_key_nhwc:OpId_109 (cycles)
5331126525,EXECUTE,6203,CYCLES,BACKEND,SUB-EVENT,_Concat_4:OpId_110 (cycles)
5331126525,EXECUTE,377214,CYCLES,BACKEND,SUB-EVENT,_Concat_4_output_0_nchw:OpId_113 (cycles)
5331126525,EXECUTE,9537,CYCLES,BACKEND,SUB-EVENT,_Concat_5:OpId_114 (cycles)
5331126525,EXECUTE,0,CYCLES,BACKEND,SUB-EVENT,_Unsqueeze_4:OpId_116 (cycles)
5331126525,EXECUTE,37214,CYCLES,BACKEND,SUB-EVENT,_MatMul_3:OpId_117 (cycles)
5331126525,EXECUTE,16137,CYCLES,BACKEND,SUB-EVENT,_Div_1:OpId_122 (cycles)
5331126525,EXECUTE,0,CYCLES,BACKEND,SUB-EVENT,_Add_6:OpId_125 (cycles)
5331126525,EXECUTE,21275,CYCLES,BACKEND,SUB-EVENT,_Softmax:OpId_127 (cycles)
5331126525,EXECUTE,0,CYCLES,BACKEND,SUB-EVENT,_Unsqueeze_5:OpId_130 (cycles)
5331126525,EXECUTE,57408,CYCLES,BACKEND,SUB-EVENT,_MatMul_4:OpId_131 (cycles)
5331126525,EXECUTE,0,CYCLES,BACKEND,SUB-EVENT,_Reshape_6:OpId_135 (cycles)
5331126525,EXECUTE,0,CYCLES,BACKEND,SUB-EVENT,_Transpose_4:OpId_137 (cycles)
5331126525,EXECUTE,24757,CYCLES,BACKEND,SUB-EVENT,_MatMul_5:OpId_139 (cycles)
5331126525,EXECUTE,0,CYCLES,BACKEND,SUB-EVENT,_MatMul_5_post_reshape:OpId_142 (cycles)
5331126525,EXECUTE,0,CYCLES,BACKEND,SUB-EVENT,_MatMul_5_output_0_nfc:OpId_144 (cycles)
5331126525,EXECUTE,102117,CYCLES,BACKEND,SUB-EVENT,_Add_7:OpId_146 (cycles)
5331126525,EXECUTE,261,CYCLES,BACKEND,SUB-EVENT,_Add_7_output_0_ncf:OpId_149 (cycles)
5331126525,EXECUTE,8483,CYCLES,BACKEND,SUB-EVENT,rms_norm__Mul_11_output_0:OpId_154 (cycles)
5331126525,EXECUTE,0,CYCLES,BACKEND,SUB-EVENT,_MatMul_6:OpId_158 (cycles)
5331126525,EXECUTE,0,CYCLES,BACKEND,SUB-EVENT,_MatMul_6_post_reshape:OpId_161 (cycles)
5331126525,EXECUTE,301975,CYCLES,BACKEND,SUB-EVENT,_MatMul_7:OpId_163 (cycles)
5331126525,EXECUTE,0,CYCLES,BACKEND,SUB-EVENT,_MatMul_7_post_reshape:OpId_166 (cycles)
5331126525,EXECUTE,0,CYCLES,BACKEND,SUB-EVENT,_Sigmoid:OpId_167 (cycles)
5331126525,EXECUTE,250648,CYCLES,BACKEND,SUB-EVENT,_Mul_12:OpId_174 (cycles)
5331126525,EXECUTE,29075,CYCLES,BACKEND,SUB-EVENT,_Mul_13:OpId_176 (cycles)
5331126525,EXECUTE,408123,CYCLES,BACKEND,SUB-EVENT,_MatMul_8:OpId_179 (cycles)
5331126525,EXECUTE,0,CYCLES,BACKEND,SUB-EVENT,_MatMul_8_post_reshape:OpId_182 (cycles)
5331126525,EXECUTE,0,CYCLES,BACKEND,SUB-EVENT,_MatMul_8_output_0_nfc:OpId_184 (cycles)
5331126525,EXECUTE,14771,CYCLES,BACKEND,SUB-EVENT,_Add_9:OpId_186 (cycles)
5331126525,EXECUTE,5637,CYCLES,BACKEND,SUB-EVENT,Output OpId_3 (cycles)
5331126525,EXECUTE,4526,US,BACKEND,ROOT,Accelerator (execute) time
5331126525,EXECUTE,4387,US,BACKEND,ROOT,Accelerator (execute excluding wait) time
5331126525,EXECUTE,11947,US,BACKEND,ROOT,QNN (execute) time
5331140552,EXECUTE,12571,US,NETRUN,ROOT,Graph 0: qwen2_0_5b_layer0_decode_past128_grouped_gqa_delta_kv
5331140552,EXECUTE,4,COUNT,BACKEND,ROOT,Number of HVX threads used
5331140552,EXECUTE,12213,US,BACKEND,ROOT,RPC (execute) time
5331140552,EXECUTE,10088,US,BACKEND,ROOT,QNN accelerator (execute) time
5331140552,EXECUTE,0,COUNT,BACKEND,ROOT,Num times yield occured
5331140552,EXECUTE,589,US,BACKEND,ROOT,Time for initial VTCM acquire
5331140552,EXECUTE,278,US,BACKEND,ROOT,Time for HVX + HMX power on and acquire
5331140552,EXECUTE,2333250,CYCLES,BACKEND,ROOT,Accelerator (execute) time (cycles)
5331140552,EXECUTE,30697,CYCLES,BACKEND,SUB-EVENT,Input OpId_2 (cycles)
5331140552,EXECUTE,6189,CYCLES,BACKEND,SUB-EVENT,hidden_states_ncf:OpId_17 (cycles)
5331140552,EXECUTE,33196,CYCLES,BACKEND,SUB-EVENT,past_value_nchw:OpId_20 (cycles)
5331140552,EXECUTE,15488,CYCLES,BACKEND,SUB-EVENT,rms_norm__Mul_1_output_0:OpId_24 (cycles)
5331140552,EXECUTE,94995,CYCLES,BACKEND,SUB-EVENT,_MatMul:OpId_29 (cycles)
5331140552,EXECUTE,0,CYCLES,BACKEND,SUB-EVENT,_MatMul_post_reshape:OpId_31 (cycles)
5331140552,EXECUTE,15274,CYCLES,BACKEND,SUB-EVENT,_MatMul_1:OpId_34 (cycles)
5331140552,EXECUTE,10894,CYCLES,BACKEND,SUB-EVENT,_MatMul_1_post_reshape:OpId_36 (cycles)
5331140552,EXECUTE,1911,CYCLES,BACKEND,SUB-EVENT,_MatMul_2:OpId_39 (cycles)
5331140552,EXECUTE,9137,CYCLES,BACKEND,SUB-EVENT,_MatMul_2_post_reshape:OpId_41 (cycles)
5331140552,EXECUTE,482,CYCLES,BACKEND,SUB-EVENT,_Transpose:OpId_43 (cycles)
5331140552,EXECUTE,5153,CYCLES,BACKEND,SUB-EVENT,_Transpose_1:OpId_45 (cycles)
5331140552,EXECUTE,4892,CYCLES,BACKEND,SUB-EVENT,_Transpose_2:OpId_47 (cycles)
5331140552,EXECUTE,57328,CYCLES,BACKEND,SUB-EVENT,_Slice:OpId_49 (cycles)
5331140552,EXECUTE,12197,CYCLES,BACKEND,SUB-EVENT,_Slice_1:OpId_55 (cycles)
5331140552,EXECUTE,2708,CYCLES,BACKEND,SUB-EVENT,_Mul_2:OpId_61 (cycles)
5331140552,EXECUTE,1338,CYCLES,BACKEND,SUB-EVENT,_Mul_3:OpId_64 (cycles)
5331140552,EXECUTE,259,CYCLES,BACKEND,SUB-EVENT,_Sub:OpId_66 (cycles)
5331140552,EXECUTE,30339,CYCLES,BACKEND,SUB-EVENT,_Mul_4:OpId_68 (cycles)
5331140552,EXECUTE,1242,CYCLES,BACKEND,SUB-EVENT,_Mul_5:OpId_70 (cycles)
5331140552,EXECUTE,3061,CYCLES,BACKEND,SUB-EVENT,_Add_4:OpId_72 (cycles)
5331140552,EXECUTE,0,CYCLES,BACKEND,SUB-EVENT,_Unsqueeze:OpId_74 (cycles)
5331140552,EXECUTE,0,CYCLES,BACKEND,SUB-EVENT,_Unsqueeze_1:OpId_75 (cycles)
5331140552,EXECUTE,869,CYCLES,BACKEND,SUB-EVENT,_Concat:OpId_76 (cycles)
5331140552,EXECUTE,616,CYCLES,BACKEND,SUB-EVENT,_Reshape_3:OpId_78 (cycles)
5331140552,EXECUTE,68612,CYCLES,BACKEND,SUB-EVENT,_Slice_3:OpId_80 (cycles)
5331140552,EXECUTE,15254,CYCLES,BACKEND,SUB-EVENT,_Slice_4:OpId_86 (cycles)
5331140552,EXECUTE,29306,CYCLES,BACKEND,SUB-EVENT,_Mul_6:OpId_91 (cycles)
5331140552,EXECUTE,17448,CYCLES,BACKEND,SUB-EVENT,_Mul_7:OpId_93 (cycles)
5331140552,EXECUTE,4853,CYCLES,BACKEND,SUB-EVENT,_Sub_1:OpId_95 (cycles)
5331140552,EXECUTE,20170,CYCLES,BACKEND,SUB-EVENT,_Mul_8:OpId_97 (cycles)
5331140552,EXECUTE,17062,CYCLES,BACKEND,SUB-EVENT,_Mul_9:OpId_99 (cycles)
5331140552,EXECUTE,5796,CYCLES,BACKEND,SUB-EVENT,_Add_5:OpId_101 (cycles)
5331140552,EXECUTE,0,CYCLES,BACKEND,SUB-EVENT,_Unsqueeze_2:OpId_103 (cycles)
5331140552,EXECUTE,0,CYCLES,BACKEND,SUB-EVENT,_Unsqueeze_3:OpId_104 (cycles)
5331140552,EXECUTE,4358,CYCLES,BACKEND,SUB-EVENT,_Concat_2:OpId_105 (cycles)
5331140552,EXECUTE,0,CYCLES,BACKEND,SUB-EVENT,_Reshape_4:OpId_107 (cycles)
5331140552,EXECUTE,1413,CYCLES,BACKEND,SUB-EVENT,current_key_nhwc:OpId_109 (cycles)
5331140552,EXECUTE,3194,CYCLES,BACKEND,SUB-EVENT,_Concat_4:OpId_110 (cycles)
5331140552,EXECUTE,377835,CYCLES,BACKEND,SUB-EVENT,_Concat_4_output_0_nchw:OpId_113 (cycles)
5331140552,EXECUTE,3058,CYCLES,BACKEND,SUB-EVENT,_Concat_5:OpId_114 (cycles)
5331140552,EXECUTE,0,CYCLES,BACKEND,SUB-EVENT,_Unsqueeze_4:OpId_116 (cycles)
5331140552,EXECUTE,33793,CYCLES,BACKEND,SUB-EVENT,_MatMul_3:OpId_117 (cycles)
5331140552,EXECUTE,7013,CYCLES,BACKEND,SUB-EVENT,_Div_1:OpId_122 (cycles)
5331140552,EXECUTE,0,CYCLES,BACKEND,SUB-EVENT,_Add_6:OpId_125 (cycles)
5331140552,EXECUTE,22555,CYCLES,BACKEND,SUB-EVENT,_Softmax:OpId_127 (cycles)
5331140552,EXECUTE,0,CYCLES,BACKEND,SUB-EVENT,_Unsqueeze_5:OpId_130 (cycles)
5331140552,EXECUTE,74047,CYCLES,BACKEND,SUB-EVENT,_MatMul_4:OpId_131 (cycles)
5331140552,EXECUTE,0,CYCLES,BACKEND,SUB-EVENT,_Reshape_6:OpId_135 (cycles)
5331140552,EXECUTE,0,CYCLES,BACKEND,SUB-EVENT,_Transpose_4:OpId_137 (cycles)
5331140552,EXECUTE,13897,CYCLES,BACKEND,SUB-EVENT,_MatMul_5:OpId_139 (cycles)
5331140552,EXECUTE,0,CYCLES,BACKEND,SUB-EVENT,_MatMul_5_post_reshape:OpId_142 (cycles)
5331140552,EXECUTE,0,CYCLES,BACKEND,SUB-EVENT,_MatMul_5_output_0_nfc:OpId_144 (cycles)
5331140552,EXECUTE,78305,CYCLES,BACKEND,SUB-EVENT,_Add_7:OpId_146 (cycles)
5331140552,EXECUTE,228,CYCLES,BACKEND,SUB-EVENT,_Add_7_output_0_ncf:OpId_149 (cycles)
5331140552,EXECUTE,2426,CYCLES,BACKEND,SUB-EVENT,rms_norm__Mul_11_output_0:OpId_154 (cycles)
5331140552,EXECUTE,0,CYCLES,BACKEND,SUB-EVENT,_MatMul_6:OpId_158 (cycles)
5331140552,EXECUTE,0,CYCLES,BACKEND,SUB-EVENT,_MatMul_6_post_reshape:OpId_161 (cycles)
5331140552,EXECUTE,436660,CYCLES,BACKEND,SUB-EVENT,_MatMul_7:OpId_163 (cycles)
5331140552,EXECUTE,0,CYCLES,BACKEND,SUB-EVENT,_MatMul_7_post_reshape:OpId_166 (cycles)
5331140552,EXECUTE,0,CYCLES,BACKEND,SUB-EVENT,_Sigmoid:OpId_167 (cycles)
5331140552,EXECUTE,304272,CYCLES,BACKEND,SUB-EVENT,_Mul_12:OpId_174 (cycles)
5331140552,EXECUTE,26412,CYCLES,BACKEND,SUB-EVENT,_Mul_13:OpId_176 (cycles)
5331140552,EXECUTE,403288,CYCLES,BACKEND,SUB-EVENT,_MatMul_8:OpId_179 (cycles)
5331140552,EXECUTE,0,CYCLES,BACKEND,SUB-EVENT,_MatMul_8_post_reshape:OpId_182 (cycles)
5331140552,EXECUTE,0,CYCLES,BACKEND,SUB-EVENT,_MatMul_8_output_0_nfc:OpId_184 (cycles)
5331140552,EXECUTE,14868,CYCLES,BACKEND,SUB-EVENT,_Add_9:OpId_186 (cycles)
5331140552,EXECUTE,8862,CYCLES,BACKEND,SUB-EVENT,Output OpId_3 (cycles)
5331140552,EXECUTE,5043,US,BACKEND,ROOT,Accelerator (execute) time
5331140552,EXECUTE,4910,US,BACKEND,ROOT,Accelerator (execute excluding wait) time
5331140552,EXECUTE,12549,US,BACKEND,ROOT,QNN (execute) time
5331154294,EXECUTE,12027,US,NETRUN,ROOT,Graph 0: qwen2_0_5b_layer0_decode_past128_grouped_gqa_delta_kv
5331154294,EXECUTE,4,COUNT,BACKEND,ROOT,Number of HVX threads used
5331154294,EXECUTE,11354,US,BACKEND,ROOT,RPC (execute) time
5331154294,EXECUTE,9987,US,BACKEND,ROOT,QNN accelerator (execute) time
5331154294,EXECUTE,0,COUNT,BACKEND,ROOT,Num times yield occured
5331154294,EXECUTE,576,US,BACKEND,ROOT,Time for initial VTCM acquire
5331154294,EXECUTE,260,US,BACKEND,ROOT,Time for HVX + HMX power on and acquire
5331154294,EXECUTE,2129251,CYCLES,BACKEND,ROOT,Accelerator (execute) time (cycles)
5331154294,EXECUTE,85942,CYCLES,BACKEND,SUB-EVENT,Input OpId_2 (cycles)
5331154294,EXECUTE,22598,CYCLES,BACKEND,SUB-EVENT,hidden_states_ncf:OpId_17 (cycles)
5331154294,EXECUTE,11758,CYCLES,BACKEND,SUB-EVENT,past_value_nchw:OpId_20 (cycles)
5331154294,EXECUTE,6609,CYCLES,BACKEND,SUB-EVENT,rms_norm__Mul_1_output_0:OpId_24 (cycles)
5331154294,EXECUTE,38057,CYCLES,BACKEND,SUB-EVENT,_MatMul:OpId_29 (cycles)
5331154294,EXECUTE,0,CYCLES,BACKEND,SUB-EVENT,_MatMul_post_reshape:OpId_31 (cycles)
5331154294,EXECUTE,9563,CYCLES,BACKEND,SUB-EVENT,_MatMul_1:OpId_34 (cycles)
5331154294,EXECUTE,5844,CYCLES,BACKEND,SUB-EVENT,_MatMul_1_post_reshape:OpId_36 (cycles)
5331154294,EXECUTE,4466,CYCLES,BACKEND,SUB-EVENT,_MatMul_2:OpId_39 (cycles)
5331154294,EXECUTE,4051,CYCLES,BACKEND,SUB-EVENT,_MatMul_2_post_reshape:OpId_41 (cycles)
5331154294,EXECUTE,492,CYCLES,BACKEND,SUB-EVENT,_Transpose:OpId_43 (cycles)
5331154294,EXECUTE,1670,CYCLES,BACKEND,SUB-EVENT,_Transpose_1:OpId_45 (cycles)
5331154294,EXECUTE,1400,CYCLES,BACKEND,SUB-EVENT,_Transpose_2:OpId_47 (cycles)
5331154294,EXECUTE,23311,CYCLES,BACKEND,SUB-EVENT,_Slice:OpId_49 (cycles)
5331154294,EXECUTE,5974,CYCLES,BACKEND,SUB-EVENT,_Slice_1:OpId_55 (cycles)
5331154294,EXECUTE,1544,CYCLES,BACKEND,SUB-EVENT,_Mul_2:OpId_61 (cycles)
5331154294,EXECUTE,1222,CYCLES,BACKEND,SUB-EVENT,_Mul_3:OpId_64 (cycles)
5331154294,EXECUTE,273,CYCLES,BACKEND,SUB-EVENT,_Sub:OpId_66 (cycles)
5331154294,EXECUTE,1888,CYCLES,BACKEND,SUB-EVENT,_Mul_4:OpId_68 (cycles)
5331154294,EXECUTE,1275,CYCLES,BACKEND,SUB-EVENT,_Mul_5:OpId_70 (cycles)
5331154294,EXECUTE,10790,CYCLES,BACKEND,SUB-EVENT,_Add_4:OpId_72 (cycles)
5331154294,EXECUTE,0,CYCLES,BACKEND,SUB-EVENT,_Unsqueeze:OpId_74 (cycles)
5331154294,EXECUTE,0,CYCLES,BACKEND,SUB-EVENT,_Unsqueeze_1:OpId_75 (cycles)
5331154294,EXECUTE,881,CYCLES,BACKEND,SUB-EVENT,_Concat:OpId_76 (cycles)
5331154294,EXECUTE,629,CYCLES,BACKEND,SUB-EVENT,_Reshape_3:OpId_78 (cycles)
5331154294,EXECUTE,25559,CYCLES,BACKEND,SUB-EVENT,_Slice_3:OpId_80 (cycles)
5331154294,EXECUTE,5369,CYCLES,BACKEND,SUB-EVENT,_Slice_4:OpId_86 (cycles)
5331154294,EXECUTE,7063,CYCLES,BACKEND,SUB-EVENT,_Mul_6:OpId_91 (cycles)
5331154294,EXECUTE,2594,CYCLES,BACKEND,SUB-EVENT,_Mul_7:OpId_93 (cycles)
5331154294,EXECUTE,881,CYCLES,BACKEND,SUB-EVENT,_Sub_1:OpId_95 (cycles)
5331154294,EXECUTE,7008,CYCLES,BACKEND,SUB-EVENT,_Mul_8:OpId_97 (cycles)
5331154294,EXECUTE,2547,CYCLES,BACKEND,SUB-EVENT,_Mul_9:OpId_99 (cycles)
5331154294,EXECUTE,1233,CYCLES,BACKEND,SUB-EVENT,_Add_5:OpId_101 (cycles)
5331154294,EXECUTE,0,CYCLES,BACKEND,SUB-EVENT,_Unsqueeze_2:OpId_103 (cycles)
5331154294,EXECUTE,0,CYCLES,BACKEND,SUB-EVENT,_Unsqueeze_3:OpId_104 (cycles)
5331154294,EXECUTE,3088,CYCLES,BACKEND,SUB-EVENT,_Concat_2:OpId_105 (cycles)
5331154294,EXECUTE,0,CYCLES,BACKEND,SUB-EVENT,_Reshape_4:OpId_107 (cycles)
5331154294,EXECUTE,1254,CYCLES,BACKEND,SUB-EVENT,current_key_nhwc:OpId_109 (cycles)
5331154294,EXECUTE,3217,CYCLES,BACKEND,SUB-EVENT,_Concat_4:OpId_110 (cycles)
5331154294,EXECUTE,346798,CYCLES,BACKEND,SUB-EVENT,_Concat_4_output_0_nchw:OpId_113 (cycles)
5331154294,EXECUTE,1647,CYCLES,BACKEND,SUB-EVENT,_Concat_5:OpId_114 (cycles)
5331154294,EXECUTE,0,CYCLES,BACKEND,SUB-EVENT,_Unsqueeze_4:OpId_116 (cycles)
5331154294,EXECUTE,39184,CYCLES,BACKEND,SUB-EVENT,_MatMul_3:OpId_117 (cycles)
5331154294,EXECUTE,7021,CYCLES,BACKEND,SUB-EVENT,_Div_1:OpId_122 (cycles)
5331154294,EXECUTE,0,CYCLES,BACKEND,SUB-EVENT,_Add_6:OpId_125 (cycles)
5331154294,EXECUTE,22597,CYCLES,BACKEND,SUB-EVENT,_Softmax:OpId_127 (cycles)
5331154294,EXECUTE,0,CYCLES,BACKEND,SUB-EVENT,_Unsqueeze_5:OpId_130 (cycles)
5331154294,EXECUTE,38811,CYCLES,BACKEND,SUB-EVENT,_MatMul_4:OpId_131 (cycles)
5331154294,EXECUTE,0,CYCLES,BACKEND,SUB-EVENT,_Reshape_6:OpId_135 (cycles)
5331154294,EXECUTE,0,CYCLES,BACKEND,SUB-EVENT,_Transpose_4:OpId_137 (cycles)
5331154294,EXECUTE,66686,CYCLES,BACKEND,SUB-EVENT,_MatMul_5:OpId_139 (cycles)
5331154294,EXECUTE,0,CYCLES,BACKEND,SUB-EVENT,_MatMul_5_post_reshape:OpId_142 (cycles)
5331154294,EXECUTE,0,CYCLES,BACKEND,SUB-EVENT,_MatMul_5_output_0_nfc:OpId_144 (cycles)
5331154294,EXECUTE,66466,CYCLES,BACKEND,SUB-EVENT,_Add_7:OpId_146 (cycles)
5331154294,EXECUTE,323,CYCLES,BACKEND,SUB-EVENT,_Add_7_output_0_ncf:OpId_149 (cycles)
5331154294,EXECUTE,5042,CYCLES,BACKEND,SUB-EVENT,rms_norm__Mul_11_output_0:OpId_154 (cycles)
5331154294,EXECUTE,0,CYCLES,BACKEND,SUB-EVENT,_MatMul_6:OpId_158 (cycles)
5331154294,EXECUTE,0,CYCLES,BACKEND,SUB-EVENT,_MatMul_6_post_reshape:OpId_161 (cycles)
5331154294,EXECUTE,430134,CYCLES,BACKEND,SUB-EVENT,_MatMul_7:OpId_163 (cycles)
5331154294,EXECUTE,0,CYCLES,BACKEND,SUB-EVENT,_MatMul_7_post_reshape:OpId_166 (cycles)
5331154294,EXECUTE,0,CYCLES,BACKEND,SUB-EVENT,_Sigmoid:OpId_167 (cycles)
5331154294,EXECUTE,359354,CYCLES,BACKEND,SUB-EVENT,_Mul_12:OpId_174 (cycles)
5331154294,EXECUTE,24338,CYCLES,BACKEND,SUB-EVENT,_Mul_13:OpId_176 (cycles)
5331154294,EXECUTE,402324,CYCLES,BACKEND,SUB-EVENT,_MatMul_8:OpId_179 (cycles)
5331154294,EXECUTE,0,CYCLES,BACKEND,SUB-EVENT,_MatMul_8_post_reshape:OpId_182 (cycles)
5331154294,EXECUTE,0,CYCLES,BACKEND,SUB-EVENT,_MatMul_8_output_0_nfc:OpId_184 (cycles)
5331154294,EXECUTE,14925,CYCLES,BACKEND,SUB-EVENT,_Add_9:OpId_186 (cycles)
5331154294,EXECUTE,3551,CYCLES,BACKEND,SUB-EVENT,Output OpId_3 (cycles)
5331154294,EXECUTE,4948,US,BACKEND,ROOT,Accelerator (execute) time
5331154294,EXECUTE,4818,US,BACKEND,ROOT,Accelerator (execute excluding wait) time
5331154294,EXECUTE,11997,US,BACKEND,ROOT,QNN (execute) time
5331168499,EXECUTE,11677,US,NETRUN,ROOT,Graph 0: qwen2_0_5b_layer0_decode_past128_grouped_gqa_delta_kv
5331168499,EXECUTE,4,COUNT,BACKEND,ROOT,Number of HVX threads used
5331168499,EXECUTE,10755,US,BACKEND,ROOT,RPC (execute) time
5331168499,EXECUTE,9713,US,BACKEND,ROOT,QNN accelerator (execute) time
5331168499,EXECUTE,0,COUNT,BACKEND,ROOT,Num times yield occured
5331168499,EXECUTE,626,US,BACKEND,ROOT,Time for initial VTCM acquire
5331168499,EXECUTE,268,US,BACKEND,ROOT,Time for HVX + HMX power on and acquire
5331168499,EXECUTE,2389459,CYCLES,BACKEND,ROOT,Accelerator (execute) time (cycles)
5331168499,EXECUTE,121856,CYCLES,BACKEND,SUB-EVENT,Input OpId_2 (cycles)
5331168499,EXECUTE,37527,CYCLES,BACKEND,SUB-EVENT,hidden_states_ncf:OpId_17 (cycles)
5331168499,EXECUTE,36913,CYCLES,BACKEND,SUB-EVENT,past_value_nchw:OpId_20 (cycles)
5331168499,EXECUTE,15448,CYCLES,BACKEND,SUB-EVENT,rms_norm__Mul_1_output_0:OpId_24 (cycles)
5331168499,EXECUTE,74968,CYCLES,BACKEND,SUB-EVENT,_MatMul:OpId_29 (cycles)
5331168499,EXECUTE,0,CYCLES,BACKEND,SUB-EVENT,_MatMul_post_reshape:OpId_31 (cycles)
5331168499,EXECUTE,9434,CYCLES,BACKEND,SUB-EVENT,_MatMul_1:OpId_34 (cycles)
5331168499,EXECUTE,19728,CYCLES,BACKEND,SUB-EVENT,_MatMul_1_post_reshape:OpId_36 (cycles)
5331168499,EXECUTE,4413,CYCLES,BACKEND,SUB-EVENT,_MatMul_2:OpId_39 (cycles)
5331168499,EXECUTE,18005,CYCLES,BACKEND,SUB-EVENT,_MatMul_2_post_reshape:OpId_41 (cycles)
5331168499,EXECUTE,484,CYCLES,BACKEND,SUB-EVENT,_Transpose:OpId_43 (cycles)
5331168499,EXECUTE,4052,CYCLES,BACKEND,SUB-EVENT,_Transpose_1:OpId_45 (cycles)
5331168499,EXECUTE,3778,CYCLES,BACKEND,SUB-EVENT,_Transpose_2:OpId_47 (cycles)
5331168499,EXECUTE,47965,CYCLES,BACKEND,SUB-EVENT,_Slice:OpId_49 (cycles)
5331168499,EXECUTE,12909,CYCLES,BACKEND,SUB-EVENT,_Slice_1:OpId_55 (cycles)
5331168499,EXECUTE,4828,CYCLES,BACKEND,SUB-EVENT,_Mul_2:OpId_61 (cycles)
5331168499,EXECUTE,1162,CYCLES,BACKEND,SUB-EVENT,_Mul_3:OpId_64 (cycles)
5331168499,EXECUTE,235,CYCLES,BACKEND,SUB-EVENT,_Sub:OpId_66 (cycles)
5331168499,EXECUTE,3796,CYCLES,BACKEND,SUB-EVENT,_Mul_4:OpId_68 (cycles)
5331168499,EXECUTE,2606,CYCLES,BACKEND,SUB-EVENT,_Mul_5:OpId_70 (cycles)
5331168499,EXECUTE,9078,CYCLES,BACKEND,SUB-EVENT,_Add_4:OpId_72 (cycles)
5331168499,EXECUTE,0,CYCLES,BACKEND,SUB-EVENT,_Unsqueeze:OpId_74 (cycles)
5331168499,EXECUTE,0,CYCLES,BACKEND,SUB-EVENT,_Unsqueeze_1:OpId_75 (cycles)
5331168499,EXECUTE,739,CYCLES,BACKEND,SUB-EVENT,_Concat:OpId_76 (cycles)
5331168499,EXECUTE,545,CYCLES,BACKEND,SUB-EVENT,_Reshape_3:OpId_78 (cycles)
5331168499,EXECUTE,96516,CYCLES,BACKEND,SUB-EVENT,_Slice_3:OpId_80 (cycles)
5331168499,EXECUTE,11918,CYCLES,BACKEND,SUB-EVENT,_Slice_4:OpId_86 (cycles)
5331168499,EXECUTE,36536,CYCLES,BACKEND,SUB-EVENT,_Mul_6:OpId_91 (cycles)
5331168499,EXECUTE,30062,CYCLES,BACKEND,SUB-EVENT,_Mul_7:OpId_93 (cycles)
5331168499,EXECUTE,6121,CYCLES,BACKEND,SUB-EVENT,_Sub_1:OpId_95 (cycles)
5331168499,EXECUTE,36156,CYCLES,BACKEND,SUB-EVENT,_Mul_8:OpId_97 (cycles)
5331168499,EXECUTE,29277,CYCLES,BACKEND,SUB-EVENT,_Mul_9:OpId_99 (cycles)
5331168499,EXECUTE,7923,CYCLES,BACKEND,SUB-EVENT,_Add_5:OpId_101 (cycles)
5331168499,EXECUTE,0,CYCLES,BACKEND,SUB-EVENT,_Unsqueeze_2:OpId_103 (cycles)
5331168499,EXECUTE,0,CYCLES,BACKEND,SUB-EVENT,_Unsqueeze_3:OpId_104 (cycles)
5331168499,EXECUTE,11557,CYCLES,BACKEND,SUB-EVENT,_Concat_2:OpId_105 (cycles)
5331168499,EXECUTE,0,CYCLES,BACKEND,SUB-EVENT,_Reshape_4:OpId_107 (cycles)
5331168499,EXECUTE,7366,CYCLES,BACKEND,SUB-EVENT,current_key_nhwc:OpId_109 (cycles)
5331168499,EXECUTE,4370,CYCLES,BACKEND,SUB-EVENT,_Concat_4:OpId_110 (cycles)
5331168499,EXECUTE,350881,CYCLES,BACKEND,SUB-EVENT,_Concat_4_output_0_nchw:OpId_113 (cycles)
5331168499,EXECUTE,5591,CYCLES,BACKEND,SUB-EVENT,_Concat_5:OpId_114 (cycles)
5331168499,EXECUTE,0,CYCLES,BACKEND,SUB-EVENT,_Unsqueeze_4:OpId_116 (cycles)
5331168499,EXECUTE,39653,CYCLES,BACKEND,SUB-EVENT,_MatMul_3:OpId_117 (cycles)
5331168499,EXECUTE,15918,CYCLES,BACKEND,SUB-EVENT,_Div_1:OpId_122 (cycles)
5331168499,EXECUTE,0,CYCLES,BACKEND,SUB-EVENT,_Add_6:OpId_125 (cycles)
5331168499,EXECUTE,21889,CYCLES,BACKEND,SUB-EVENT,_Softmax:OpId_127 (cycles)
5331168499,EXECUTE,0,CYCLES,BACKEND,SUB-EVENT,_Unsqueeze_5:OpId_130 (cycles)
5331168499,EXECUTE,82092,CYCLES,BACKEND,SUB-EVENT,_MatMul_4:OpId_131 (cycles)
5331168499,EXECUTE,0,CYCLES,BACKEND,SUB-EVENT,_Reshape_6:OpId_135 (cycles)
5331168499,EXECUTE,0,CYCLES,BACKEND,SUB-EVENT,_Transpose_4:OpId_137 (cycles)
5331168499,EXECUTE,27925,CYCLES,BACKEND,SUB-EVENT,_MatMul_5:OpId_139 (cycles)
5331168499,EXECUTE,0,CYCLES,BACKEND,SUB-EVENT,_MatMul_5_post_reshape:OpId_142 (cycles)
5331168499,EXECUTE,0,CYCLES,BACKEND,SUB-EVENT,_MatMul_5_output_0_nfc:OpId_144 (cycles)
5331168499,EXECUTE,121174,CYCLES,BACKEND,SUB-EVENT,_Add_7:OpId_146 (cycles)
5331168499,EXECUTE,321,CYCLES,BACKEND,SUB-EVENT,_Add_7_output_0_ncf:OpId_149 (cycles)
5331168499,EXECUTE,9324,CYCLES,BACKEND,SUB-EVENT,rms_norm__Mul_11_output_0:OpId_154 (cycles)
5331168499,EXECUTE,0,CYCLES,BACKEND,SUB-EVENT,_MatMul_6:OpId_158 (cycles)
5331168499,EXECUTE,0,CYCLES,BACKEND,SUB-EVENT,_MatMul_6_post_reshape:OpId_161 (cycles)
5331168499,EXECUTE,293857,CYCLES,BACKEND,SUB-EVENT,_MatMul_7:OpId_163 (cycles)
5331168499,EXECUTE,0,CYCLES,BACKEND,SUB-EVENT,_MatMul_7_post_reshape:OpId_166 (cycles)
5331168499,EXECUTE,0,CYCLES,BACKEND,SUB-EVENT,_Sigmoid:OpId_167 (cycles)
5331168499,EXECUTE,252420,CYCLES,BACKEND,SUB-EVENT,_Mul_12:OpId_174 (cycles)
5331168499,EXECUTE,29016,CYCLES,BACKEND,SUB-EVENT,_Mul_13:OpId_176 (cycles)
5331168499,EXECUTE,410302,CYCLES,BACKEND,SUB-EVENT,_MatMul_8:OpId_179 (cycles)
5331168499,EXECUTE,0,CYCLES,BACKEND,SUB-EVENT,_MatMul_8_post_reshape:OpId_182 (cycles)
5331168499,EXECUTE,0,CYCLES,BACKEND,SUB-EVENT,_MatMul_8_output_0_nfc:OpId_184 (cycles)
5331168499,EXECUTE,14966,CYCLES,BACKEND,SUB-EVENT,_Add_9:OpId_186 (cycles)
5331168499,EXECUTE,5859,CYCLES,BACKEND,SUB-EVENT,Output OpId_3 (cycles)
5331168499,EXECUTE,4663,US,BACKEND,ROOT,Accelerator (execute) time
5331168499,EXECUTE,4527,US,BACKEND,ROOT,Accelerator (execute excluding wait) time
5331168499,EXECUTE,11639,US,BACKEND,ROOT,QNN (execute) time
5331182477,EXECUTE,11983,US,NETRUN,ROOT,Graph 0: qwen2_0_5b_layer0_decode_past128_grouped_gqa_delta_kv
5331182477,EXECUTE,4,COUNT,BACKEND,ROOT,Number of HVX threads used
5331182477,EXECUTE,11092,US,BACKEND,ROOT,RPC (execute) time
5331182477,EXECUTE,9615,US,BACKEND,ROOT,QNN accelerator (execute) time
5331182477,EXECUTE,0,COUNT,BACKEND,ROOT,Num times yield occured
5331182477,EXECUTE,1032,US,BACKEND,ROOT,Time for initial VTCM acquire
5331182477,EXECUTE,232,US,BACKEND,ROOT,Time for HVX + HMX power on and acquire
5331182477,EXECUTE,2471894,CYCLES,BACKEND,ROOT,Accelerator (execute) time (cycles)
5331182477,EXECUTE,113274,CYCLES,BACKEND,SUB-EVENT,Input OpId_2 (cycles)
5331182477,EXECUTE,37130,CYCLES,BACKEND,SUB-EVENT,hidden_states_ncf:OpId_17 (cycles)
5331182477,EXECUTE,39292,CYCLES,BACKEND,SUB-EVENT,past_value_nchw:OpId_20 (cycles)
5331182477,EXECUTE,14415,CYCLES,BACKEND,SUB-EVENT,rms_norm__Mul_1_output_0:OpId_24 (cycles)
5331182477,EXECUTE,71745,CYCLES,BACKEND,SUB-EVENT,_MatMul:OpId_29 (cycles)
5331182477,EXECUTE,0,CYCLES,BACKEND,SUB-EVENT,_MatMul_post_reshape:OpId_31 (cycles)
5331182477,EXECUTE,8453,CYCLES,BACKEND,SUB-EVENT,_MatMul_1:OpId_34 (cycles)
5331182477,EXECUTE,23640,CYCLES,BACKEND,SUB-EVENT,_MatMul_1_post_reshape:OpId_36 (cycles)
5331182477,EXECUTE,7389,CYCLES,BACKEND,SUB-EVENT,_MatMul_2:OpId_39 (cycles)
5331182477,EXECUTE,21843,CYCLES,BACKEND,SUB-EVENT,_MatMul_2_post_reshape:OpId_41 (cycles)
5331182477,EXECUTE,496,CYCLES,BACKEND,SUB-EVENT,_Transpose:OpId_43 (cycles)
5331182477,EXECUTE,3466,CYCLES,BACKEND,SUB-EVENT,_Transpose_1:OpId_45 (cycles)
5331182477,EXECUTE,3227,CYCLES,BACKEND,SUB-EVENT,_Transpose_2:OpId_47 (cycles)
5331182477,EXECUTE,53890,CYCLES,BACKEND,SUB-EVENT,_Slice:OpId_49 (cycles)
5331182477,EXECUTE,17632,CYCLES,BACKEND,SUB-EVENT,_Slice_1:OpId_55 (cycles)
5331182477,EXECUTE,4011,CYCLES,BACKEND,SUB-EVENT,_Mul_2:OpId_61 (cycles)
5331182477,EXECUTE,1128,CYCLES,BACKEND,SUB-EVENT,_Mul_3:OpId_64 (cycles)
5331182477,EXECUTE,256,CYCLES,BACKEND,SUB-EVENT,_Sub:OpId_66 (cycles)
5331182477,EXECUTE,4083,CYCLES,BACKEND,SUB-EVENT,_Mul_4:OpId_68 (cycles)
5331182477,EXECUTE,1342,CYCLES,BACKEND,SUB-EVENT,_Mul_5:OpId_70 (cycles)
5331182477,EXECUTE,10001,CYCLES,BACKEND,SUB-EVENT,_Add_4:OpId_72 (cycles)
5331182477,EXECUTE,0,CYCLES,BACKEND,SUB-EVENT,_Unsqueeze:OpId_74 (cycles)
5331182477,EXECUTE,0,CYCLES,BACKEND,SUB-EVENT,_Unsqueeze_1:OpId_75 (cycles)
5331182477,EXECUTE,798,CYCLES,BACKEND,SUB-EVENT,_Concat:OpId_76 (cycles)
5331182477,EXECUTE,607,CYCLES,BACKEND,SUB-EVENT,_Reshape_3:OpId_78 (cycles)
5331182477,EXECUTE,102468,CYCLES,BACKEND,SUB-EVENT,_Slice_3:OpId_80 (cycles)
5331182477,EXECUTE,17824,CYCLES,BACKEND,SUB-EVENT,_Slice_4:OpId_86 (cycles)
5331182477,EXECUTE,42480,CYCLES,BACKEND,SUB-EVENT,_Mul_6:OpId_91 (cycles)
5331182477,EXECUTE,39835,CYCLES,BACKEND,SUB-EVENT,_Mul_7:OpId_93 (cycles)
5331182477,EXECUTE,6913,CYCLES,BACKEND,SUB-EVENT,_Sub_1:OpId_95 (cycles)
5331182477,EXECUTE,42289,CYCLES,BACKEND,SUB-EVENT,_Mul_8:OpId_97 (cycles)
5331182477,EXECUTE,36889,CYCLES,BACKEND,SUB-EVENT,_Mul_9:OpId_99 (cycles)
5331182477,EXECUTE,15291,CYCLES,BACKEND,SUB-EVENT,_Add_5:OpId_101 (cycles)
5331182477,EXECUTE,0,CYCLES,BACKEND,SUB-EVENT,_Unsqueeze_2:OpId_103 (cycles)
5331182477,EXECUTE,0,CYCLES,BACKEND,SUB-EVENT,_Unsqueeze_3:OpId_104 (cycles)
5331182477,EXECUTE,9721,CYCLES,BACKEND,SUB-EVENT,_Concat_2:OpId_105 (cycles)
5331182477,EXECUTE,0,CYCLES,BACKEND,SUB-EVENT,_Reshape_4:OpId_107 (cycles)
5331182477,EXECUTE,4517,CYCLES,BACKEND,SUB-EVENT,current_key_nhwc:OpId_109 (cycles)
5331182477,EXECUTE,4460,CYCLES,BACKEND,SUB-EVENT,_Concat_4:OpId_110 (cycles)
5331182477,EXECUTE,373373,CYCLES,BACKEND,SUB-EVENT,_Concat_4_output_0_nchw:OpId_113 (cycles)
5331182477,EXECUTE,6222,CYCLES,BACKEND,SUB-EVENT,_Concat_5:OpId_114 (cycles)
5331182477,EXECUTE,0,CYCLES,BACKEND,SUB-EVENT,_Unsqueeze_4:OpId_116 (cycles)
5331182477,EXECUTE,39242,CYCLES,BACKEND,SUB-EVENT,_MatMul_3:OpId_117 (cycles)
5331182477,EXECUTE,15762,CYCLES,BACKEND,SUB-EVENT,_Div_1:OpId_122 (cycles)
5331182477,EXECUTE,0,CYCLES,BACKEND,SUB-EVENT,_Add_6:OpId_125 (cycles)
5331182477,EXECUTE,21322,CYCLES,BACKEND,SUB-EVENT,_Softmax:OpId_127 (cycles)
5331182477,EXECUTE,0,CYCLES,BACKEND,SUB-EVENT,_Unsqueeze_5:OpId_130 (cycles)
5331182477,EXECUTE,93705,CYCLES,BACKEND,SUB-EVENT,_MatMul_4:OpId_131 (cycles)
5331182477,EXECUTE,0,CYCLES,BACKEND,SUB-EVENT,_Reshape_6:OpId_135 (cycles)
5331182477,EXECUTE,0,CYCLES,BACKEND,SUB-EVENT,_Transpose_4:OpId_137 (cycles)
5331182477,EXECUTE,31879,CYCLES,BACKEND,SUB-EVENT,_MatMul_5:OpId_139 (cycles)
5331182477,EXECUTE,0,CYCLES,BACKEND,SUB-EVENT,_MatMul_5_post_reshape:OpId_142 (cycles)
5331182477,EXECUTE,0,CYCLES,BACKEND,SUB-EVENT,_MatMul_5_output_0_nfc:OpId_144 (cycles)
5331182477,EXECUTE,115031,CYCLES,BACKEND,SUB-EVENT,_Add_7:OpId_146 (cycles)
5331182477,EXECUTE,286,CYCLES,BACKEND,SUB-EVENT,_Add_7_output_0_ncf:OpId_149 (cycles)
5331182477,EXECUTE,4892,CYCLES,BACKEND,SUB-EVENT,rms_norm__Mul_11_output_0:OpId_154 (cycles)
5331182477,EXECUTE,0,CYCLES,BACKEND,SUB-EVENT,_MatMul_6:OpId_158 (cycles)
5331182477,EXECUTE,0,CYCLES,BACKEND,SUB-EVENT,_MatMul_6_post_reshape:OpId_161 (cycles)
5331182477,EXECUTE,298031,CYCLES,BACKEND,SUB-EVENT,_MatMul_7:OpId_163 (cycles)
5331182477,EXECUTE,0,CYCLES,BACKEND,SUB-EVENT,_MatMul_7_post_reshape:OpId_166 (cycles)
5331182477,EXECUTE,0,CYCLES,BACKEND,SUB-EVENT,_Sigmoid:OpId_167 (cycles)
5331182477,EXECUTE,249390,CYCLES,BACKEND,SUB-EVENT,_Mul_12:OpId_174 (cycles)
5331182477,EXECUTE,36691,CYCLES,BACKEND,SUB-EVENT,_Mul_13:OpId_176 (cycles)
5331182477,EXECUTE,403091,CYCLES,BACKEND,SUB-EVENT,_MatMul_8:OpId_179 (cycles)
5331182477,EXECUTE,0,CYCLES,BACKEND,SUB-EVENT,_MatMul_8_post_reshape:OpId_182 (cycles)
5331182477,EXECUTE,0,CYCLES,BACKEND,SUB-EVENT,_MatMul_8_output_0_nfc:OpId_184 (cycles)
5331182477,EXECUTE,14917,CYCLES,BACKEND,SUB-EVENT,_Add_9:OpId_186 (cycles)
5331182477,EXECUTE,7255,CYCLES,BACKEND,SUB-EVENT,Output OpId_3 (cycles)
5331182477,EXECUTE,4783,US,BACKEND,ROOT,Accelerator (execute) time
5331182477,EXECUTE,4615,US,BACKEND,ROOT,Accelerator (execute excluding wait) time
5331182477,EXECUTE,11948,US,BACKEND,ROOT,QNN (execute) time
5331195840,EXECUTE,11346,US,NETRUN,ROOT,Graph 0: qwen2_0_5b_layer0_decode_past128_grouped_gqa_delta_kv
5331195840,EXECUTE,4,COUNT,BACKEND,ROOT,Number of HVX threads used
5331195840,EXECUTE,10475,US,BACKEND,ROOT,RPC (execute) time
5331195840,EXECUTE,9253,US,BACKEND,ROOT,QNN accelerator (execute) time
5331195840,EXECUTE,0,COUNT,BACKEND,ROOT,Num times yield occured
5331195840,EXECUTE,637,US,BACKEND,ROOT,Time for initial VTCM acquire
5331195840,EXECUTE,319,US,BACKEND,ROOT,Time for HVX + HMX power on and acquire
5331195840,EXECUTE,2199310,CYCLES,BACKEND,ROOT,Accelerator (execute) time (cycles)
5331195840,EXECUTE,106763,CYCLES,BACKEND,SUB-EVENT,Input OpId_2 (cycles)
5331195840,EXECUTE,37590,CYCLES,BACKEND,SUB-EVENT,hidden_states_ncf:OpId_17 (cycles)
5331195840,EXECUTE,23573,CYCLES,BACKEND,SUB-EVENT,past_value_nchw:OpId_20 (cycles)
5331195840,EXECUTE,11478,CYCLES,BACKEND,SUB-EVENT,rms_norm__Mul_1_output_0:OpId_24 (cycles)
5331195840,EXECUTE,46596,CYCLES,BACKEND,SUB-EVENT,_MatMul:OpId_29 (cycles)
5331195840,EXECUTE,0,CYCLES,BACKEND,SUB-EVENT,_MatMul_post_reshape:OpId_31 (cycles)
5331195840,EXECUTE,7013,CYCLES,BACKEND,SUB-EVENT,_MatMul_1:OpId_34 (cycles)
5331195840,EXECUTE,18589,CYCLES,BACKEND,SUB-EVENT,_MatMul_1_post_reshape:OpId_36 (cycles)
5331195840,EXECUTE,9952,CYCLES,BACKEND,SUB-EVENT,_MatMul_2:OpId_39 (cycles)
5331195840,EXECUTE,16875,CYCLES,BACKEND,SUB-EVENT,_MatMul_2_post_reshape:OpId_41 (cycles)
5331195840,EXECUTE,505,CYCLES,BACKEND,SUB-EVENT,_Transpose:OpId_43 (cycles)
5331195840,EXECUTE,3290,CYCLES,BACKEND,SUB-EVENT,_Transpose_1:OpId_45 (cycles)
5331195840,EXECUTE,3118,CYCLES,BACKEND,SUB-EVENT,_Transpose_2:OpId_47 (cycles)
5331195840,EXECUTE,43400,CYCLES,BACKEND,SUB-EVENT,_Slice:OpId_49 (cycles)
5331195840,EXECUTE,11764,CYCLES,BACKEND,SUB-EVENT,_Slice_1:OpId_55 (cycles)
5331195840,EXECUTE,3187,CYCLES,BACKEND,SUB-EVENT,_Mul_2:OpId_61 (cycles)
5331195840,EXECUTE,1229,CYCLES,BACKEND,SUB-EVENT,_Mul_3:OpId_64 (cycles)
5331195840,EXECUTE,252,CYCLES,BACKEND,SUB-EVENT,_Sub:OpId_66 (cycles)
5331195840,EXECUTE,3740,CYCLES,BACKEND,SUB-EVENT,_Mul_4:OpId_68 (cycles)
5331195840,EXECUTE,1299,CYCLES,BACKEND,SUB-EVENT,_Mul_5:OpId_70 (cycles)
5331195840,EXECUTE,16485,CYCLES,BACKEND,SUB-EVENT,_Add_4:OpId_72 (cycles)
5331195840,EXECUTE,0,CYCLES,BACKEND,SUB-EVENT,_Unsqueeze:OpId_74 (cycles)
5331195840,EXECUTE,0,CYCLES,BACKEND,SUB-EVENT,_Unsqueeze_1:OpId_75 (cycles)
5331195840,EXECUTE,912,CYCLES,BACKEND,SUB-EVENT,_Concat:OpId_76 (cycles)
5331195840,EXECUTE,594,CYCLES,BACKEND,SUB-EVENT,_Reshape_3:OpId_78 (cycles)
5331195840,EXECUTE,55431,CYCLES,BACKEND,SUB-EVENT,_Slice_3:OpId_80 (cycles)
5331195840,EXECUTE,10182,CYCLES,BACKEND,SUB-EVENT,_Slice_4:OpId_86 (cycles)
5331195840,EXECUTE,24850,CYCLES,BACKEND,SUB-EVENT,_Mul_6:OpId_91 (cycles)
5331195840,EXECUTE,16805,CYCLES,BACKEND,SUB-EVENT,_Mul_7:OpId_93 (cycles)
5331195840,EXECUTE,6639,CYCLES,BACKEND,SUB-EVENT,_Sub_1:OpId_95 (cycles)
5331195840,EXECUTE,19636,CYCLES,BACKEND,SUB-EVENT,_Mul_8:OpId_97 (cycles)
5331195840,EXECUTE,16497,CYCLES,BACKEND,SUB-EVENT,_Mul_9:OpId_99 (cycles)
5331195840,EXECUTE,6078,CYCLES,BACKEND,SUB-EVENT,_Add_5:OpId_101 (cycles)
5331195840,EXECUTE,0,CYCLES,BACKEND,SUB-EVENT,_Unsqueeze_2:OpId_103 (cycles)
5331195840,EXECUTE,0,CYCLES,BACKEND,SUB-EVENT,_Unsqueeze_3:OpId_104 (cycles)
5331195840,EXECUTE,11500,CYCLES,BACKEND,SUB-EVENT,_Concat_2:OpId_105 (cycles)
5331195840,EXECUTE,0,CYCLES,BACKEND,SUB-EVENT,_Reshape_4:OpId_107 (cycles)
5331195840,EXECUTE,4677,CYCLES,BACKEND,SUB-EVENT,current_key_nhwc:OpId_109 (cycles)
5331195840,EXECUTE,4550,CYCLES,BACKEND,SUB-EVENT,_Concat_4:OpId_110 (cycles)
5331195840,EXECUTE,375444,CYCLES,BACKEND,SUB-EVENT,_Concat_4_output_0_nchw:OpId_113 (cycles)
5331195840,EXECUTE,2989,CYCLES,BACKEND,SUB-EVENT,_Concat_5:OpId_114 (cycles)
5331195840,EXECUTE,0,CYCLES,BACKEND,SUB-EVENT,_Unsqueeze_4:OpId_116 (cycles)
5331195840,EXECUTE,35374,CYCLES,BACKEND,SUB-EVENT,_MatMul_3:OpId_117 (cycles)
5331195840,EXECUTE,15468,CYCLES,BACKEND,SUB-EVENT,_Div_1:OpId_122 (cycles)
5331195840,EXECUTE,0,CYCLES,BACKEND,SUB-EVENT,_Add_6:OpId_125 (cycles)
5331195840,EXECUTE,21013,CYCLES,BACKEND,SUB-EVENT,_Softmax:OpId_127 (cycles)
5331195840,EXECUTE,0,CYCLES,BACKEND,SUB-EVENT,_Unsqueeze_5:OpId_130 (cycles)
5331195840,EXECUTE,62331,CYCLES,BACKEND,SUB-EVENT,_MatMul_4:OpId_131 (cycles)
5331195840,EXECUTE,0,CYCLES,BACKEND,SUB-EVENT,_Reshape_6:OpId_135 (cycles)
5331195840,EXECUTE,0,CYCLES,BACKEND,SUB-EVENT,_Transpose_4:OpId_137 (cycles)
5331195840,EXECUTE,23970,CYCLES,BACKEND,SUB-EVENT,_MatMul_5:OpId_139 (cycles)
5331195840,EXECUTE,0,CYCLES,BACKEND,SUB-EVENT,_MatMul_5_post_reshape:OpId_142 (cycles)
5331195840,EXECUTE,0,CYCLES,BACKEND,SUB-EVENT,_MatMul_5_output_0_nfc:OpId_144 (cycles)
5331195840,EXECUTE,106218,CYCLES,BACKEND,SUB-EVENT,_Add_7:OpId_146 (cycles)
5331195840,EXECUTE,289,CYCLES,BACKEND,SUB-EVENT,_Add_7_output_0_ncf:OpId_149 (cycles)
5331195840,EXECUTE,8643,CYCLES,BACKEND,SUB-EVENT,rms_norm__Mul_11_output_0:OpId_154 (cycles)
5331195840,EXECUTE,0,CYCLES,BACKEND,SUB-EVENT,_MatMul_6:OpId_158 (cycles)
5331195840,EXECUTE,0,CYCLES,BACKEND,SUB-EVENT,_MatMul_6_post_reshape:OpId_161 (cycles)
5331195840,EXECUTE,297662,CYCLES,BACKEND,SUB-EVENT,_MatMul_7:OpId_163 (cycles)
5331195840,EXECUTE,0,CYCLES,BACKEND,SUB-EVENT,_MatMul_7_post_reshape:OpId_166 (cycles)
5331195840,EXECUTE,0,CYCLES,BACKEND,SUB-EVENT,_Sigmoid:OpId_167 (cycles)
5331195840,EXECUTE,250054,CYCLES,BACKEND,SUB-EVENT,_Mul_12:OpId_174 (cycles)
5331195840,EXECUTE,25195,CYCLES,BACKEND,SUB-EVENT,_Mul_13:OpId_176 (cycles)
5331195840,EXECUTE,409024,CYCLES,BACKEND,SUB-EVENT,_MatMul_8:OpId_179 (cycles)
5331195840,EXECUTE,0,CYCLES,BACKEND,SUB-EVENT,_MatMul_8_post_reshape:OpId_182 (cycles)
5331195840,EXECUTE,0,CYCLES,BACKEND,SUB-EVENT,_MatMul_8_output_0_nfc:OpId_184 (cycles)
5331195840,EXECUTE,14802,CYCLES,BACKEND,SUB-EVENT,_Add_9:OpId_186 (cycles)
5331195840,EXECUTE,5785,CYCLES,BACKEND,SUB-EVENT,Output OpId_3 (cycles)
5331195840,EXECUTE,4527,US,BACKEND,ROOT,Accelerator (execute) time
5331195840,EXECUTE,4389,US,BACKEND,ROOT,Accelerator (execute excluding wait) time
5331195840,EXECUTE,11314,US,BACKEND,ROOT,QNN (execute) time
5331210401,EXECUTE,11812,US,NETRUN,ROOT,Graph 0: qwen2_0_5b_layer0_decode_past128_grouped_gqa_delta_kv
5331210401,EXECUTE,4,COUNT,BACKEND,ROOT,Number of HVX threads used
5331210401,EXECUTE,10950,US,BACKEND,ROOT,RPC (execute) time
5331210401,EXECUTE,9960,US,BACKEND,ROOT,QNN accelerator (execute) time
5331210401,EXECUTE,0,COUNT,BACKEND,ROOT,Num times yield occured
5331210401,EXECUTE,618,US,BACKEND,ROOT,Time for initial VTCM acquire
5331210401,EXECUTE,283,US,BACKEND,ROOT,Time for HVX + HMX power on and acquire
5331210401,EXECUTE,2333397,CYCLES,BACKEND,ROOT,Accelerator (execute) time (cycles)
5331210401,EXECUTE,29963,CYCLES,BACKEND,SUB-EVENT,Input OpId_2 (cycles)
5331210401,EXECUTE,4887,CYCLES,BACKEND,SUB-EVENT,hidden_states_ncf:OpId_17 (cycles)
5331210401,EXECUTE,31552,CYCLES,BACKEND,SUB-EVENT,past_value_nchw:OpId_20 (cycles)
5331210401,EXECUTE,15104,CYCLES,BACKEND,SUB-EVENT,rms_norm__Mul_1_output_0:OpId_24 (cycles)
5331210401,EXECUTE,100213,CYCLES,BACKEND,SUB-EVENT,_MatMul:OpId_29 (cycles)
5331210401,EXECUTE,0,CYCLES,BACKEND,SUB-EVENT,_MatMul_post_reshape:OpId_31 (cycles)
5331210401,EXECUTE,14770,CYCLES,BACKEND,SUB-EVENT,_MatMul_1:OpId_34 (cycles)
5331210401,EXECUTE,14864,CYCLES,BACKEND,SUB-EVENT,_MatMul_1_post_reshape:OpId_36 (cycles)
5331210401,EXECUTE,2109,CYCLES,BACKEND,SUB-EVENT,_MatMul_2:OpId_39 (cycles)
5331210401,EXECUTE,13214,CYCLES,BACKEND,SUB-EVENT,_MatMul_2_post_reshape:OpId_41 (cycles)
5331210401,EXECUTE,499,CYCLES,BACKEND,SUB-EVENT,_Transpose:OpId_43 (cycles)
5331210401,EXECUTE,4895,CYCLES,BACKEND,SUB-EVENT,_Transpose_1:OpId_45 (cycles)
5331210401,EXECUTE,4625,CYCLES,BACKEND,SUB-EVENT,_Transpose_2:OpId_47 (cycles)
5331210401,EXECUTE,50814,CYCLES,BACKEND,SUB-EVENT,_Slice:OpId_49 (cycles)
5331210401,EXECUTE,17377,CYCLES,BACKEND,SUB-EVENT,_Slice_1:OpId_55 (cycles)
5331210401,EXECUTE,2668,CYCLES,BACKEND,SUB-EVENT,_Mul_2:OpId_61 (cycles)
5331210401,EXECUTE,1214,CYCLES,BACKEND,SUB-EVENT,_Mul_3:OpId_64 (cycles)
5331210401,EXECUTE,259,CYCLES,BACKEND,SUB-EVENT,_Sub:OpId_66 (cycles)
5331210401,EXECUTE,2855,CYCLES,BACKEND,SUB-EVENT,_Mul_4:OpId_68 (cycles)
5331210401,EXECUTE,1292,CYCLES,BACKEND,SUB-EVENT,_Mul_5:OpId_70 (cycles)
5331210401,EXECUTE,5471,CYCLES,BACKEND,SUB-EVENT,_Add_4:OpId_72 (cycles)
5331210401,EXECUTE,0,CYCLES,BACKEND,SUB-EVENT,_Unsqueeze:OpId_74 (cycles)
5331210401,EXECUTE,0,CYCLES,BACKEND,SUB-EVENT,_Unsqueeze_1:OpId_75 (cycles)
5331210401,EXECUTE,754,CYCLES,BACKEND,SUB-EVENT,_Concat:OpId_76 (cycles)
5331210401,EXECUTE,593,CYCLES,BACKEND,SUB-EVENT,_Reshape_3:OpId_78 (cycles)
5331210401,EXECUTE,83121,CYCLES,BACKEND,SUB-EVENT,_Slice_3:OpId_80 (cycles)
5331210401,EXECUTE,11488,CYCLES,BACKEND,SUB-EVENT,_Slice_4:OpId_86 (cycles)
5331210401,EXECUTE,29132,CYCLES,BACKEND,SUB-EVENT,_Mul_6:OpId_91 (cycles)
5331210401,EXECUTE,26309,CYCLES,BACKEND,SUB-EVENT,_Mul_7:OpId_93 (cycles)
5331210401,EXECUTE,4612,CYCLES,BACKEND,SUB-EVENT,_Sub_1:OpId_95 (cycles)
5331210401,EXECUTE,28376,CYCLES,BACKEND,SUB-EVENT,_Mul_8:OpId_97 (cycles)
5331210401,EXECUTE,24489,CYCLES,BACKEND,SUB-EVENT,_Mul_9:OpId_99 (cycles)
5331210401,EXECUTE,4000,CYCLES,BACKEND,SUB-EVENT,_Add_5:OpId_101 (cycles)
5331210401,EXECUTE,0,CYCLES,BACKEND,SUB-EVENT,_Unsqueeze_2:OpId_103 (cycles)
5331210401,EXECUTE,0,CYCLES,BACKEND,SUB-EVENT,_Unsqueeze_3:OpId_104 (cycles)
5331210401,EXECUTE,7904,CYCLES,BACKEND,SUB-EVENT,_Concat_2:OpId_105 (cycles)
5331210401,EXECUTE,0,CYCLES,BACKEND,SUB-EVENT,_Reshape_4:OpId_107 (cycles)
5331210401,EXECUTE,3666,CYCLES,BACKEND,SUB-EVENT,current_key_nhwc:OpId_109 (cycles)
5331210401,EXECUTE,5803,CYCLES,BACKEND,SUB-EVENT,_Concat_4:OpId_110 (cycles)
5331210401,EXECUTE,344047,CYCLES,BACKEND,SUB-EVENT,_Concat_4_output_0_nchw:OpId_113 (cycles)
5331210401,EXECUTE,2862,CYCLES,BACKEND,SUB-EVENT,_Concat_5:OpId_114 (cycles)
5331210401,EXECUTE,0,CYCLES,BACKEND,SUB-EVENT,_Unsqueeze_4:OpId_116 (cycles)
5331210401,EXECUTE,39845,CYCLES,BACKEND,SUB-EVENT,_MatMul_3:OpId_117 (cycles)
5331210401,EXECUTE,7232,CYCLES,BACKEND,SUB-EVENT,_Div_1:OpId_122 (cycles)
5331210401,EXECUTE,0,CYCLES,BACKEND,SUB-EVENT,_Add_6:OpId_125 (cycles)
5331210401,EXECUTE,22128,CYCLES,BACKEND,SUB-EVENT,_Softmax:OpId_127 (cycles)
5331210401,EXECUTE,0,CYCLES,BACKEND,SUB-EVENT,_Unsqueeze_5:OpId_130 (cycles)
5331210401,EXECUTE,70711,CYCLES,BACKEND,SUB-EVENT,_MatMul_4:OpId_131 (cycles)
5331210401,EXECUTE,0,CYCLES,BACKEND,SUB-EVENT,_Reshape_6:OpId_135 (cycles)
5331210401,EXECUTE,0,CYCLES,BACKEND,SUB-EVENT,_Transpose_4:OpId_137 (cycles)
5331210401,EXECUTE,13786,CYCLES,BACKEND,SUB-EVENT,_MatMul_5:OpId_139 (cycles)
5331210401,EXECUTE,0,CYCLES,BACKEND,SUB-EVENT,_MatMul_5_post_reshape:OpId_142 (cycles)
5331210401,EXECUTE,0,CYCLES,BACKEND,SUB-EVENT,_MatMul_5_output_0_nfc:OpId_144 (cycles)
5331210401,EXECUTE,83460,CYCLES,BACKEND,SUB-EVENT,_Add_7:OpId_146 (cycles)
5331210401,EXECUTE,222,CYCLES,BACKEND,SUB-EVENT,_Add_7_output_0_ncf:OpId_149 (cycles)
5331210401,EXECUTE,2456,CYCLES,BACKEND,SUB-EVENT,rms_norm__Mul_11_output_0:OpId_154 (cycles)
5331210401,EXECUTE,0,CYCLES,BACKEND,SUB-EVENT,_MatMul_6:OpId_158 (cycles)
5331210401,EXECUTE,0,CYCLES,BACKEND,SUB-EVENT,_MatMul_6_post_reshape:OpId_161 (cycles)
5331210401,EXECUTE,433194,CYCLES,BACKEND,SUB-EVENT,_MatMul_7:OpId_163 (cycles)
5331210401,EXECUTE,0,CYCLES,BACKEND,SUB-EVENT,_MatMul_7_post_reshape:OpId_166 (cycles)
5331210401,EXECUTE,0,CYCLES,BACKEND,SUB-EVENT,_Sigmoid:OpId_167 (cycles)
5331210401,EXECUTE,303996,CYCLES,BACKEND,SUB-EVENT,_Mul_12:OpId_174 (cycles)
5331210401,EXECUTE,26300,CYCLES,BACKEND,SUB-EVENT,_Mul_13:OpId_176 (cycles)
5331210401,EXECUTE,402801,CYCLES,BACKEND,SUB-EVENT,_MatMul_8:OpId_179 (cycles)
5331210401,EXECUTE,0,CYCLES,BACKEND,SUB-EVENT,_MatMul_8_post_reshape:OpId_182 (cycles)
5331210401,EXECUTE,0,CYCLES,BACKEND,SUB-EVENT,_MatMul_8_output_0_nfc:OpId_184 (cycles)
5331210401,EXECUTE,15059,CYCLES,BACKEND,SUB-EVENT,_Add_9:OpId_186 (cycles)
5331210401,EXECUTE,16406,CYCLES,BACKEND,SUB-EVENT,Output OpId_3 (cycles)
5331210401,EXECUTE,4949,US,BACKEND,ROOT,Accelerator (execute) time
5331210401,EXECUTE,4813,US,BACKEND,ROOT,Accelerator (execute excluding wait) time
5331210401,EXECUTE,11781,US,BACKEND,ROOT,QNN (execute) time
5331224480,EXECUTE,11600,US,NETRUN,ROOT,Graph 0: qwen2_0_5b_layer0_decode_past128_grouped_gqa_delta_kv
5331224480,EXECUTE,4,COUNT,BACKEND,ROOT,Number of HVX threads used
5331224480,EXECUTE,10738,US,BACKEND,ROOT,RPC (execute) time
5331224480,EXECUTE,9680,US,BACKEND,ROOT,QNN accelerator (execute) time
5331224480,EXECUTE,0,COUNT,BACKEND,ROOT,Num times yield occured
5331224480,EXECUTE,600,US,BACKEND,ROOT,Time for initial VTCM acquire
5331224480,EXECUTE,262,US,BACKEND,ROOT,Time for HVX + HMX power on and acquire
5331224480,EXECUTE,2434230,CYCLES,BACKEND,ROOT,Accelerator (execute) time (cycles)
5331224480,EXECUTE,121024,CYCLES,BACKEND,SUB-EVENT,Input OpId_2 (cycles)
5331224480,EXECUTE,44031,CYCLES,BACKEND,SUB-EVENT,hidden_states_ncf:OpId_17 (cycles)
5331224480,EXECUTE,43145,CYCLES,BACKEND,SUB-EVENT,past_value_nchw:OpId_20 (cycles)
5331224480,EXECUTE,16994,CYCLES,BACKEND,SUB-EVENT,rms_norm__Mul_1_output_0:OpId_24 (cycles)
5331224480,EXECUTE,78220,CYCLES,BACKEND,SUB-EVENT,_MatMul:OpId_29 (cycles)
5331224480,EXECUTE,0,CYCLES,BACKEND,SUB-EVENT,_MatMul_post_reshape:OpId_31 (cycles)
5331224480,EXECUTE,8879,CYCLES,BACKEND,SUB-EVENT,_MatMul_1:OpId_34 (cycles)
5331224480,EXECUTE,24279,CYCLES,BACKEND,SUB-EVENT,_MatMul_1_post_reshape:OpId_36 (cycles)
5331224480,EXECUTE,11547,CYCLES,BACKEND,SUB-EVENT,_MatMul_2:OpId_39 (cycles)
5331224480,EXECUTE,22565,CYCLES,BACKEND,SUB-EVENT,_MatMul_2_post_reshape:OpId_41 (cycles)
5331224480,EXECUTE,555,CYCLES,BACKEND,SUB-EVENT,_Transpose:OpId_43 (cycles)
5331224480,EXECUTE,5073,CYCLES,BACKEND,SUB-EVENT,_Transpose_1:OpId_45 (cycles)
5331224480,EXECUTE,4796,CYCLES,BACKEND,SUB-EVENT,_Transpose_2:OpId_47 (cycles)
5331224480,EXECUTE,61576,CYCLES,BACKEND,SUB-EVENT,_Slice:OpId_49 (cycles)
5331224480,EXECUTE,12039,CYCLES,BACKEND,SUB-EVENT,_Slice_1:OpId_55 (cycles)
5331224480,EXECUTE,2919,CYCLES,BACKEND,SUB-EVENT,_Mul_2:OpId_61 (cycles)
5331224480,EXECUTE,1221,CYCLES,BACKEND,SUB-EVENT,_Mul_3:OpId_64 (cycles)
5331224480,EXECUTE,253,CYCLES,BACKEND,SUB-EVENT,_Sub:OpId_66 (cycles)
5331224480,EXECUTE,3003,CYCLES,BACKEND,SUB-EVENT,_Mul_4:OpId_68 (cycles)
5331224480,EXECUTE,1279,CYCLES,BACKEND,SUB-EVENT,_Mul_5:OpId_70 (cycles)
5331224480,EXECUTE,10117,CYCLES,BACKEND,SUB-EVENT,_Add_4:OpId_72 (cycles)
5331224480,EXECUTE,0,CYCLES,BACKEND,SUB-EVENT,_Unsqueeze:OpId_74 (cycles)
5331224480,EXECUTE,0,CYCLES,BACKEND,SUB-EVENT,_Unsqueeze_1:OpId_75 (cycles)
5331224480,EXECUTE,756,CYCLES,BACKEND,SUB-EVENT,_Concat:OpId_76 (cycles)
5331224480,EXECUTE,568,CYCLES,BACKEND,SUB-EVENT,_Reshape_3:OpId_78 (cycles)
5331224480,EXECUTE,99062,CYCLES,BACKEND,SUB-EVENT,_Slice_3:OpId_80 (cycles)
5331224480,EXECUTE,18593,CYCLES,BACKEND,SUB-EVENT,_Slice_4:OpId_86 (cycles)
5331224480,EXECUTE,42040,CYCLES,BACKEND,SUB-EVENT,_Mul_6:OpId_91 (cycles)
5331224480,EXECUTE,35758,CYCLES,BACKEND,SUB-EVENT,_Mul_7:OpId_93 (cycles)
5331224480,EXECUTE,4959,CYCLES,BACKEND,SUB-EVENT,_Sub_1:OpId_95 (cycles)
5331224480,EXECUTE,39876,CYCLES,BACKEND,SUB-EVENT,_Mul_8:OpId_97 (cycles)
5331224480,EXECUTE,35291,CYCLES,BACKEND,SUB-EVENT,_Mul_9:OpId_99 (cycles)
5331224480,EXECUTE,5489,CYCLES,BACKEND,SUB-EVENT,_Add_5:OpId_101 (cycles)
5331224480,EXECUTE,0,CYCLES,BACKEND,SUB-EVENT,_Unsqueeze_2:OpId_103 (cycles)
5331224480,EXECUTE,0,CYCLES,BACKEND,SUB-EVENT,_Unsqueeze_3:OpId_104 (cycles)
5331224480,EXECUTE,7193,CYCLES,BACKEND,SUB-EVENT,_Concat_2:OpId_105 (cycles)
5331224480,EXECUTE,0,CYCLES,BACKEND,SUB-EVENT,_Reshape_4:OpId_107 (cycles)
5331224480,EXECUTE,1917,CYCLES,BACKEND,SUB-EVENT,current_key_nhwc:OpId_109 (cycles)
5331224480,EXECUTE,3222,CYCLES,BACKEND,SUB-EVENT,_Concat_4:OpId_110 (cycles)
5331224480,EXECUTE,343439,CYCLES,BACKEND,SUB-EVENT,_Concat_4_output_0_nchw:OpId_113 (cycles)
5331224480,EXECUTE,6847,CYCLES,BACKEND,SUB-EVENT,_Concat_5:OpId_114 (cycles)
5331224480,EXECUTE,0,CYCLES,BACKEND,SUB-EVENT,_Unsqueeze_4:OpId_116 (cycles)
5331224480,EXECUTE,35934,CYCLES,BACKEND,SUB-EVENT,_MatMul_3:OpId_117 (cycles)
5331224480,EXECUTE,15318,CYCLES,BACKEND,SUB-EVENT,_Div_1:OpId_122 (cycles)
5331224480,EXECUTE,0,CYCLES,BACKEND,SUB-EVENT,_Add_6:OpId_125 (cycles)
5331224480,EXECUTE,21890,CYCLES,BACKEND,SUB-EVENT,_Softmax:OpId_127 (cycles)
5331224480,EXECUTE,0,CYCLES,BACKEND,SUB-EVENT,_Unsqueeze_5:OpId_130 (cycles)
5331224480,EXECUTE,82403,CYCLES,BACKEND,SUB-EVENT,_MatMul_4:OpId_131 (cycles)
5331224480,EXECUTE,0,CYCLES,BACKEND,SUB-EVENT,_Reshape_6:OpId_135 (cycles)
5331224480,EXECUTE,0,CYCLES,BACKEND,SUB-EVENT,_Transpose_4:OpId_137 (cycles)
5331224480,EXECUTE,29021,CYCLES,BACKEND,SUB-EVENT,_MatMul_5:OpId_139 (cycles)
5331224480,EXECUTE,0,CYCLES,BACKEND,SUB-EVENT,_MatMul_5_post_reshape:OpId_142 (cycles)
5331224480,EXECUTE,0,CYCLES,BACKEND,SUB-EVENT,_MatMul_5_output_0_nfc:OpId_144 (cycles)
5331224480,EXECUTE,113865,CYCLES,BACKEND,SUB-EVENT,_Add_7:OpId_146 (cycles)
5331224480,EXECUTE,296,CYCLES,BACKEND,SUB-EVENT,_Add_7_output_0_ncf:OpId_149 (cycles)
5331224480,EXECUTE,5009,CYCLES,BACKEND,SUB-EVENT,rms_norm__Mul_11_output_0:OpId_154 (cycles)
5331224480,EXECUTE,0,CYCLES,BACKEND,SUB-EVENT,_MatMul_6:OpId_158 (cycles)
5331224480,EXECUTE,0,CYCLES,BACKEND,SUB-EVENT,_MatMul_6_post_reshape:OpId_161 (cycles)
5331224480,EXECUTE,297826,CYCLES,BACKEND,SUB-EVENT,_MatMul_7:OpId_163 (cycles)
5331224480,EXECUTE,0,CYCLES,BACKEND,SUB-EVENT,_MatMul_7_post_reshape:OpId_166 (cycles)
5331224480,EXECUTE,0,CYCLES,BACKEND,SUB-EVENT,_Sigmoid:OpId_167 (cycles)
5331224480,EXECUTE,258377,CYCLES,BACKEND,SUB-EVENT,_Mul_12:OpId_174 (cycles)
5331224480,EXECUTE,30634,CYCLES,BACKEND,SUB-EVENT,_Mul_13:OpId_176 (cycles)
5331224480,EXECUTE,402793,CYCLES,BACKEND,SUB-EVENT,_MatMul_8:OpId_179 (cycles)
5331224480,EXECUTE,0,CYCLES,BACKEND,SUB-EVENT,_MatMul_8_post_reshape:OpId_182 (cycles)
5331224480,EXECUTE,0,CYCLES,BACKEND,SUB-EVENT,_MatMul_8_output_0_nfc:OpId_184 (cycles)
5331224480,EXECUTE,14876,CYCLES,BACKEND,SUB-EVENT,_Add_9:OpId_186 (cycles)
5331224480,EXECUTE,7463,CYCLES,BACKEND,SUB-EVENT,Output OpId_3 (cycles)
5331224480,EXECUTE,4713,US,BACKEND,ROOT,Accelerator (execute) time
5331224480,EXECUTE,4580,US,BACKEND,ROOT,Accelerator (execute excluding wait) time
5331224480,EXECUTE,11569,US,BACKEND,ROOT,QNN (execute) time
5331238859,EXECUTE,12085,US,NETRUN,ROOT,Graph 0: qwen2_0_5b_layer0_decode_past128_grouped_gqa_delta_kv
5331238859,EXECUTE,4,COUNT,BACKEND,ROOT,Number of HVX threads used
5331238859,EXECUTE,11007,US,BACKEND,ROOT,RPC (execute) time
5331238859,EXECUTE,10002,US,BACKEND,ROOT,QNN accelerator (execute) time
5331238859,EXECUTE,0,COUNT,BACKEND,ROOT,Num times yield occured
5331238859,EXECUTE,591,US,BACKEND,ROOT,Time for initial VTCM acquire
5331238859,EXECUTE,305,US,BACKEND,ROOT,Time for HVX + HMX power on and acquire
5331238859,EXECUTE,2183877,CYCLES,BACKEND,ROOT,Accelerator (execute) time (cycles)
5331238859,EXECUTE,101323,CYCLES,BACKEND,SUB-EVENT,Input OpId_2 (cycles)
5331238859,EXECUTE,33391,CYCLES,BACKEND,SUB-EVENT,hidden_states_ncf:OpId_17 (cycles)
5331238859,EXECUTE,12109,CYCLES,BACKEND,SUB-EVENT,past_value_nchw:OpId_20 (cycles)
5331238859,EXECUTE,5691,CYCLES,BACKEND,SUB-EVENT,rms_norm__Mul_1_output_0:OpId_24 (cycles)
5331238859,EXECUTE,35953,CYCLES,BACKEND,SUB-EVENT,_MatMul:OpId_29 (cycles)
5331238859,EXECUTE,0,CYCLES,BACKEND,SUB-EVENT,_MatMul_post_reshape:OpId_31 (cycles)
5331238859,EXECUTE,4333,CYCLES,BACKEND,SUB-EVENT,_MatMul_1:OpId_34 (cycles)
5331238859,EXECUTE,5995,CYCLES,BACKEND,SUB-EVENT,_MatMul_1_post_reshape:OpId_36 (cycles)
5331238859,EXECUTE,7343,CYCLES,BACKEND,SUB-EVENT,_MatMul_2:OpId_39 (cycles)
5331238859,EXECUTE,4283,CYCLES,BACKEND,SUB-EVENT,_MatMul_2_post_reshape:OpId_41 (cycles)
5331238859,EXECUTE,507,CYCLES,BACKEND,SUB-EVENT,_Transpose:OpId_43 (cycles)
5331238859,EXECUTE,1006,CYCLES,BACKEND,SUB-EVENT,_Transpose_1:OpId_45 (cycles)
5331238859,EXECUTE,734,CYCLES,BACKEND,SUB-EVENT,_Transpose_2:OpId_47 (cycles)
5331238859,EXECUTE,23960,CYCLES,BACKEND,SUB-EVENT,_Slice:OpId_49 (cycles)
5331238859,EXECUTE,6161,CYCLES,BACKEND,SUB-EVENT,_Slice_1:OpId_55 (cycles)
5331238859,EXECUTE,1669,CYCLES,BACKEND,SUB-EVENT,_Mul_2:OpId_61 (cycles)
5331238859,EXECUTE,1324,CYCLES,BACKEND,SUB-EVENT,_Mul_3:OpId_64 (cycles)
5331238859,EXECUTE,244,CYCLES,BACKEND,SUB-EVENT,_Sub:OpId_66 (cycles)
5331238859,EXECUTE,1798,CYCLES,BACKEND,SUB-EVENT,_Mul_4:OpId_68 (cycles)
5331238859,EXECUTE,1285,CYCLES,BACKEND,SUB-EVENT,_Mul_5:OpId_70 (cycles)
5331238859,EXECUTE,10411,CYCLES,BACKEND,SUB-EVENT,_Add_4:OpId_72 (cycles)
5331238859,EXECUTE,0,CYCLES,BACKEND,SUB-EVENT,_Unsqueeze:OpId_74 (cycles)
5331238859,EXECUTE,0,CYCLES,BACKEND,SUB-EVENT,_Unsqueeze_1:OpId_75 (cycles)
5331238859,EXECUTE,780,CYCLES,BACKEND,SUB-EVENT,_Concat:OpId_76 (cycles)
5331238859,EXECUTE,549,CYCLES,BACKEND,SUB-EVENT,_Reshape_3:OpId_78 (cycles)
5331238859,EXECUTE,23439,CYCLES,BACKEND,SUB-EVENT,_Slice_3:OpId_80 (cycles)
5331238859,EXECUTE,5839,CYCLES,BACKEND,SUB-EVENT,_Slice_4:OpId_86 (cycles)
5331238859,EXECUTE,7305,CYCLES,BACKEND,SUB-EVENT,_Mul_6:OpId_91 (cycles)
5331238859,EXECUTE,4389,CYCLES,BACKEND,SUB-EVENT,_Mul_7:OpId_93 (cycles)
5331238859,EXECUTE,891,CYCLES,BACKEND,SUB-EVENT,_Sub_1:OpId_95 (cycles)
5331238859,EXECUTE,7274,CYCLES,BACKEND,SUB-EVENT,_Mul_8:OpId_97 (cycles)
5331238859,EXECUTE,3794,CYCLES,BACKEND,SUB-EVENT,_Mul_9:OpId_99 (cycles)
5331238859,EXECUTE,1225,CYCLES,BACKEND,SUB-EVENT,_Add_5:OpId_101 (cycles)
5331238859,EXECUTE,0,CYCLES,BACKEND,SUB-EVENT,_Unsqueeze_2:OpId_103 (cycles)
5331238859,EXECUTE,0,CYCLES,BACKEND,SUB-EVENT,_Unsqueeze_3:OpId_104 (cycles)
5331238859,EXECUTE,3118,CYCLES,BACKEND,SUB-EVENT,_Concat_2:OpId_105 (cycles)
5331238859,EXECUTE,0,CYCLES,BACKEND,SUB-EVENT,_Reshape_4:OpId_107 (cycles)
5331238859,EXECUTE,1258,CYCLES,BACKEND,SUB-EVENT,current_key_nhwc:OpId_109 (cycles)
5331238859,EXECUTE,3413,CYCLES,BACKEND,SUB-EVENT,_Concat_4:OpId_110 (cycles)
5331238859,EXECUTE,371870,CYCLES,BACKEND,SUB-EVENT,_Concat_4_output_0_nchw:OpId_113 (cycles)
5331238859,EXECUTE,1512,CYCLES,BACKEND,SUB-EVENT,_Concat_5:OpId_114 (cycles)
5331238859,EXECUTE,0,CYCLES,BACKEND,SUB-EVENT,_Unsqueeze_4:OpId_116 (cycles)
5331238859,EXECUTE,34754,CYCLES,BACKEND,SUB-EVENT,_MatMul_3:OpId_117 (cycles)
5331238859,EXECUTE,7288,CYCLES,BACKEND,SUB-EVENT,_Div_1:OpId_122 (cycles)
5331238859,EXECUTE,0,CYCLES,BACKEND,SUB-EVENT,_Add_6:OpId_125 (cycles)
5331238859,EXECUTE,22686,CYCLES,BACKEND,SUB-EVENT,_Softmax:OpId_127 (cycles)
5331238859,EXECUTE,0,CYCLES,BACKEND,SUB-EVENT,_Unsqueeze_5:OpId_130 (cycles)
5331238859,EXECUTE,39934,CYCLES,BACKEND,SUB-EVENT,_MatMul_4:OpId_131 (cycles)
5331238859,EXECUTE,0,CYCLES,BACKEND,SUB-EVENT,_Reshape_6:OpId_135 (cycles)
5331238859,EXECUTE,0,CYCLES,BACKEND,SUB-EVENT,_Transpose_4:OpId_137 (cycles)
5331238859,EXECUTE,60190,CYCLES,BACKEND,SUB-EVENT,_MatMul_5:OpId_139 (cycles)
5331238859,EXECUTE,0,CYCLES,BACKEND,SUB-EVENT,_MatMul_5_post_reshape:OpId_142 (cycles)
5331238859,EXECUTE,0,CYCLES,BACKEND,SUB-EVENT,_MatMul_5_output_0_nfc:OpId_144 (cycles)
5331238859,EXECUTE,95918,CYCLES,BACKEND,SUB-EVENT,_Add_7:OpId_146 (cycles)
5331238859,EXECUTE,307,CYCLES,BACKEND,SUB-EVENT,_Add_7_output_0_ncf:OpId_149 (cycles)
5331238859,EXECUTE,3696,CYCLES,BACKEND,SUB-EVENT,rms_norm__Mul_11_output_0:OpId_154 (cycles)
5331238859,EXECUTE,0,CYCLES,BACKEND,SUB-EVENT,_MatMul_6:OpId_158 (cycles)
5331238859,EXECUTE,0,CYCLES,BACKEND,SUB-EVENT,_MatMul_6_post_reshape:OpId_161 (cycles)
5331238859,EXECUTE,431642,CYCLES,BACKEND,SUB-EVENT,_MatMul_7:OpId_163 (cycles)
5331238859,EXECUTE,0,CYCLES,BACKEND,SUB-EVENT,_MatMul_7_post_reshape:OpId_166 (cycles)
5331238859,EXECUTE,0,CYCLES,BACKEND,SUB-EVENT,_Sigmoid:OpId_167 (cycles)
5331238859,EXECUTE,351966,CYCLES,BACKEND,SUB-EVENT,_Mul_12:OpId_174 (cycles)
5331238859,EXECUTE,21217,CYCLES,BACKEND,SUB-EVENT,_Mul_13:OpId_176 (cycles)
5331238859,EXECUTE,399862,CYCLES,BACKEND,SUB-EVENT,_MatMul_8:OpId_179 (cycles)
5331238859,EXECUTE,0,CYCLES,BACKEND,SUB-EVENT,_MatMul_8_post_reshape:OpId_182 (cycles)
5331238859,EXECUTE,0,CYCLES,BACKEND,SUB-EVENT,_MatMul_8_output_0_nfc:OpId_184 (cycles)
5331238859,EXECUTE,14915,CYCLES,BACKEND,SUB-EVENT,_Add_9:OpId_186 (cycles)
5331238859,EXECUTE,3326,CYCLES,BACKEND,SUB-EVENT,Output OpId_3 (cycles)
5331238859,EXECUTE,4991,US,BACKEND,ROOT,Accelerator (execute) time
5331238859,EXECUTE,4861,US,BACKEND,ROOT,Accelerator (execute excluding wait) time
5331238859,EXECUTE,12053,US,BACKEND,ROOT,QNN (execute) time
5331253075,EXECUTE,11667,US,NETRUN,ROOT,Graph 0: qwen2_0_5b_layer0_decode_past128_grouped_gqa_delta_kv
5331253075,EXECUTE,4,COUNT,BACKEND,ROOT,Number of HVX threads used
5331253075,EXECUTE,10823,US,BACKEND,ROOT,RPC (execute) time
5331253075,EXECUTE,9837,US,BACKEND,ROOT,QNN accelerator (execute) time
5331253075,EXECUTE,0,COUNT,BACKEND,ROOT,Num times yield occured
5331253075,EXECUTE,1053,US,BACKEND,ROOT,Time for initial VTCM acquire
5331253075,EXECUTE,268,US,BACKEND,ROOT,Time for HVX + HMX power on and acquire
5331253075,EXECUTE,2372878,CYCLES,BACKEND,ROOT,Accelerator (execute) time (cycles)
5331253075,EXECUTE,118301,CYCLES,BACKEND,SUB-EVENT,Input OpId_2 (cycles)
5331253075,EXECUTE,38097,CYCLES,BACKEND,SUB-EVENT,hidden_states_ncf:OpId_17 (cycles)
5331253075,EXECUTE,36798,CYCLES,BACKEND,SUB-EVENT,past_value_nchw:OpId_20 (cycles)
5331253075,EXECUTE,10278,CYCLES,BACKEND,SUB-EVENT,rms_norm__Mul_1_output_0:OpId_24 (cycles)
5331253075,EXECUTE,60064,CYCLES,BACKEND,SUB-EVENT,_MatMul:OpId_29 (cycles)
5331253075,EXECUTE,0,CYCLES,BACKEND,SUB-EVENT,_MatMul_post_reshape:OpId_31 (cycles)
5331253075,EXECUTE,8213,CYCLES,BACKEND,SUB-EVENT,_MatMul_1:OpId_34 (cycles)
5331253075,EXECUTE,19819,CYCLES,BACKEND,SUB-EVENT,_MatMul_1_post_reshape:OpId_36 (cycles)
5331253075,EXECUTE,7401,CYCLES,BACKEND,SUB-EVENT,_MatMul_2:OpId_39 (cycles)
5331253075,EXECUTE,18073,CYCLES,BACKEND,SUB-EVENT,_MatMul_2_post_reshape:OpId_41 (cycles)
5331253075,EXECUTE,458,CYCLES,BACKEND,SUB-EVENT,_Transpose:OpId_43 (cycles)
5331253075,EXECUTE,4708,CYCLES,BACKEND,SUB-EVENT,_Transpose_1:OpId_45 (cycles)
5331253075,EXECUTE,4508,CYCLES,BACKEND,SUB-EVENT,_Transpose_2:OpId_47 (cycles)
5331253075,EXECUTE,52627,CYCLES,BACKEND,SUB-EVENT,_Slice:OpId_49 (cycles)
5331253075,EXECUTE,13901,CYCLES,BACKEND,SUB-EVENT,_Slice_1:OpId_55 (cycles)
5331253075,EXECUTE,3987,CYCLES,BACKEND,SUB-EVENT,_Mul_2:OpId_61 (cycles)
5331253075,EXECUTE,1132,CYCLES,BACKEND,SUB-EVENT,_Mul_3:OpId_64 (cycles)
5331253075,EXECUTE,249,CYCLES,BACKEND,SUB-EVENT,_Sub:OpId_66 (cycles)
5331253075,EXECUTE,5690,CYCLES,BACKEND,SUB-EVENT,_Mul_4:OpId_68 (cycles)
5331253075,EXECUTE,2249,CYCLES,BACKEND,SUB-EVENT,_Mul_5:OpId_70 (cycles)
5331253075,EXECUTE,12159,CYCLES,BACKEND,SUB-EVENT,_Add_4:OpId_72 (cycles)
5331253075,EXECUTE,0,CYCLES,BACKEND,SUB-EVENT,_Unsqueeze:OpId_74 (cycles)
5331253075,EXECUTE,0,CYCLES,BACKEND,SUB-EVENT,_Unsqueeze_1:OpId_75 (cycles)
5331253075,EXECUTE,731,CYCLES,BACKEND,SUB-EVENT,_Concat:OpId_76 (cycles)
5331253075,EXECUTE,597,CYCLES,BACKEND,SUB-EVENT,_Reshape_3:OpId_78 (cycles)
5331253075,EXECUTE,82362,CYCLES,BACKEND,SUB-EVENT,_Slice_3:OpId_80 (cycles)
5331253075,EXECUTE,12272,CYCLES,BACKEND,SUB-EVENT,_Slice_4:OpId_86 (cycles)
5331253075,EXECUTE,37392,CYCLES,BACKEND,SUB-EVENT,_Mul_6:OpId_91 (cycles)
5331253075,EXECUTE,28161,CYCLES,BACKEND,SUB-EVENT,_Mul_7:OpId_93 (cycles)
5331253075,EXECUTE,7689,CYCLES,BACKEND,SUB-EVENT,_Sub_1:OpId_95 (cycles)
5331253075,EXECUTE,33443,CYCLES,BACKEND,SUB-EVENT,_Mul_8:OpId_97 (cycles)
5331253075,EXECUTE,27983,CYCLES,BACKEND,SUB-EVENT,_Mul_9:OpId_99 (cycles)
5331253075,EXECUTE,12282,CYCLES,BACKEND,SUB-EVENT,_Add_5:OpId_101 (cycles)
5331253075,EXECUTE,0,CYCLES,BACKEND,SUB-EVENT,_Unsqueeze_2:OpId_103 (cycles)
5331253075,EXECUTE,0,CYCLES,BACKEND,SUB-EVENT,_Unsqueeze_3:OpId_104 (cycles)
5331253075,EXECUTE,20057,CYCLES,BACKEND,SUB-EVENT,_Concat_2:OpId_105 (cycles)
5331253075,EXECUTE,0,CYCLES,BACKEND,SUB-EVENT,_Reshape_4:OpId_107 (cycles)
5331253075,EXECUTE,8203,CYCLES,BACKEND,SUB-EVENT,current_key_nhwc:OpId_109 (cycles)
5331253075,EXECUTE,4745,CYCLES,BACKEND,SUB-EVENT,_Concat_4:OpId_110 (cycles)
5331253075,EXECUTE,378188,CYCLES,BACKEND,SUB-EVENT,_Concat_4_output_0_nchw:OpId_113 (cycles)
5331253075,EXECUTE,4404,CYCLES,BACKEND,SUB-EVENT,_Concat_5:OpId_114 (cycles)
5331253075,EXECUTE,0,CYCLES,BACKEND,SUB-EVENT,_Unsqueeze_4:OpId_116 (cycles)
5331253075,EXECUTE,35866,CYCLES,BACKEND,SUB-EVENT,_MatMul_3:OpId_117 (cycles)
5331253075,EXECUTE,15273,CYCLES,BACKEND,SUB-EVENT,_Div_1:OpId_122 (cycles)
5331253075,EXECUTE,0,CYCLES,BACKEND,SUB-EVENT,_Add_6:OpId_125 (cycles)
5331253075,EXECUTE,24036,CYCLES,BACKEND,SUB-EVENT,_Softmax:OpId_127 (cycles)
5331253075,EXECUTE,0,CYCLES,BACKEND,SUB-EVENT,_Unsqueeze_5:OpId_130 (cycles)
5331253075,EXECUTE,83445,CYCLES,BACKEND,SUB-EVENT,_MatMul_4:OpId_131 (cycles)
5331253075,EXECUTE,0,CYCLES,BACKEND,SUB-EVENT,_Reshape_6:OpId_135 (cycles)
5331253075,EXECUTE,0,CYCLES,BACKEND,SUB-EVENT,_Transpose_4:OpId_137 (cycles)
5331253075,EXECUTE,26063,CYCLES,BACKEND,SUB-EVENT,_MatMul_5:OpId_139 (cycles)
5331253075,EXECUTE,0,CYCLES,BACKEND,SUB-EVENT,_MatMul_5_post_reshape:OpId_142 (cycles)
5331253075,EXECUTE,0,CYCLES,BACKEND,SUB-EVENT,_MatMul_5_output_0_nfc:OpId_144 (cycles)
5331253075,EXECUTE,102549,CYCLES,BACKEND,SUB-EVENT,_Add_7:OpId_146 (cycles)
5331253075,EXECUTE,323,CYCLES,BACKEND,SUB-EVENT,_Add_7_output_0_ncf:OpId_149 (cycles)
5331253075,EXECUTE,5089,CYCLES,BACKEND,SUB-EVENT,rms_norm__Mul_11_output_0:OpId_154 (cycles)
5331253075,EXECUTE,0,CYCLES,BACKEND,SUB-EVENT,_MatMul_6:OpId_158 (cycles)
5331253075,EXECUTE,0,CYCLES,BACKEND,SUB-EVENT,_MatMul_6_post_reshape:OpId_161 (cycles)
5331253075,EXECUTE,298502,CYCLES,BACKEND,SUB-EVENT,_MatMul_7:OpId_163 (cycles)
5331253075,EXECUTE,0,CYCLES,BACKEND,SUB-EVENT,_MatMul_7_post_reshape:OpId_166 (cycles)
5331253075,EXECUTE,0,CYCLES,BACKEND,SUB-EVENT,_Sigmoid:OpId_167 (cycles)
5331253075,EXECUTE,255066,CYCLES,BACKEND,SUB-EVENT,_Mul_12:OpId_174 (cycles)
5331253075,EXECUTE,28142,CYCLES,BACKEND,SUB-EVENT,_Mul_13:OpId_176 (cycles)
5331253075,EXECUTE,399633,CYCLES,BACKEND,SUB-EVENT,_MatMul_8:OpId_179 (cycles)
5331253075,EXECUTE,0,CYCLES,BACKEND,SUB-EVENT,_MatMul_8_post_reshape:OpId_182 (cycles)
5331253075,EXECUTE,0,CYCLES,BACKEND,SUB-EVENT,_MatMul_8_output_0_nfc:OpId_184 (cycles)
5331253075,EXECUTE,14957,CYCLES,BACKEND,SUB-EVENT,_Add_9:OpId_186 (cycles)
5331253075,EXECUTE,6713,CYCLES,BACKEND,SUB-EVENT,Output OpId_3 (cycles)
5331253075,EXECUTE,4765,US,BACKEND,ROOT,Accelerator (execute) time
5331253075,EXECUTE,4594,US,BACKEND,ROOT,Accelerator (execute excluding wait) time
5331253075,EXECUTE,11638,US,BACKEND,ROOT,QNN (execute) time
5331266670,EXECUTE,11387,US,NETRUN,ROOT,Graph 0: qwen2_0_5b_layer0_decode_past128_grouped_gqa_delta_kv
5331266670,EXECUTE,4,COUNT,BACKEND,ROOT,Number of HVX threads used
5331266670,EXECUTE,10495,US,BACKEND,ROOT,RPC (execute) time
5331266670,EXECUTE,9616,US,BACKEND,ROOT,QNN accelerator (execute) time
5331266670,EXECUTE,0,COUNT,BACKEND,ROOT,Num times yield occured
5331266670,EXECUTE,665,US,BACKEND,ROOT,Time for initial VTCM acquire
5331266670,EXECUTE,334,US,BACKEND,ROOT,Time for HVX + HMX power on and acquire
5331266670,EXECUTE,2302525,CYCLES,BACKEND,ROOT,Accelerator (execute) time (cycles)
5331266670,EXECUTE,104347,CYCLES,BACKEND,SUB-EVENT,Input OpId_2 (cycles)
5331266670,EXECUTE,38042,CYCLES,BACKEND,SUB-EVENT,hidden_states_ncf:OpId_17 (cycles)
5331266670,EXECUTE,34126,CYCLES,BACKEND,SUB-EVENT,past_value_nchw:OpId_20 (cycles)
5331266670,EXECUTE,11396,CYCLES,BACKEND,SUB-EVENT,rms_norm__Mul_1_output_0:OpId_24 (cycles)
5331266670,EXECUTE,64283,CYCLES,BACKEND,SUB-EVENT,_MatMul:OpId_29 (cycles)
5331266670,EXECUTE,0,CYCLES,BACKEND,SUB-EVENT,_MatMul_post_reshape:OpId_31 (cycles)
5331266670,EXECUTE,7365,CYCLES,BACKEND,SUB-EVENT,_MatMul_1:OpId_34 (cycles)
5331266670,EXECUTE,17926,CYCLES,BACKEND,SUB-EVENT,_MatMul_1_post_reshape:OpId_36 (cycles)
5331266670,EXECUTE,7245,CYCLES,BACKEND,SUB-EVENT,_MatMul_2:OpId_39 (cycles)
5331266670,EXECUTE,16219,CYCLES,BACKEND,SUB-EVENT,_MatMul_2_post_reshape:OpId_41 (cycles)
5331266670,EXECUTE,489,CYCLES,BACKEND,SUB-EVENT,_Transpose:OpId_43 (cycles)
5331266670,EXECUTE,5247,CYCLES,BACKEND,SUB-EVENT,_Transpose_1:OpId_45 (cycles)
5331266670,EXECUTE,4949,CYCLES,BACKEND,SUB-EVENT,_Transpose_2:OpId_47 (cycles)
5331266670,EXECUTE,41832,CYCLES,BACKEND,SUB-EVENT,_Slice:OpId_49 (cycles)
5331266670,EXECUTE,9390,CYCLES,BACKEND,SUB-EVENT,_Slice_1:OpId_55 (cycles)
5331266670,EXECUTE,2706,CYCLES,BACKEND,SUB-EVENT,_Mul_2:OpId_61 (cycles)
5331266670,EXECUTE,1221,CYCLES,BACKEND,SUB-EVENT,_Mul_3:OpId_64 (cycles)
5331266670,EXECUTE,256,CYCLES,BACKEND,SUB-EVENT,_Sub:OpId_66 (cycles)
5331266670,EXECUTE,3034,CYCLES,BACKEND,SUB-EVENT,_Mul_4:OpId_68 (cycles)
5331266670,EXECUTE,2131,CYCLES,BACKEND,SUB-EVENT,_Mul_5:OpId_70 (cycles)
5331266670,EXECUTE,14545,CYCLES,BACKEND,SUB-EVENT,_Add_4:OpId_72 (cycles)
5331266670,EXECUTE,0,CYCLES,BACKEND,SUB-EVENT,_Unsqueeze:OpId_74 (cycles)
5331266670,EXECUTE,0,CYCLES,BACKEND,SUB-EVENT,_Unsqueeze_1:OpId_75 (cycles)
5331266670,EXECUTE,775,CYCLES,BACKEND,SUB-EVENT,_Concat:OpId_76 (cycles)
5331266670,EXECUTE,609,CYCLES,BACKEND,SUB-EVENT,_Reshape_3:OpId_78 (cycles)
5331266670,EXECUTE,68908,CYCLES,BACKEND,SUB-EVENT,_Slice_3:OpId_80 (cycles)
5331266670,EXECUTE,11936,CYCLES,BACKEND,SUB-EVENT,_Slice_4:OpId_86 (cycles)
5331266670,EXECUTE,34473,CYCLES,BACKEND,SUB-EVENT,_Mul_6:OpId_91 (cycles)
5331266670,EXECUTE,32134,CYCLES,BACKEND,SUB-EVENT,_Mul_7:OpId_93 (cycles)
5331266670,EXECUTE,3820,CYCLES,BACKEND,SUB-EVENT,_Sub_1:OpId_95 (cycles)
5331266670,EXECUTE,34393,CYCLES,BACKEND,SUB-EVENT,_Mul_8:OpId_97 (cycles)
5331266670,EXECUTE,26463,CYCLES,BACKEND,SUB-EVENT,_Mul_9:OpId_99 (cycles)
5331266670,EXECUTE,5923,CYCLES,BACKEND,SUB-EVENT,_Add_5:OpId_101 (cycles)
5331266670,EXECUTE,0,CYCLES,BACKEND,SUB-EVENT,_Unsqueeze_2:OpId_103 (cycles)
5331266670,EXECUTE,0,CYCLES,BACKEND,SUB-EVENT,_Unsqueeze_3:OpId_104 (cycles)
5331266670,EXECUTE,27383,CYCLES,BACKEND,SUB-EVENT,_Concat_2:OpId_105 (cycles)
5331266670,EXECUTE,0,CYCLES,BACKEND,SUB-EVENT,_Reshape_4:OpId_107 (cycles)
5331266670,EXECUTE,11670,CYCLES,BACKEND,SUB-EVENT,current_key_nhwc:OpId_109 (cycles)
5331266670,EXECUTE,5705,CYCLES,BACKEND,SUB-EVENT,_Concat_4:OpId_110 (cycles)
5331266670,EXECUTE,362584,CYCLES,BACKEND,SUB-EVENT,_Concat_4_output_0_nchw:OpId_113 (cycles)
5331266670,EXECUTE,2438,CYCLES,BACKEND,SUB-EVENT,_Concat_5:OpId_114 (cycles)
5331266670,EXECUTE,0,CYCLES,BACKEND,SUB-EVENT,_Unsqueeze_4:OpId_116 (cycles)
5331266670,EXECUTE,34645,CYCLES,BACKEND,SUB-EVENT,_MatMul_3:OpId_117 (cycles)
5331266670,EXECUTE,15099,CYCLES,BACKEND,SUB-EVENT,_Div_1:OpId_122 (cycles)
5331266670,EXECUTE,0,CYCLES,BACKEND,SUB-EVENT,_Add_6:OpId_125 (cycles)
5331266670,EXECUTE,21882,CYCLES,BACKEND,SUB-EVENT,_Softmax:OpId_127 (cycles)
5331266670,EXECUTE,0,CYCLES,BACKEND,SUB-EVENT,_Unsqueeze_5:OpId_130 (cycles)
5331266670,EXECUTE,78007,CYCLES,BACKEND,SUB-EVENT,_MatMul_4:OpId_131 (cycles)
5331266670,EXECUTE,0,CYCLES,BACKEND,SUB-EVENT,_Reshape_6:OpId_135 (cycles)
5331266670,EXECUTE,0,CYCLES,BACKEND,SUB-EVENT,_Transpose_4:OpId_137 (cycles)
5331266670,EXECUTE,24828,CYCLES,BACKEND,SUB-EVENT,_MatMul_5:OpId_139 (cycles)
5331266670,EXECUTE,0,CYCLES,BACKEND,SUB-EVENT,_MatMul_5_post_reshape:OpId_142 (cycles)
5331266670,EXECUTE,0,CYCLES,BACKEND,SUB-EVENT,_MatMul_5_output_0_nfc:OpId_144 (cycles)
5331266670,EXECUTE,103964,CYCLES,BACKEND,SUB-EVENT,_Add_7:OpId_146 (cycles)
5331266670,EXECUTE,240,CYCLES,BACKEND,SUB-EVENT,_Add_7_output_0_ncf:OpId_149 (cycles)
5331266670,EXECUTE,9405,CYCLES,BACKEND,SUB-EVENT,rms_norm__Mul_11_output_0:OpId_154 (cycles)
5331266670,EXECUTE,0,CYCLES,BACKEND,SUB-EVENT,_MatMul_6:OpId_158 (cycles)
5331266670,EXECUTE,0,CYCLES,BACKEND,SUB-EVENT,_MatMul_6_post_reshape:OpId_161 (cycles)
5331266670,EXECUTE,301656,CYCLES,BACKEND,SUB-EVENT,_MatMul_7:OpId_163 (cycles)
5331266670,EXECUTE,0,CYCLES,BACKEND,SUB-EVENT,_MatMul_7_post_reshape:OpId_166 (cycles)
5331266670,EXECUTE,0,CYCLES,BACKEND,SUB-EVENT,_Sigmoid:OpId_167 (cycles)
5331266670,EXECUTE,244291,CYCLES,BACKEND,SUB-EVENT,_Mul_12:OpId_174 (cycles)
5331266670,EXECUTE,28121,CYCLES,BACKEND,SUB-EVENT,_Mul_13:OpId_176 (cycles)
5331266670,EXECUTE,402325,CYCLES,BACKEND,SUB-EVENT,_MatMul_8:OpId_179 (cycles)
5331266670,EXECUTE,0,CYCLES,BACKEND,SUB-EVENT,_MatMul_8_post_reshape:OpId_182 (cycles)
5331266670,EXECUTE,0,CYCLES,BACKEND,SUB-EVENT,_MatMul_8_output_0_nfc:OpId_184 (cycles)
5331266670,EXECUTE,15054,CYCLES,BACKEND,SUB-EVENT,_Add_9:OpId_186 (cycles)
5331266670,EXECUTE,7045,CYCLES,BACKEND,SUB-EVENT,Output OpId_3 (cycles)
5331266670,EXECUTE,4660,US,BACKEND,ROOT,Accelerator (execute) time
5331266670,EXECUTE,4519,US,BACKEND,ROOT,Accelerator (execute excluding wait) time
5331266670,EXECUTE,11359,US,BACKEND,ROOT,QNN (execute) time
5331278526,EXECUTE IPS,72.482498,INF/SEC,NETRUN,ROOT,null
