input log file location, qwen_block_custom_qnn/device_output/decode_delta_input_cache_repeat30/qnn-profiling-data_0.log
qnn-profile-viewer version, v2.47.0.260601114230
qnn-net-run version, v2.47.0.260601114230
Backend version, v2.47.0.260601114230
Msg Timestamp, Message, Time, Unit of Measurement, Timing Source, Event Level, Event Identifier
5378288799,INIT,444708,US,NETRUN,ROOT,null
5378426801,COMPOSE GRAPHS,136028,US,NETRUN,ROOT,null
5378735775,FINALIZE,308634,US,NETRUN,ROOT,Graph 0: qwen2_0_5b_layer0_decode_past128_grouped_gqa_delta_kv
5378735775,FINALIZE,7634,US,BACKEND,ROOT,RPC (finalize) time
5378735775,FINALIZE,5815,US,BACKEND,ROOT,QNN accelerator (finalize) time
5378735775,FINALIZE,5651,US,BACKEND,ROOT,Accelerator (finalize) time
5378735775,FINALIZE,308586,US,BACKEND,ROOT,QNN (finalize) time
5378735775,FINALIZE,152,US,BACKEND,SUB-EVENT,Graph Preparation Initializing
5378735775,FINALIZE,235803,US,BACKEND,SUB-EVENT,Graph Optimizations
5378735775,FINALIZE,2739,US,BACKEND,SUB-EVENT,Post Graph Optimization
5378735775,FINALIZE,16536,US,BACKEND,SUB-EVENT,Graph Sequencing for Target
5378735775,FINALIZE,2068,US,BACKEND,SUB-EVENT,VTCM Allocation
5378735775,FINALIZE,1315,US,BACKEND,SUB-EVENT,Parallelization Optimization
5378735775,FINALIZE,1895,US,BACKEND,SUB-EVENT,Finalizing Graph Sequence
5378735775,FINALIZE,74,US,BACKEND,SUB-EVENT,Completion
5379274507,DE-INIT,81027,US,NETRUN,ROOT,null
5379274507,DE-INIT,9010,US,BACKEND,ROOT,RPC (deinit) time
5379274507,DE-INIT,7552,US,BACKEND,ROOT,QNN Accelerator (deinit) time
5379274507,DE-INIT,7432,US,BACKEND,ROOT,Accelerator (deinit) time
5379274507,DE-INIT,80994,US,BACKEND,ROOT,QNN (deinit) time
5378757901,EXECUTE,20917,US,NETRUN,ROOT,Graph 0: qwen2_0_5b_layer0_decode_past128_grouped_gqa_delta_kv
5378757901,EXECUTE,4,COUNT,BACKEND,ROOT,Number of HVX threads used
5378757901,EXECUTE,20445,US,BACKEND,ROOT,RPC (execute) time
5378757901,EXECUTE,18315,US,BACKEND,ROOT,QNN accelerator (execute) time
5378757901,EXECUTE,0,COUNT,BACKEND,ROOT,Num times yield occured
5378757901,EXECUTE,708,US,BACKEND,ROOT,Time for initial VTCM acquire
5378757901,EXECUTE,35107,US,BACKEND,ROOT,Time for HVX + HMX power on and acquire
5378757901,EXECUTE,1233436,CYCLES,BACKEND,ROOT,Accelerator (execute) time (cycles)
5378757901,EXECUTE,21776,CYCLES,BACKEND,SUB-EVENT,Input OpId_2 (cycles)
5378757901,EXECUTE,5012,CYCLES,BACKEND,SUB-EVENT,hidden_states_ncf:OpId_17 (cycles)
5378757901,EXECUTE,17713,CYCLES,BACKEND,SUB-EVENT,past_value_nchw:OpId_20 (cycles)
5378757901,EXECUTE,7986,CYCLES,BACKEND,SUB-EVENT,rms_norm__Mul_1_output_0:OpId_24 (cycles)
5378757901,EXECUTE,39427,CYCLES,BACKEND,SUB-EVENT,_MatMul:OpId_29 (cycles)
5378757901,EXECUTE,0,CYCLES,BACKEND,SUB-EVENT,_MatMul_post_reshape:OpId_31 (cycles)
5378757901,EXECUTE,7407,CYCLES,BACKEND,SUB-EVENT,_MatMul_1:OpId_34 (cycles)
5378757901,EXECUTE,9005,CYCLES,BACKEND,SUB-EVENT,_MatMul_1_post_reshape:OpId_36 (cycles)
5378757901,EXECUTE,1543,CYCLES,BACKEND,SUB-EVENT,_MatMul_2:OpId_39 (cycles)
5378757901,EXECUTE,7242,CYCLES,BACKEND,SUB-EVENT,_MatMul_2_post_reshape:OpId_41 (cycles)
5378757901,EXECUTE,516,CYCLES,BACKEND,SUB-EVENT,_Transpose:OpId_43 (cycles)
5378757901,EXECUTE,2828,CYCLES,BACKEND,SUB-EVENT,_Transpose_1:OpId_45 (cycles)
5378757901,EXECUTE,2571,CYCLES,BACKEND,SUB-EVENT,_Transpose_2:OpId_47 (cycles)
5378757901,EXECUTE,22343,CYCLES,BACKEND,SUB-EVENT,_Slice:OpId_49 (cycles)
5378757901,EXECUTE,6245,CYCLES,BACKEND,SUB-EVENT,_Slice_1:OpId_55 (cycles)
5378757901,EXECUTE,1412,CYCLES,BACKEND,SUB-EVENT,_Mul_2:OpId_61 (cycles)
5378757901,EXECUTE,1270,CYCLES,BACKEND,SUB-EVENT,_Mul_3:OpId_64 (cycles)
5378757901,EXECUTE,252,CYCLES,BACKEND,SUB-EVENT,_Sub:OpId_66 (cycles)
5378757901,EXECUTE,1757,CYCLES,BACKEND,SUB-EVENT,_Mul_4:OpId_68 (cycles)
5378757901,EXECUTE,1220,CYCLES,BACKEND,SUB-EVENT,_Mul_5:OpId_70 (cycles)
5378757901,EXECUTE,1921,CYCLES,BACKEND,SUB-EVENT,_Add_4:OpId_72 (cycles)
5378757901,EXECUTE,0,CYCLES,BACKEND,SUB-EVENT,_Unsqueeze:OpId_74 (cycles)
5378757901,EXECUTE,0,CYCLES,BACKEND,SUB-EVENT,_Unsqueeze_1:OpId_75 (cycles)
5378757901,EXECUTE,797,CYCLES,BACKEND,SUB-EVENT,_Concat:OpId_76 (cycles)
5378757901,EXECUTE,580,CYCLES,BACKEND,SUB-EVENT,_Reshape_3:OpId_78 (cycles)
5378757901,EXECUTE,20416,CYCLES,BACKEND,SUB-EVENT,_Slice_3:OpId_80 (cycles)
5378757901,EXECUTE,5105,CYCLES,BACKEND,SUB-EVENT,_Slice_4:OpId_86 (cycles)
5378757901,EXECUTE,4977,CYCLES,BACKEND,SUB-EVENT,_Mul_6:OpId_91 (cycles)
5378757901,EXECUTE,1900,CYCLES,BACKEND,SUB-EVENT,_Mul_7:OpId_93 (cycles)
5378757901,EXECUTE,518,CYCLES,BACKEND,SUB-EVENT,_Sub_1:OpId_95 (cycles)
5378757901,EXECUTE,4933,CYCLES,BACKEND,SUB-EVENT,_Mul_8:OpId_97 (cycles)
5378757901,EXECUTE,1603,CYCLES,BACKEND,SUB-EVENT,_Mul_9:OpId_99 (cycles)
5378757901,EXECUTE,912,CYCLES,BACKEND,SUB-EVENT,_Add_5:OpId_101 (cycles)
5378757901,EXECUTE,0,CYCLES,BACKEND,SUB-EVENT,_Unsqueeze_2:OpId_103 (cycles)
5378757901,EXECUTE,0,CYCLES,BACKEND,SUB-EVENT,_Unsqueeze_3:OpId_104 (cycles)
5378757901,EXECUTE,2895,CYCLES,BACKEND,SUB-EVENT,_Concat_2:OpId_105 (cycles)
5378757901,EXECUTE,0,CYCLES,BACKEND,SUB-EVENT,_Reshape_4:OpId_107 (cycles)
5378757901,EXECUTE,853,CYCLES,BACKEND,SUB-EVENT,current_key_nhwc:OpId_109 (cycles)
5378757901,EXECUTE,3055,CYCLES,BACKEND,SUB-EVENT,_Concat_4:OpId_110 (cycles)
5378757901,EXECUTE,367947,CYCLES,BACKEND,SUB-EVENT,_Concat_4_output_0_nchw:OpId_113 (cycles)
5378757901,EXECUTE,2825,CYCLES,BACKEND,SUB-EVENT,_Concat_5:OpId_114 (cycles)
5378757901,EXECUTE,0,CYCLES,BACKEND,SUB-EVENT,_Unsqueeze_4:OpId_116 (cycles)
5378757901,EXECUTE,32766,CYCLES,BACKEND,SUB-EVENT,_MatMul_3:OpId_117 (cycles)
5378757901,EXECUTE,5802,CYCLES,BACKEND,SUB-EVENT,_Div_1:OpId_122 (cycles)
5378757901,EXECUTE,0,CYCLES,BACKEND,SUB-EVENT,_Add_6:OpId_125 (cycles)
5378757901,EXECUTE,20556,CYCLES,BACKEND,SUB-EVENT,_Softmax:OpId_127 (cycles)
5378757901,EXECUTE,0,CYCLES,BACKEND,SUB-EVENT,_Unsqueeze_5:OpId_130 (cycles)
5378757901,EXECUTE,32270,CYCLES,BACKEND,SUB-EVENT,_MatMul_4:OpId_131 (cycles)
5378757901,EXECUTE,0,CYCLES,BACKEND,SUB-EVENT,_Reshape_6:OpId_135 (cycles)
5378757901,EXECUTE,0,CYCLES,BACKEND,SUB-EVENT,_Transpose_4:OpId_137 (cycles)
5378757901,EXECUTE,25458,CYCLES,BACKEND,SUB-EVENT,_MatMul_5:OpId_139 (cycles)
5378757901,EXECUTE,0,CYCLES,BACKEND,SUB-EVENT,_MatMul_5_post_reshape:OpId_142 (cycles)
5378757901,EXECUTE,0,CYCLES,BACKEND,SUB-EVENT,_MatMul_5_output_0_nfc:OpId_144 (cycles)
5378757901,EXECUTE,68605,CYCLES,BACKEND,SUB-EVENT,_Add_7:OpId_146 (cycles)
5378757901,EXECUTE,239,CYCLES,BACKEND,SUB-EVENT,_Add_7_output_0_ncf:OpId_149 (cycles)
5378757901,EXECUTE,1983,CYCLES,BACKEND,SUB-EVENT,rms_norm__Mul_11_output_0:OpId_154 (cycles)
5378757901,EXECUTE,0,CYCLES,BACKEND,SUB-EVENT,_MatMul_6:OpId_158 (cycles)
5378757901,EXECUTE,0,CYCLES,BACKEND,SUB-EVENT,_MatMul_6_post_reshape:OpId_161 (cycles)
5378757901,EXECUTE,154688,CYCLES,BACKEND,SUB-EVENT,_MatMul_7:OpId_163 (cycles)
5378757901,EXECUTE,0,CYCLES,BACKEND,SUB-EVENT,_MatMul_7_post_reshape:OpId_166 (cycles)
5378757901,EXECUTE,0,CYCLES,BACKEND,SUB-EVENT,_Sigmoid:OpId_167 (cycles)
5378757901,EXECUTE,122048,CYCLES,BACKEND,SUB-EVENT,_Mul_12:OpId_174 (cycles)
5378757901,EXECUTE,16548,CYCLES,BACKEND,SUB-EVENT,_Mul_13:OpId_176 (cycles)
5378757901,EXECUTE,156213,CYCLES,BACKEND,SUB-EVENT,_MatMul_8:OpId_179 (cycles)
5378757901,EXECUTE,0,CYCLES,BACKEND,SUB-EVENT,_MatMul_8_post_reshape:OpId_182 (cycles)
5378757901,EXECUTE,0,CYCLES,BACKEND,SUB-EVENT,_MatMul_8_output_0_nfc:OpId_184 (cycles)
5378757901,EXECUTE,14664,CYCLES,BACKEND,SUB-EVENT,_Add_9:OpId_186 (cycles)
5378757901,EXECUTE,2834,CYCLES,BACKEND,SUB-EVENT,Output OpId_3 (cycles)
5378757901,EXECUTE,4569,US,BACKEND,ROOT,Accelerator (execute) time
5378757901,EXECUTE,2636,US,BACKEND,ROOT,Accelerator (execute excluding wait) time
5378757901,EXECUTE,20892,US,BACKEND,ROOT,QNN (execute) time
5378767032,EXECUTE,8480,US,NETRUN,ROOT,Graph 0: qwen2_0_5b_layer0_decode_past128_grouped_gqa_delta_kv
5378767032,EXECUTE,4,COUNT,BACKEND,ROOT,Number of HVX threads used
5378767032,EXECUTE,8057,US,BACKEND,ROOT,RPC (execute) time
5378767032,EXECUTE,7124,US,BACKEND,ROOT,QNN accelerator (execute) time
5378767032,EXECUTE,0,COUNT,BACKEND,ROOT,Num times yield occured
5378767032,EXECUTE,610,US,BACKEND,ROOT,Time for initial VTCM acquire
5378767032,EXECUTE,216,US,BACKEND,ROOT,Time for HVX + HMX power on and acquire
5378767032,EXECUTE,1223133,CYCLES,BACKEND,ROOT,Accelerator (execute) time (cycles)
5378767032,EXECUTE,40561,CYCLES,BACKEND,SUB-EVENT,Input OpId_2 (cycles)
5378767032,EXECUTE,12412,CYCLES,BACKEND,SUB-EVENT,hidden_states_ncf:OpId_17 (cycles)
5378767032,EXECUTE,20656,CYCLES,BACKEND,SUB-EVENT,past_value_nchw:OpId_20 (cycles)
5378767032,EXECUTE,12542,CYCLES,BACKEND,SUB-EVENT,rms_norm__Mul_1_output_0:OpId_24 (cycles)
5378767032,EXECUTE,35709,CYCLES,BACKEND,SUB-EVENT,_MatMul:OpId_29 (cycles)
5378767032,EXECUTE,0,CYCLES,BACKEND,SUB-EVENT,_MatMul_post_reshape:OpId_31 (cycles)
5378767032,EXECUTE,4554,CYCLES,BACKEND,SUB-EVENT,_MatMul_1:OpId_34 (cycles)
5378767032,EXECUTE,12117,CYCLES,BACKEND,SUB-EVENT,_MatMul_1_post_reshape:OpId_36 (cycles)
5378767032,EXECUTE,1898,CYCLES,BACKEND,SUB-EVENT,_MatMul_2:OpId_39 (cycles)
5378767032,EXECUTE,10405,CYCLES,BACKEND,SUB-EVENT,_MatMul_2_post_reshape:OpId_41 (cycles)
5378767032,EXECUTE,492,CYCLES,BACKEND,SUB-EVENT,_Transpose:OpId_43 (cycles)
5378767032,EXECUTE,2546,CYCLES,BACKEND,SUB-EVENT,_Transpose_1:OpId_45 (cycles)
5378767032,EXECUTE,2244,CYCLES,BACKEND,SUB-EVENT,_Transpose_2:OpId_47 (cycles)
5378767032,EXECUTE,27861,CYCLES,BACKEND,SUB-EVENT,_Slice:OpId_49 (cycles)
5378767032,EXECUTE,5867,CYCLES,BACKEND,SUB-EVENT,_Slice_1:OpId_55 (cycles)
5378767032,EXECUTE,1371,CYCLES,BACKEND,SUB-EVENT,_Mul_2:OpId_61 (cycles)
5378767032,EXECUTE,1257,CYCLES,BACKEND,SUB-EVENT,_Mul_3:OpId_64 (cycles)
5378767032,EXECUTE,268,CYCLES,BACKEND,SUB-EVENT,_Sub:OpId_66 (cycles)
5378767032,EXECUTE,1678,CYCLES,BACKEND,SUB-EVENT,_Mul_4:OpId_68 (cycles)
5378767032,EXECUTE,1275,CYCLES,BACKEND,SUB-EVENT,_Mul_5:OpId_70 (cycles)
5378767032,EXECUTE,2993,CYCLES,BACKEND,SUB-EVENT,_Add_4:OpId_72 (cycles)
5378767032,EXECUTE,0,CYCLES,BACKEND,SUB-EVENT,_Unsqueeze:OpId_74 (cycles)
5378767032,EXECUTE,0,CYCLES,BACKEND,SUB-EVENT,_Unsqueeze_1:OpId_75 (cycles)
5378767032,EXECUTE,821,CYCLES,BACKEND,SUB-EVENT,_Concat:OpId_76 (cycles)
5378767032,EXECUTE,614,CYCLES,BACKEND,SUB-EVENT,_Reshape_3:OpId_78 (cycles)
5378767032,EXECUTE,38700,CYCLES,BACKEND,SUB-EVENT,_Slice_3:OpId_80 (cycles)
5378767032,EXECUTE,7082,CYCLES,BACKEND,SUB-EVENT,_Slice_4:OpId_86 (cycles)
5378767032,EXECUTE,10208,CYCLES,BACKEND,SUB-EVENT,_Mul_6:OpId_91 (cycles)
5378767032,EXECUTE,3687,CYCLES,BACKEND,SUB-EVENT,_Mul_7:OpId_93 (cycles)
5378767032,EXECUTE,530,CYCLES,BACKEND,SUB-EVENT,_Sub_1:OpId_95 (cycles)
5378767032,EXECUTE,9579,CYCLES,BACKEND,SUB-EVENT,_Mul_8:OpId_97 (cycles)
5378767032,EXECUTE,3369,CYCLES,BACKEND,SUB-EVENT,_Mul_9:OpId_99 (cycles)
5378767032,EXECUTE,883,CYCLES,BACKEND,SUB-EVENT,_Add_5:OpId_101 (cycles)
5378767032,EXECUTE,0,CYCLES,BACKEND,SUB-EVENT,_Unsqueeze_2:OpId_103 (cycles)
5378767032,EXECUTE,0,CYCLES,BACKEND,SUB-EVENT,_Unsqueeze_3:OpId_104 (cycles)
5378767032,EXECUTE,2958,CYCLES,BACKEND,SUB-EVENT,_Concat_2:OpId_105 (cycles)
5378767032,EXECUTE,0,CYCLES,BACKEND,SUB-EVENT,_Reshape_4:OpId_107 (cycles)
5378767032,EXECUTE,862,CYCLES,BACKEND,SUB-EVENT,current_key_nhwc:OpId_109 (cycles)
5378767032,EXECUTE,3111,CYCLES,BACKEND,SUB-EVENT,_Concat_4:OpId_110 (cycles)
5378767032,EXECUTE,369374,CYCLES,BACKEND,SUB-EVENT,_Concat_4_output_0_nchw:OpId_113 (cycles)
5378767032,EXECUTE,3306,CYCLES,BACKEND,SUB-EVENT,_Concat_5:OpId_114 (cycles)
5378767032,EXECUTE,0,CYCLES,BACKEND,SUB-EVENT,_Unsqueeze_4:OpId_116 (cycles)
5378767032,EXECUTE,31843,CYCLES,BACKEND,SUB-EVENT,_MatMul_3:OpId_117 (cycles)
5378767032,EXECUTE,5091,CYCLES,BACKEND,SUB-EVENT,_Div_1:OpId_122 (cycles)
5378767032,EXECUTE,0,CYCLES,BACKEND,SUB-EVENT,_Add_6:OpId_125 (cycles)
5378767032,EXECUTE,15919,CYCLES,BACKEND,SUB-EVENT,_Softmax:OpId_127 (cycles)
5378767032,EXECUTE,0,CYCLES,BACKEND,SUB-EVENT,_Unsqueeze_5:OpId_130 (cycles)
5378767032,EXECUTE,43363,CYCLES,BACKEND,SUB-EVENT,_MatMul_4:OpId_131 (cycles)
5378767032,EXECUTE,0,CYCLES,BACKEND,SUB-EVENT,_Reshape_6:OpId_135 (cycles)
5378767032,EXECUTE,0,CYCLES,BACKEND,SUB-EVENT,_Transpose_4:OpId_137 (cycles)
5378767032,EXECUTE,16141,CYCLES,BACKEND,SUB-EVENT,_MatMul_5:OpId_139 (cycles)
5378767032,EXECUTE,0,CYCLES,BACKEND,SUB-EVENT,_MatMul_5_post_reshape:OpId_142 (cycles)
5378767032,EXECUTE,0,CYCLES,BACKEND,SUB-EVENT,_MatMul_5_output_0_nfc:OpId_144 (cycles)
5378767032,EXECUTE,81301,CYCLES,BACKEND,SUB-EVENT,_Add_7:OpId_146 (cycles)
5378767032,EXECUTE,240,CYCLES,BACKEND,SUB-EVENT,_Add_7_output_0_ncf:OpId_149 (cycles)
5378767032,EXECUTE,2516,CYCLES,BACKEND,SUB-EVENT,rms_norm__Mul_11_output_0:OpId_154 (cycles)
5378767032,EXECUTE,0,CYCLES,BACKEND,SUB-EVENT,_MatMul_6:OpId_158 (cycles)
5378767032,EXECUTE,0,CYCLES,BACKEND,SUB-EVENT,_MatMul_6_post_reshape:OpId_161 (cycles)
5378767032,EXECUTE,91049,CYCLES,BACKEND,SUB-EVENT,_MatMul_7:OpId_163 (cycles)
5378767032,EXECUTE,0,CYCLES,BACKEND,SUB-EVENT,_MatMul_7_post_reshape:OpId_166 (cycles)
5378767032,EXECUTE,0,CYCLES,BACKEND,SUB-EVENT,_Sigmoid:OpId_167 (cycles)
5378767032,EXECUTE,91232,CYCLES,BACKEND,SUB-EVENT,_Mul_12:OpId_174 (cycles)
5378767032,EXECUTE,16777,CYCLES,BACKEND,SUB-EVENT,_Mul_13:OpId_176 (cycles)
5378767032,EXECUTE,156177,CYCLES,BACKEND,SUB-EVENT,_MatMul_8:OpId_179 (cycles)
5378767032,EXECUTE,0,CYCLES,BACKEND,SUB-EVENT,_MatMul_8_post_reshape:OpId_182 (cycles)
5378767032,EXECUTE,0,CYCLES,BACKEND,SUB-EVENT,_MatMul_8_output_0_nfc:OpId_184 (cycles)
5378767032,EXECUTE,14452,CYCLES,BACKEND,SUB-EVENT,_Add_9:OpId_186 (cycles)
5378767032,EXECUTE,3242,CYCLES,BACKEND,SUB-EVENT,Output OpId_3 (cycles)
5378767032,EXECUTE,2583,US,BACKEND,ROOT,Accelerator (execute) time
5378767032,EXECUTE,2452,US,BACKEND,ROOT,Accelerator (execute excluding wait) time
5378767032,EXECUTE,8458,US,BACKEND,ROOT,QNN (execute) time
5378775560,EXECUTE,7801,US,NETRUN,ROOT,Graph 0: qwen2_0_5b_layer0_decode_past128_grouped_gqa_delta_kv
5378775560,EXECUTE,4,COUNT,BACKEND,ROOT,Number of HVX threads used
5378775560,EXECUTE,7437,US,BACKEND,ROOT,RPC (execute) time
5378775560,EXECUTE,6574,US,BACKEND,ROOT,QNN accelerator (execute) time
5378775560,EXECUTE,0,COUNT,BACKEND,ROOT,Num times yield occured
5378775560,EXECUTE,495,US,BACKEND,ROOT,Time for initial VTCM acquire
5378775560,EXECUTE,142,US,BACKEND,ROOT,Time for HVX + HMX power on and acquire
5378775560,EXECUTE,1156892,CYCLES,BACKEND,ROOT,Accelerator (execute) time (cycles)
5378775560,EXECUTE,31054,CYCLES,BACKEND,SUB-EVENT,Input OpId_2 (cycles)
5378775560,EXECUTE,10372,CYCLES,BACKEND,SUB-EVENT,hidden_states_ncf:OpId_17 (cycles)
5378775560,EXECUTE,13263,CYCLES,BACKEND,SUB-EVENT,past_value_nchw:OpId_20 (cycles)
5378775560,EXECUTE,7806,CYCLES,BACKEND,SUB-EVENT,rms_norm__Mul_1_output_0:OpId_24 (cycles)
5378775560,EXECUTE,25019,CYCLES,BACKEND,SUB-EVENT,_MatMul:OpId_29 (cycles)
5378775560,EXECUTE,0,CYCLES,BACKEND,SUB-EVENT,_MatMul_post_reshape:OpId_31 (cycles)
5378775560,EXECUTE,4554,CYCLES,BACKEND,SUB-EVENT,_MatMul_1:OpId_34 (cycles)
5378775560,EXECUTE,10262,CYCLES,BACKEND,SUB-EVENT,_MatMul_1_post_reshape:OpId_36 (cycles)
5378775560,EXECUTE,1836,CYCLES,BACKEND,SUB-EVENT,_MatMul_2:OpId_39 (cycles)
5378775560,EXECUTE,8531,CYCLES,BACKEND,SUB-EVENT,_MatMul_2_post_reshape:OpId_41 (cycles)
5378775560,EXECUTE,487,CYCLES,BACKEND,SUB-EVENT,_Transpose:OpId_43 (cycles)
5378775560,EXECUTE,2014,CYCLES,BACKEND,SUB-EVENT,_Transpose_1:OpId_45 (cycles)
5378775560,EXECUTE,1812,CYCLES,BACKEND,SUB-EVENT,_Transpose_2:OpId_47 (cycles)
5378775560,EXECUTE,24017,CYCLES,BACKEND,SUB-EVENT,_Slice:OpId_49 (cycles)
5378775560,EXECUTE,7599,CYCLES,BACKEND,SUB-EVENT,_Slice_1:OpId_55 (cycles)
5378775560,EXECUTE,1826,CYCLES,BACKEND,SUB-EVENT,_Mul_2:OpId_61 (cycles)
5378775560,EXECUTE,1276,CYCLES,BACKEND,SUB-EVENT,_Mul_3:OpId_64 (cycles)
5378775560,EXECUTE,232,CYCLES,BACKEND,SUB-EVENT,_Sub:OpId_66 (cycles)
5378775560,EXECUTE,1922,CYCLES,BACKEND,SUB-EVENT,_Mul_4:OpId_68 (cycles)
5378775560,EXECUTE,1739,CYCLES,BACKEND,SUB-EVENT,_Mul_5:OpId_70 (cycles)
5378775560,EXECUTE,2750,CYCLES,BACKEND,SUB-EVENT,_Add_4:OpId_72 (cycles)
5378775560,EXECUTE,0,CYCLES,BACKEND,SUB-EVENT,_Unsqueeze:OpId_74 (cycles)
5378775560,EXECUTE,0,CYCLES,BACKEND,SUB-EVENT,_Unsqueeze_1:OpId_75 (cycles)
5378775560,EXECUTE,799,CYCLES,BACKEND,SUB-EVENT,_Concat:OpId_76 (cycles)
5378775560,EXECUTE,557,CYCLES,BACKEND,SUB-EVENT,_Reshape_3:OpId_78 (cycles)
5378775560,EXECUTE,30727,CYCLES,BACKEND,SUB-EVENT,_Slice_3:OpId_80 (cycles)
5378775560,EXECUTE,6060,CYCLES,BACKEND,SUB-EVENT,_Slice_4:OpId_86 (cycles)
5378775560,EXECUTE,11620,CYCLES,BACKEND,SUB-EVENT,_Mul_6:OpId_91 (cycles)
5378775560,EXECUTE,5983,CYCLES,BACKEND,SUB-EVENT,_Mul_7:OpId_93 (cycles)
5378775560,EXECUTE,1939,CYCLES,BACKEND,SUB-EVENT,_Sub_1:OpId_95 (cycles)
5378775560,EXECUTE,10422,CYCLES,BACKEND,SUB-EVENT,_Mul_8:OpId_97 (cycles)
5378775560,EXECUTE,5911,CYCLES,BACKEND,SUB-EVENT,_Mul_9:OpId_99 (cycles)
5378775560,EXECUTE,2596,CYCLES,BACKEND,SUB-EVENT,_Add_5:OpId_101 (cycles)
5378775560,EXECUTE,0,CYCLES,BACKEND,SUB-EVENT,_Unsqueeze_2:OpId_103 (cycles)
5378775560,EXECUTE,0,CYCLES,BACKEND,SUB-EVENT,_Unsqueeze_3:OpId_104 (cycles)
5378775560,EXECUTE,3699,CYCLES,BACKEND,SUB-EVENT,_Concat_2:OpId_105 (cycles)
5378775560,EXECUTE,0,CYCLES,BACKEND,SUB-EVENT,_Reshape_4:OpId_107 (cycles)
5378775560,EXECUTE,1476,CYCLES,BACKEND,SUB-EVENT,current_key_nhwc:OpId_109 (cycles)
5378775560,EXECUTE,3651,CYCLES,BACKEND,SUB-EVENT,_Concat_4:OpId_110 (cycles)
5378775560,EXECUTE,356031,CYCLES,BACKEND,SUB-EVENT,_Concat_4_output_0_nchw:OpId_113 (cycles)
5378775560,EXECUTE,2509,CYCLES,BACKEND,SUB-EVENT,_Concat_5:OpId_114 (cycles)
5378775560,EXECUTE,0,CYCLES,BACKEND,SUB-EVENT,_Unsqueeze_4:OpId_116 (cycles)
5378775560,EXECUTE,32004,CYCLES,BACKEND,SUB-EVENT,_MatMul_3:OpId_117 (cycles)
5378775560,EXECUTE,7667,CYCLES,BACKEND,SUB-EVENT,_Div_1:OpId_122 (cycles)
5378775560,EXECUTE,0,CYCLES,BACKEND,SUB-EVENT,_Add_6:OpId_125 (cycles)
5378775560,EXECUTE,16451,CYCLES,BACKEND,SUB-EVENT,_Softmax:OpId_127 (cycles)
5378775560,EXECUTE,0,CYCLES,BACKEND,SUB-EVENT,_Unsqueeze_5:OpId_130 (cycles)
5378775560,EXECUTE,44366,CYCLES,BACKEND,SUB-EVENT,_MatMul_4:OpId_131 (cycles)
5378775560,EXECUTE,0,CYCLES,BACKEND,SUB-EVENT,_Reshape_6:OpId_135 (cycles)
5378775560,EXECUTE,0,CYCLES,BACKEND,SUB-EVENT,_Transpose_4:OpId_137 (cycles)
5378775560,EXECUTE,14365,CYCLES,BACKEND,SUB-EVENT,_MatMul_5:OpId_139 (cycles)
5378775560,EXECUTE,0,CYCLES,BACKEND,SUB-EVENT,_MatMul_5_post_reshape:OpId_142 (cycles)
5378775560,EXECUTE,0,CYCLES,BACKEND,SUB-EVENT,_MatMul_5_output_0_nfc:OpId_144 (cycles)
5378775560,EXECUTE,63501,CYCLES,BACKEND,SUB-EVENT,_Add_7:OpId_146 (cycles)
5378775560,EXECUTE,276,CYCLES,BACKEND,SUB-EVENT,_Add_7_output_0_ncf:OpId_149 (cycles)
5378775560,EXECUTE,2498,CYCLES,BACKEND,SUB-EVENT,rms_norm__Mul_11_output_0:OpId_154 (cycles)
5378775560,EXECUTE,0,CYCLES,BACKEND,SUB-EVENT,_MatMul_6:OpId_158 (cycles)
5378775560,EXECUTE,0,CYCLES,BACKEND,SUB-EVENT,_MatMul_6_post_reshape:OpId_161 (cycles)
5378775560,EXECUTE,90788,CYCLES,BACKEND,SUB-EVENT,_MatMul_7:OpId_163 (cycles)
5378775560,EXECUTE,0,CYCLES,BACKEND,SUB-EVENT,_MatMul_7_post_reshape:OpId_166 (cycles)
5378775560,EXECUTE,0,CYCLES,BACKEND,SUB-EVENT,_Sigmoid:OpId_167 (cycles)
5378775560,EXECUTE,90252,CYCLES,BACKEND,SUB-EVENT,_Mul_12:OpId_174 (cycles)
5378775560,EXECUTE,17376,CYCLES,BACKEND,SUB-EVENT,_Mul_13:OpId_176 (cycles)
5378775560,EXECUTE,158780,CYCLES,BACKEND,SUB-EVENT,_MatMul_8:OpId_179 (cycles)
5378775560,EXECUTE,0,CYCLES,BACKEND,SUB-EVENT,_MatMul_8_post_reshape:OpId_182 (cycles)
5378775560,EXECUTE,0,CYCLES,BACKEND,SUB-EVENT,_MatMul_8_output_0_nfc:OpId_184 (cycles)
5378775560,EXECUTE,14509,CYCLES,BACKEND,SUB-EVENT,_Add_9:OpId_186 (cycles)
5378775560,EXECUTE,1708,CYCLES,BACKEND,SUB-EVENT,Output OpId_3 (cycles)
5378775560,EXECUTE,2453,US,BACKEND,ROOT,Accelerator (execute) time
5378775560,EXECUTE,2352,US,BACKEND,ROOT,Accelerator (execute excluding wait) time
5378775560,EXECUTE,7782,US,BACKEND,ROOT,QNN (execute) time
5378784355,EXECUTE,7966,US,NETRUN,ROOT,Graph 0: qwen2_0_5b_layer0_decode_past128_grouped_gqa_delta_kv
5378784355,EXECUTE,4,COUNT,BACKEND,ROOT,Number of HVX threads used
5378784355,EXECUTE,7637,US,BACKEND,ROOT,RPC (execute) time
5378784355,EXECUTE,6804,US,BACKEND,ROOT,QNN accelerator (execute) time
5378784355,EXECUTE,0,COUNT,BACKEND,ROOT,Num times yield occured
5378784355,EXECUTE,535,US,BACKEND,ROOT,Time for initial VTCM acquire
5378784355,EXECUTE,208,US,BACKEND,ROOT,Time for HVX + HMX power on and acquire
5378784355,EXECUTE,1164250,CYCLES,BACKEND,ROOT,Accelerator (execute) time (cycles)
5378784355,EXECUTE,37059,CYCLES,BACKEND,SUB-EVENT,Input OpId_2 (cycles)
5378784355,EXECUTE,10725,CYCLES,BACKEND,SUB-EVENT,hidden_states_ncf:OpId_17 (cycles)
5378784355,EXECUTE,13313,CYCLES,BACKEND,SUB-EVENT,past_value_nchw:OpId_20 (cycles)
5378784355,EXECUTE,7085,CYCLES,BACKEND,SUB-EVENT,rms_norm__Mul_1_output_0:OpId_24 (cycles)
5378784355,EXECUTE,23813,CYCLES,BACKEND,SUB-EVENT,_MatMul:OpId_29 (cycles)
5378784355,EXECUTE,0,CYCLES,BACKEND,SUB-EVENT,_MatMul_post_reshape:OpId_31 (cycles)
5378784355,EXECUTE,4939,CYCLES,BACKEND,SUB-EVENT,_MatMul_1:OpId_34 (cycles)
5378784355,EXECUTE,11424,CYCLES,BACKEND,SUB-EVENT,_MatMul_1_post_reshape:OpId_36 (cycles)
5378784355,EXECUTE,1886,CYCLES,BACKEND,SUB-EVENT,_MatMul_2:OpId_39 (cycles)
5378784355,EXECUTE,9666,CYCLES,BACKEND,SUB-EVENT,_MatMul_2_post_reshape:OpId_41 (cycles)
5378784355,EXECUTE,484,CYCLES,BACKEND,SUB-EVENT,_Transpose:OpId_43 (cycles)
5378784355,EXECUTE,1980,CYCLES,BACKEND,SUB-EVENT,_Transpose_1:OpId_45 (cycles)
5378784355,EXECUTE,1764,CYCLES,BACKEND,SUB-EVENT,_Transpose_2:OpId_47 (cycles)
5378784355,EXECUTE,24524,CYCLES,BACKEND,SUB-EVENT,_Slice:OpId_49 (cycles)
5378784355,EXECUTE,6566,CYCLES,BACKEND,SUB-EVENT,_Slice_1:OpId_55 (cycles)
5378784355,EXECUTE,1864,CYCLES,BACKEND,SUB-EVENT,_Mul_2:OpId_61 (cycles)
5378784355,EXECUTE,1343,CYCLES,BACKEND,SUB-EVENT,_Mul_3:OpId_64 (cycles)
5378784355,EXECUTE,251,CYCLES,BACKEND,SUB-EVENT,_Sub:OpId_66 (cycles)
5378784355,EXECUTE,1952,CYCLES,BACKEND,SUB-EVENT,_Mul_4:OpId_68 (cycles)
5378784355,EXECUTE,1876,CYCLES,BACKEND,SUB-EVENT,_Mul_5:OpId_70 (cycles)
5378784355,EXECUTE,2850,CYCLES,BACKEND,SUB-EVENT,_Add_4:OpId_72 (cycles)
5378784355,EXECUTE,0,CYCLES,BACKEND,SUB-EVENT,_Unsqueeze:OpId_74 (cycles)
5378784355,EXECUTE,0,CYCLES,BACKEND,SUB-EVENT,_Unsqueeze_1:OpId_75 (cycles)
5378784355,EXECUTE,773,CYCLES,BACKEND,SUB-EVENT,_Concat:OpId_76 (cycles)
5378784355,EXECUTE,583,CYCLES,BACKEND,SUB-EVENT,_Reshape_3:OpId_78 (cycles)
5378784355,EXECUTE,27814,CYCLES,BACKEND,SUB-EVENT,_Slice_3:OpId_80 (cycles)
5378784355,EXECUTE,6077,CYCLES,BACKEND,SUB-EVENT,_Slice_4:OpId_86 (cycles)
5378784355,EXECUTE,11831,CYCLES,BACKEND,SUB-EVENT,_Mul_6:OpId_91 (cycles)
5378784355,EXECUTE,7383,CYCLES,BACKEND,SUB-EVENT,_Mul_7:OpId_93 (cycles)
5378784355,EXECUTE,2083,CYCLES,BACKEND,SUB-EVENT,_Sub_1:OpId_95 (cycles)
5378784355,EXECUTE,11087,CYCLES,BACKEND,SUB-EVENT,_Mul_8:OpId_97 (cycles)
5378784355,EXECUTE,6784,CYCLES,BACKEND,SUB-EVENT,_Mul_9:OpId_99 (cycles)
5378784355,EXECUTE,2567,CYCLES,BACKEND,SUB-EVENT,_Add_5:OpId_101 (cycles)
5378784355,EXECUTE,0,CYCLES,BACKEND,SUB-EVENT,_Unsqueeze_2:OpId_103 (cycles)
5378784355,EXECUTE,0,CYCLES,BACKEND,SUB-EVENT,_Unsqueeze_3:OpId_104 (cycles)
5378784355,EXECUTE,3819,CYCLES,BACKEND,SUB-EVENT,_Concat_2:OpId_105 (cycles)
5378784355,EXECUTE,0,CYCLES,BACKEND,SUB-EVENT,_Reshape_4:OpId_107 (cycles)
5378784355,EXECUTE,1712,CYCLES,BACKEND,SUB-EVENT,current_key_nhwc:OpId_109 (cycles)
5378784355,EXECUTE,3652,CYCLES,BACKEND,SUB-EVENT,_Concat_4:OpId_110 (cycles)
5378784355,EXECUTE,366990,CYCLES,BACKEND,SUB-EVENT,_Concat_4_output_0_nchw:OpId_113 (cycles)
5378784355,EXECUTE,3457,CYCLES,BACKEND,SUB-EVENT,_Concat_5:OpId_114 (cycles)
5378784355,EXECUTE,0,CYCLES,BACKEND,SUB-EVENT,_Unsqueeze_4:OpId_116 (cycles)
5378784355,EXECUTE,32416,CYCLES,BACKEND,SUB-EVENT,_MatMul_3:OpId_117 (cycles)
5378784355,EXECUTE,7712,CYCLES,BACKEND,SUB-EVENT,_Div_1:OpId_122 (cycles)
5378784355,EXECUTE,0,CYCLES,BACKEND,SUB-EVENT,_Add_6:OpId_125 (cycles)
5378784355,EXECUTE,16508,CYCLES,BACKEND,SUB-EVENT,_Softmax:OpId_127 (cycles)
5378784355,EXECUTE,0,CYCLES,BACKEND,SUB-EVENT,_Unsqueeze_5:OpId_130 (cycles)
5378784355,EXECUTE,40919,CYCLES,BACKEND,SUB-EVENT,_MatMul_4:OpId_131 (cycles)
5378784355,EXECUTE,0,CYCLES,BACKEND,SUB-EVENT,_Reshape_6:OpId_135 (cycles)
5378784355,EXECUTE,0,CYCLES,BACKEND,SUB-EVENT,_Transpose_4:OpId_137 (cycles)
5378784355,EXECUTE,14597,CYCLES,BACKEND,SUB-EVENT,_MatMul_5:OpId_139 (cycles)
5378784355,EXECUTE,0,CYCLES,BACKEND,SUB-EVENT,_MatMul_5_post_reshape:OpId_142 (cycles)
5378784355,EXECUTE,0,CYCLES,BACKEND,SUB-EVENT,_MatMul_5_output_0_nfc:OpId_144 (cycles)
5378784355,EXECUTE,58858,CYCLES,BACKEND,SUB-EVENT,_Add_7:OpId_146 (cycles)
5378784355,EXECUTE,231,CYCLES,BACKEND,SUB-EVENT,_Add_7_output_0_ncf:OpId_149 (cycles)
5378784355,EXECUTE,2479,CYCLES,BACKEND,SUB-EVENT,rms_norm__Mul_11_output_0:OpId_154 (cycles)
5378784355,EXECUTE,0,CYCLES,BACKEND,SUB-EVENT,_MatMul_6:OpId_158 (cycles)
5378784355,EXECUTE,0,CYCLES,BACKEND,SUB-EVENT,_MatMul_6_post_reshape:OpId_161 (cycles)
5378784355,EXECUTE,90689,CYCLES,BACKEND,SUB-EVENT,_MatMul_7:OpId_163 (cycles)
5378784355,EXECUTE,0,CYCLES,BACKEND,SUB-EVENT,_MatMul_7_post_reshape:OpId_166 (cycles)
5378784355,EXECUTE,0,CYCLES,BACKEND,SUB-EVENT,_Sigmoid:OpId_167 (cycles)
5378784355,EXECUTE,89293,CYCLES,BACKEND,SUB-EVENT,_Mul_12:OpId_174 (cycles)
5378784355,EXECUTE,14868,CYCLES,BACKEND,SUB-EVENT,_Mul_13:OpId_176 (cycles)
5378784355,EXECUTE,156724,CYCLES,BACKEND,SUB-EVENT,_MatMul_8:OpId_179 (cycles)
5378784355,EXECUTE,0,CYCLES,BACKEND,SUB-EVENT,_MatMul_8_post_reshape:OpId_182 (cycles)
5378784355,EXECUTE,0,CYCLES,BACKEND,SUB-EVENT,_MatMul_8_output_0_nfc:OpId_184 (cycles)
5378784355,EXECUTE,14814,CYCLES,BACKEND,SUB-EVENT,_Add_9:OpId_186 (cycles)
5378784355,EXECUTE,2166,CYCLES,BACKEND,SUB-EVENT,Output OpId_3 (cycles)
5378784355,EXECUTE,2491,US,BACKEND,ROOT,Accelerator (execute) time
5378784355,EXECUTE,2386,US,BACKEND,ROOT,Accelerator (execute excluding wait) time
5378784355,EXECUTE,7950,US,BACKEND,ROOT,QNN (execute) time
5378797236,EXECUTE,12175,US,NETRUN,ROOT,Graph 0: qwen2_0_5b_layer0_decode_past128_grouped_gqa_delta_kv
5378797236,EXECUTE,4,COUNT,BACKEND,ROOT,Number of HVX threads used
5378797236,EXECUTE,11805,US,BACKEND,ROOT,RPC (execute) time
5378797236,EXECUTE,9505,US,BACKEND,ROOT,QNN accelerator (execute) time
5378797236,EXECUTE,0,COUNT,BACKEND,ROOT,Num times yield occured
5378797236,EXECUTE,592,US,BACKEND,ROOT,Time for initial VTCM acquire
5378797236,EXECUTE,154,US,BACKEND,ROOT,Time for HVX + HMX power on and acquire
5378797236,EXECUTE,2303267,CYCLES,BACKEND,ROOT,Accelerator (execute) time (cycles)
5378797236,EXECUTE,60151,CYCLES,BACKEND,SUB-EVENT,Input OpId_2 (cycles)
5378797236,EXECUTE,32189,CYCLES,BACKEND,SUB-EVENT,hidden_states_ncf:OpId_17 (cycles)
5378797236,EXECUTE,30755,CYCLES,BACKEND,SUB-EVENT,past_value_nchw:OpId_20 (cycles)
5378797236,EXECUTE,22099,CYCLES,BACKEND,SUB-EVENT,rms_norm__Mul_1_output_0:OpId_24 (cycles)
5378797236,EXECUTE,55168,CYCLES,BACKEND,SUB-EVENT,_MatMul:OpId_29 (cycles)
5378797236,EXECUTE,0,CYCLES,BACKEND,SUB-EVENT,_MatMul_post_reshape:OpId_31 (cycles)
5378797236,EXECUTE,15100,CYCLES,BACKEND,SUB-EVENT,_MatMul_1:OpId_34 (cycles)
5378797236,EXECUTE,36918,CYCLES,BACKEND,SUB-EVENT,_MatMul_1_post_reshape:OpId_36 (cycles)
5378797236,EXECUTE,2488,CYCLES,BACKEND,SUB-EVENT,_MatMul_2:OpId_39 (cycles)
5378797236,EXECUTE,35285,CYCLES,BACKEND,SUB-EVENT,_MatMul_2_post_reshape:OpId_41 (cycles)
5378797236,EXECUTE,477,CYCLES,BACKEND,SUB-EVENT,_Transpose:OpId_43 (cycles)
5378797236,EXECUTE,3530,CYCLES,BACKEND,SUB-EVENT,_Transpose_1:OpId_45 (cycles)
5378797236,EXECUTE,2969,CYCLES,BACKEND,SUB-EVENT,_Transpose_2:OpId_47 (cycles)
5378797236,EXECUTE,47048,CYCLES,BACKEND,SUB-EVENT,_Slice:OpId_49 (cycles)
5378797236,EXECUTE,9810,CYCLES,BACKEND,SUB-EVENT,_Slice_1:OpId_55 (cycles)
5378797236,EXECUTE,3118,CYCLES,BACKEND,SUB-EVENT,_Mul_2:OpId_61 (cycles)
5378797236,EXECUTE,2200,CYCLES,BACKEND,SUB-EVENT,_Mul_3:OpId_64 (cycles)
5378797236,EXECUTE,244,CYCLES,BACKEND,SUB-EVENT,_Sub:OpId_66 (cycles)
5378797236,EXECUTE,4554,CYCLES,BACKEND,SUB-EVENT,_Mul_4:OpId_68 (cycles)
5378797236,EXECUTE,2779,CYCLES,BACKEND,SUB-EVENT,_Mul_5:OpId_70 (cycles)
5378797236,EXECUTE,8804,CYCLES,BACKEND,SUB-EVENT,_Add_4:OpId_72 (cycles)
5378797236,EXECUTE,0,CYCLES,BACKEND,SUB-EVENT,_Unsqueeze:OpId_74 (cycles)
5378797236,EXECUTE,0,CYCLES,BACKEND,SUB-EVENT,_Unsqueeze_1:OpId_75 (cycles)
5378797236,EXECUTE,839,CYCLES,BACKEND,SUB-EVENT,_Concat:OpId_76 (cycles)
5378797236,EXECUTE,629,CYCLES,BACKEND,SUB-EVENT,_Reshape_3:OpId_78 (cycles)
5378797236,EXECUTE,78242,CYCLES,BACKEND,SUB-EVENT,_Slice_3:OpId_80 (cycles)
5378797236,EXECUTE,16587,CYCLES,BACKEND,SUB-EVENT,_Slice_4:OpId_86 (cycles)
5378797236,EXECUTE,29957,CYCLES,BACKEND,SUB-EVENT,_Mul_6:OpId_91 (cycles)
5378797236,EXECUTE,20253,CYCLES,BACKEND,SUB-EVENT,_Mul_7:OpId_93 (cycles)
5378797236,EXECUTE,6004,CYCLES,BACKEND,SUB-EVENT,_Sub_1:OpId_95 (cycles)
5378797236,EXECUTE,29320,CYCLES,BACKEND,SUB-EVENT,_Mul_8:OpId_97 (cycles)
5378797236,EXECUTE,28177,CYCLES,BACKEND,SUB-EVENT,_Mul_9:OpId_99 (cycles)
5378797236,EXECUTE,6145,CYCLES,BACKEND,SUB-EVENT,_Add_5:OpId_101 (cycles)
5378797236,EXECUTE,0,CYCLES,BACKEND,SUB-EVENT,_Unsqueeze_2:OpId_103 (cycles)
5378797236,EXECUTE,0,CYCLES,BACKEND,SUB-EVENT,_Unsqueeze_3:OpId_104 (cycles)
5378797236,EXECUTE,17817,CYCLES,BACKEND,SUB-EVENT,_Concat_2:OpId_105 (cycles)
5378797236,EXECUTE,0,CYCLES,BACKEND,SUB-EVENT,_Reshape_4:OpId_107 (cycles)
5378797236,EXECUTE,4714,CYCLES,BACKEND,SUB-EVENT,current_key_nhwc:OpId_109 (cycles)
5378797236,EXECUTE,4693,CYCLES,BACKEND,SUB-EVENT,_Concat_4:OpId_110 (cycles)
5378797236,EXECUTE,351943,CYCLES,BACKEND,SUB-EVENT,_Concat_4_output_0_nchw:OpId_113 (cycles)
5378797236,EXECUTE,1914,CYCLES,BACKEND,SUB-EVENT,_Concat_5:OpId_114 (cycles)
5378797236,EXECUTE,0,CYCLES,BACKEND,SUB-EVENT,_Unsqueeze_4:OpId_116 (cycles)
5378797236,EXECUTE,32667,CYCLES,BACKEND,SUB-EVENT,_MatMul_3:OpId_117 (cycles)
5378797236,EXECUTE,15212,CYCLES,BACKEND,SUB-EVENT,_Div_1:OpId_122 (cycles)
5378797236,EXECUTE,0,CYCLES,BACKEND,SUB-EVENT,_Add_6:OpId_125 (cycles)
5378797236,EXECUTE,20947,CYCLES,BACKEND,SUB-EVENT,_Softmax:OpId_127 (cycles)
5378797236,EXECUTE,0,CYCLES,BACKEND,SUB-EVENT,_Unsqueeze_5:OpId_130 (cycles)
5378797236,EXECUTE,78398,CYCLES,BACKEND,SUB-EVENT,_MatMul_4:OpId_131 (cycles)
5378797236,EXECUTE,0,CYCLES,BACKEND,SUB-EVENT,_Reshape_6:OpId_135 (cycles)
5378797236,EXECUTE,0,CYCLES,BACKEND,SUB-EVENT,_Transpose_4:OpId_137 (cycles)
5378797236,EXECUTE,22393,CYCLES,BACKEND,SUB-EVENT,_MatMul_5:OpId_139 (cycles)
5378797236,EXECUTE,0,CYCLES,BACKEND,SUB-EVENT,_MatMul_5_post_reshape:OpId_142 (cycles)
5378797236,EXECUTE,0,CYCLES,BACKEND,SUB-EVENT,_MatMul_5_output_0_nfc:OpId_144 (cycles)
5378797236,EXECUTE,152519,CYCLES,BACKEND,SUB-EVENT,_Add_7:OpId_146 (cycles)
5378797236,EXECUTE,277,CYCLES,BACKEND,SUB-EVENT,_Add_7_output_0_ncf:OpId_149 (cycles)
5378797236,EXECUTE,3204,CYCLES,BACKEND,SUB-EVENT,rms_norm__Mul_11_output_0:OpId_154 (cycles)
5378797236,EXECUTE,0,CYCLES,BACKEND,SUB-EVENT,_MatMul_6:OpId_158 (cycles)
5378797236,EXECUTE,0,CYCLES,BACKEND,SUB-EVENT,_MatMul_6_post_reshape:OpId_161 (cycles)
5378797236,EXECUTE,300742,CYCLES,BACKEND,SUB-EVENT,_MatMul_7:OpId_163 (cycles)
5378797236,EXECUTE,0,CYCLES,BACKEND,SUB-EVENT,_MatMul_7_post_reshape:OpId_166 (cycles)
5378797236,EXECUTE,0,CYCLES,BACKEND,SUB-EVENT,_Sigmoid:OpId_167 (cycles)
5378797236,EXECUTE,240725,CYCLES,BACKEND,SUB-EVENT,_Mul_12:OpId_174 (cycles)
5378797236,EXECUTE,22248,CYCLES,BACKEND,SUB-EVENT,_Mul_13:OpId_176 (cycles)
5378797236,EXECUTE,419250,CYCLES,BACKEND,SUB-EVENT,_MatMul_8:OpId_179 (cycles)
5378797236,EXECUTE,0,CYCLES,BACKEND,SUB-EVENT,_MatMul_8_post_reshape:OpId_182 (cycles)
5378797236,EXECUTE,0,CYCLES,BACKEND,SUB-EVENT,_MatMul_8_output_0_nfc:OpId_184 (cycles)
5378797236,EXECUTE,15046,CYCLES,BACKEND,SUB-EVENT,_Add_9:OpId_186 (cycles)
5378797236,EXECUTE,6719,CYCLES,BACKEND,SUB-EVENT,Output OpId_3 (cycles)
5378797236,EXECUTE,4526,US,BACKEND,ROOT,Accelerator (execute) time
5378797236,EXECUTE,4419,US,BACKEND,ROOT,Accelerator (execute excluding wait) time
5378797236,EXECUTE,12157,US,BACKEND,ROOT,QNN (execute) time
5378811309,EXECUTE,12178,US,NETRUN,ROOT,Graph 0: qwen2_0_5b_layer0_decode_past128_grouped_gqa_delta_kv
5378811309,EXECUTE,4,COUNT,BACKEND,ROOT,Number of HVX threads used
5378811309,EXECUTE,11795,US,BACKEND,ROOT,RPC (execute) time
5378811309,EXECUTE,9668,US,BACKEND,ROOT,QNN accelerator (execute) time
5378811309,EXECUTE,0,COUNT,BACKEND,ROOT,Num times yield occured
5378811309,EXECUTE,624,US,BACKEND,ROOT,Time for initial VTCM acquire
5378811309,EXECUTE,292,US,BACKEND,ROOT,Time for HVX + HMX power on and acquire
5378811309,EXECUTE,2300686,CYCLES,BACKEND,ROOT,Accelerator (execute) time (cycles)
5378811309,EXECUTE,63871,CYCLES,BACKEND,SUB-EVENT,Input OpId_2 (cycles)
5378811309,EXECUTE,53458,CYCLES,BACKEND,SUB-EVENT,hidden_states_ncf:OpId_17 (cycles)
5378811309,EXECUTE,28149,CYCLES,BACKEND,SUB-EVENT,past_value_nchw:OpId_20 (cycles)
5378811309,EXECUTE,23321,CYCLES,BACKEND,SUB-EVENT,rms_norm__Mul_1_output_0:OpId_24 (cycles)
5378811309,EXECUTE,40124,CYCLES,BACKEND,SUB-EVENT,_MatMul:OpId_29 (cycles)
5378811309,EXECUTE,0,CYCLES,BACKEND,SUB-EVENT,_MatMul_post_reshape:OpId_31 (cycles)
5378811309,EXECUTE,18547,CYCLES,BACKEND,SUB-EVENT,_MatMul_1:OpId_34 (cycles)
5378811309,EXECUTE,36085,CYCLES,BACKEND,SUB-EVENT,_MatMul_1_post_reshape:OpId_36 (cycles)
5378811309,EXECUTE,4551,CYCLES,BACKEND,SUB-EVENT,_MatMul_2:OpId_39 (cycles)
5378811309,EXECUTE,34363,CYCLES,BACKEND,SUB-EVENT,_MatMul_2_post_reshape:OpId_41 (cycles)
5378811309,EXECUTE,533,CYCLES,BACKEND,SUB-EVENT,_Transpose:OpId_43 (cycles)
5378811309,EXECUTE,3765,CYCLES,BACKEND,SUB-EVENT,_Transpose_1:OpId_45 (cycles)
5378811309,EXECUTE,3543,CYCLES,BACKEND,SUB-EVENT,_Transpose_2:OpId_47 (cycles)
5378811309,EXECUTE,50075,CYCLES,BACKEND,SUB-EVENT,_Slice:OpId_49 (cycles)
5378811309,EXECUTE,10809,CYCLES,BACKEND,SUB-EVENT,_Slice_1:OpId_55 (cycles)
5378811309,EXECUTE,2718,CYCLES,BACKEND,SUB-EVENT,_Mul_2:OpId_61 (cycles)
5378811309,EXECUTE,1202,CYCLES,BACKEND,SUB-EVENT,_Mul_3:OpId_64 (cycles)
5378811309,EXECUTE,259,CYCLES,BACKEND,SUB-EVENT,_Sub:OpId_66 (cycles)
5378811309,EXECUTE,3042,CYCLES,BACKEND,SUB-EVENT,_Mul_4:OpId_68 (cycles)
5378811309,EXECUTE,1301,CYCLES,BACKEND,SUB-EVENT,_Mul_5:OpId_70 (cycles)
5378811309,EXECUTE,4877,CYCLES,BACKEND,SUB-EVENT,_Add_4:OpId_72 (cycles)
5378811309,EXECUTE,0,CYCLES,BACKEND,SUB-EVENT,_Unsqueeze:OpId_74 (cycles)
5378811309,EXECUTE,0,CYCLES,BACKEND,SUB-EVENT,_Unsqueeze_1:OpId_75 (cycles)
5378811309,EXECUTE,863,CYCLES,BACKEND,SUB-EVENT,_Concat:OpId_76 (cycles)
5378811309,EXECUTE,538,CYCLES,BACKEND,SUB-EVENT,_Reshape_3:OpId_78 (cycles)
5378811309,EXECUTE,60237,CYCLES,BACKEND,SUB-EVENT,_Slice_3:OpId_80 (cycles)
5378811309,EXECUTE,11230,CYCLES,BACKEND,SUB-EVENT,_Slice_4:OpId_86 (cycles)
5378811309,EXECUTE,25391,CYCLES,BACKEND,SUB-EVENT,_Mul_6:OpId_91 (cycles)
5378811309,EXECUTE,20718,CYCLES,BACKEND,SUB-EVENT,_Mul_7:OpId_93 (cycles)
5378811309,EXECUTE,5690,CYCLES,BACKEND,SUB-EVENT,_Sub_1:OpId_95 (cycles)
5378811309,EXECUTE,25351,CYCLES,BACKEND,SUB-EVENT,_Mul_8:OpId_97 (cycles)
5378811309,EXECUTE,20053,CYCLES,BACKEND,SUB-EVENT,_Mul_9:OpId_99 (cycles)
5378811309,EXECUTE,6843,CYCLES,BACKEND,SUB-EVENT,_Add_5:OpId_101 (cycles)
5378811309,EXECUTE,0,CYCLES,BACKEND,SUB-EVENT,_Unsqueeze_2:OpId_103 (cycles)
5378811309,EXECUTE,0,CYCLES,BACKEND,SUB-EVENT,_Unsqueeze_3:OpId_104 (cycles)
5378811309,EXECUTE,18491,CYCLES,BACKEND,SUB-EVENT,_Concat_2:OpId_105 (cycles)
5378811309,EXECUTE,0,CYCLES,BACKEND,SUB-EVENT,_Reshape_4:OpId_107 (cycles)
5378811309,EXECUTE,4539,CYCLES,BACKEND,SUB-EVENT,current_key_nhwc:OpId_109 (cycles)
5378811309,EXECUTE,4584,CYCLES,BACKEND,SUB-EVENT,_Concat_4:OpId_110 (cycles)
5378811309,EXECUTE,373585,CYCLES,BACKEND,SUB-EVENT,_Concat_4_output_0_nchw:OpId_113 (cycles)
5378811309,EXECUTE,26906,CYCLES,BACKEND,SUB-EVENT,_Concat_5:OpId_114 (cycles)
5378811309,EXECUTE,0,CYCLES,BACKEND,SUB-EVENT,_Unsqueeze_4:OpId_116 (cycles)
5378811309,EXECUTE,33887,CYCLES,BACKEND,SUB-EVENT,_MatMul_3:OpId_117 (cycles)
5378811309,EXECUTE,15556,CYCLES,BACKEND,SUB-EVENT,_Div_1:OpId_122 (cycles)
5378811309,EXECUTE,0,CYCLES,BACKEND,SUB-EVENT,_Add_6:OpId_125 (cycles)
5378811309,EXECUTE,20624,CYCLES,BACKEND,SUB-EVENT,_Softmax:OpId_127 (cycles)
5378811309,EXECUTE,0,CYCLES,BACKEND,SUB-EVENT,_Unsqueeze_5:OpId_130 (cycles)
5378811309,EXECUTE,94195,CYCLES,BACKEND,SUB-EVENT,_MatMul_4:OpId_131 (cycles)
5378811309,EXECUTE,0,CYCLES,BACKEND,SUB-EVENT,_Reshape_6:OpId_135 (cycles)
5378811309,EXECUTE,0,CYCLES,BACKEND,SUB-EVENT,_Transpose_4:OpId_137 (cycles)
5378811309,EXECUTE,19064,CYCLES,BACKEND,SUB-EVENT,_MatMul_5:OpId_139 (cycles)
5378811309,EXECUTE,0,CYCLES,BACKEND,SUB-EVENT,_MatMul_5_post_reshape:OpId_142 (cycles)
5378811309,EXECUTE,0,CYCLES,BACKEND,SUB-EVENT,_MatMul_5_output_0_nfc:OpId_144 (cycles)
5378811309,EXECUTE,134904,CYCLES,BACKEND,SUB-EVENT,_Add_7:OpId_146 (cycles)
5378811309,EXECUTE,219,CYCLES,BACKEND,SUB-EVENT,_Add_7_output_0_ncf:OpId_149 (cycles)
5378811309,EXECUTE,3818,CYCLES,BACKEND,SUB-EVENT,rms_norm__Mul_11_output_0:OpId_154 (cycles)
5378811309,EXECUTE,0,CYCLES,BACKEND,SUB-EVENT,_MatMul_6:OpId_158 (cycles)
5378811309,EXECUTE,0,CYCLES,BACKEND,SUB-EVENT,_MatMul_6_post_reshape:OpId_161 (cycles)
5378811309,EXECUTE,306273,CYCLES,BACKEND,SUB-EVENT,_MatMul_7:OpId_163 (cycles)
5378811309,EXECUTE,0,CYCLES,BACKEND,SUB-EVENT,_MatMul_7_post_reshape:OpId_166 (cycles)
5378811309,EXECUTE,0,CYCLES,BACKEND,SUB-EVENT,_Sigmoid:OpId_167 (cycles)
5378811309,EXECUTE,232325,CYCLES,BACKEND,SUB-EVENT,_Mul_12:OpId_174 (cycles)
5378811309,EXECUTE,29309,CYCLES,BACKEND,SUB-EVENT,_Mul_13:OpId_176 (cycles)
5378811309,EXECUTE,398409,CYCLES,BACKEND,SUB-EVENT,_MatMul_8:OpId_179 (cycles)
5378811309,EXECUTE,0,CYCLES,BACKEND,SUB-EVENT,_MatMul_8_post_reshape:OpId_182 (cycles)
5378811309,EXECUTE,0,CYCLES,BACKEND,SUB-EVENT,_MatMul_8_output_0_nfc:OpId_184 (cycles)
5378811309,EXECUTE,14641,CYCLES,BACKEND,SUB-EVENT,_Add_9:OpId_186 (cycles)
5378811309,EXECUTE,7850,CYCLES,BACKEND,SUB-EVENT,Output OpId_3 (cycles)
5378811309,EXECUTE,4603,US,BACKEND,ROOT,Accelerator (execute) time
5378811309,EXECUTE,4469,US,BACKEND,ROOT,Accelerator (execute excluding wait) time
5378811309,EXECUTE,12157,US,BACKEND,ROOT,QNN (execute) time
5378827183,EXECUTE,15089,US,NETRUN,ROOT,Graph 0: qwen2_0_5b_layer0_decode_past128_grouped_gqa_delta_kv
5378827183,EXECUTE,4,COUNT,BACKEND,ROOT,Number of HVX threads used
5378827183,EXECUTE,14615,US,BACKEND,ROOT,RPC (execute) time
5378827183,EXECUTE,9932,US,BACKEND,ROOT,QNN accelerator (execute) time
5378827183,EXECUTE,0,COUNT,BACKEND,ROOT,Num times yield occured
5378827183,EXECUTE,558,US,BACKEND,ROOT,Time for initial VTCM acquire
5378827183,EXECUTE,260,US,BACKEND,ROOT,Time for HVX + HMX power on and acquire
5378827183,EXECUTE,2250680,CYCLES,BACKEND,ROOT,Accelerator (execute) time (cycles)
5378827183,EXECUTE,25126,CYCLES,BACKEND,SUB-EVENT,Input OpId_2 (cycles)
5378827183,EXECUTE,9424,CYCLES,BACKEND,SUB-EVENT,hidden_states_ncf:OpId_17 (cycles)
5378827183,EXECUTE,24576,CYCLES,BACKEND,SUB-EVENT,past_value_nchw:OpId_20 (cycles)
5378827183,EXECUTE,11754,CYCLES,BACKEND,SUB-EVENT,rms_norm__Mul_1_output_0:OpId_24 (cycles)
5378827183,EXECUTE,113513,CYCLES,BACKEND,SUB-EVENT,_MatMul:OpId_29 (cycles)
5378827183,EXECUTE,0,CYCLES,BACKEND,SUB-EVENT,_MatMul_post_reshape:OpId_31 (cycles)
5378827183,EXECUTE,12301,CYCLES,BACKEND,SUB-EVENT,_MatMul_1:OpId_34 (cycles)
5378827183,EXECUTE,35155,CYCLES,BACKEND,SUB-EVENT,_MatMul_1_post_reshape:OpId_36 (cycles)
5378827183,EXECUTE,2069,CYCLES,BACKEND,SUB-EVENT,_MatMul_2:OpId_39 (cycles)
5378827183,EXECUTE,33484,CYCLES,BACKEND,SUB-EVENT,_MatMul_2_post_reshape:OpId_41 (cycles)
5378827183,EXECUTE,577,CYCLES,BACKEND,SUB-EVENT,_Transpose:OpId_43 (cycles)
5378827183,EXECUTE,7657,CYCLES,BACKEND,SUB-EVENT,_Transpose_1:OpId_45 (cycles)
5378827183,EXECUTE,7430,CYCLES,BACKEND,SUB-EVENT,_Transpose_2:OpId_47 (cycles)
5378827183,EXECUTE,23814,CYCLES,BACKEND,SUB-EVENT,_Slice:OpId_49 (cycles)
5378827183,EXECUTE,5702,CYCLES,BACKEND,SUB-EVENT,_Slice_1:OpId_55 (cycles)
5378827183,EXECUTE,1527,CYCLES,BACKEND,SUB-EVENT,_Mul_2:OpId_61 (cycles)
5378827183,EXECUTE,1256,CYCLES,BACKEND,SUB-EVENT,_Mul_3:OpId_64 (cycles)
5378827183,EXECUTE,235,CYCLES,BACKEND,SUB-EVENT,_Sub:OpId_66 (cycles)
5378827183,EXECUTE,1883,CYCLES,BACKEND,SUB-EVENT,_Mul_4:OpId_68 (cycles)
5378827183,EXECUTE,1316,CYCLES,BACKEND,SUB-EVENT,_Mul_5:OpId_70 (cycles)
5378827183,EXECUTE,2642,CYCLES,BACKEND,SUB-EVENT,_Add_4:OpId_72 (cycles)
5378827183,EXECUTE,0,CYCLES,BACKEND,SUB-EVENT,_Unsqueeze:OpId_74 (cycles)
5378827183,EXECUTE,0,CYCLES,BACKEND,SUB-EVENT,_Unsqueeze_1:OpId_75 (cycles)
5378827183,EXECUTE,778,CYCLES,BACKEND,SUB-EVENT,_Concat:OpId_76 (cycles)
5378827183,EXECUTE,567,CYCLES,BACKEND,SUB-EVENT,_Reshape_3:OpId_78 (cycles)
5378827183,EXECUTE,22883,CYCLES,BACKEND,SUB-EVENT,_Slice_3:OpId_80 (cycles)
5378827183,EXECUTE,5186,CYCLES,BACKEND,SUB-EVENT,_Slice_4:OpId_86 (cycles)
5378827183,EXECUTE,7030,CYCLES,BACKEND,SUB-EVENT,_Mul_6:OpId_91 (cycles)
5378827183,EXECUTE,3140,CYCLES,BACKEND,SUB-EVENT,_Mul_7:OpId_93 (cycles)
5378827183,EXECUTE,904,CYCLES,BACKEND,SUB-EVENT,_Sub_1:OpId_95 (cycles)
5378827183,EXECUTE,6934,CYCLES,BACKEND,SUB-EVENT,_Mul_8:OpId_97 (cycles)
5378827183,EXECUTE,2976,CYCLES,BACKEND,SUB-EVENT,_Mul_9:OpId_99 (cycles)
5378827183,EXECUTE,1375,CYCLES,BACKEND,SUB-EVENT,_Add_5:OpId_101 (cycles)
5378827183,EXECUTE,0,CYCLES,BACKEND,SUB-EVENT,_Unsqueeze_2:OpId_103 (cycles)
5378827183,EXECUTE,0,CYCLES,BACKEND,SUB-EVENT,_Unsqueeze_3:OpId_104 (cycles)
5378827183,EXECUTE,2304,CYCLES,BACKEND,SUB-EVENT,_Concat_2:OpId_105 (cycles)
5378827183,EXECUTE,0,CYCLES,BACKEND,SUB-EVENT,_Reshape_4:OpId_107 (cycles)
5378827183,EXECUTE,949,CYCLES,BACKEND,SUB-EVENT,current_key_nhwc:OpId_109 (cycles)
5378827183,EXECUTE,3247,CYCLES,BACKEND,SUB-EVENT,_Concat_4:OpId_110 (cycles)
5378827183,EXECUTE,344499,CYCLES,BACKEND,SUB-EVENT,_Concat_4_output_0_nchw:OpId_113 (cycles)
5378827183,EXECUTE,1260,CYCLES,BACKEND,SUB-EVENT,_Concat_5:OpId_114 (cycles)
5378827183,EXECUTE,0,CYCLES,BACKEND,SUB-EVENT,_Unsqueeze_4:OpId_116 (cycles)
5378827183,EXECUTE,33124,CYCLES,BACKEND,SUB-EVENT,_MatMul_3:OpId_117 (cycles)
5378827183,EXECUTE,7109,CYCLES,BACKEND,SUB-EVENT,_Div_1:OpId_122 (cycles)
5378827183,EXECUTE,0,CYCLES,BACKEND,SUB-EVENT,_Add_6:OpId_125 (cycles)
5378827183,EXECUTE,22174,CYCLES,BACKEND,SUB-EVENT,_Softmax:OpId_127 (cycles)
5378827183,EXECUTE,0,CYCLES,BACKEND,SUB-EVENT,_Unsqueeze_5:OpId_130 (cycles)
5378827183,EXECUTE,35077,CYCLES,BACKEND,SUB-EVENT,_MatMul_4:OpId_131 (cycles)
5378827183,EXECUTE,0,CYCLES,BACKEND,SUB-EVENT,_Reshape_6:OpId_135 (cycles)
5378827183,EXECUTE,0,CYCLES,BACKEND,SUB-EVENT,_Transpose_4:OpId_137 (cycles)
5378827183,EXECUTE,61486,CYCLES,BACKEND,SUB-EVENT,_MatMul_5:OpId_139 (cycles)
5378827183,EXECUTE,0,CYCLES,BACKEND,SUB-EVENT,_MatMul_5_post_reshape:OpId_142 (cycles)
5378827183,EXECUTE,0,CYCLES,BACKEND,SUB-EVENT,_MatMul_5_output_0_nfc:OpId_144 (cycles)
5378827183,EXECUTE,135249,CYCLES,BACKEND,SUB-EVENT,_Add_7:OpId_146 (cycles)
5378827183,EXECUTE,310,CYCLES,BACKEND,SUB-EVENT,_Add_7_output_0_ncf:OpId_149 (cycles)
5378827183,EXECUTE,2475,CYCLES,BACKEND,SUB-EVENT,rms_norm__Mul_11_output_0:OpId_154 (cycles)
5378827183,EXECUTE,0,CYCLES,BACKEND,SUB-EVENT,_MatMul_6:OpId_158 (cycles)
5378827183,EXECUTE,0,CYCLES,BACKEND,SUB-EVENT,_MatMul_6_post_reshape:OpId_161 (cycles)
5378827183,EXECUTE,455689,CYCLES,BACKEND,SUB-EVENT,_MatMul_7:OpId_163 (cycles)
5378827183,EXECUTE,0,CYCLES,BACKEND,SUB-EVENT,_MatMul_7_post_reshape:OpId_166 (cycles)
5378827183,EXECUTE,0,CYCLES,BACKEND,SUB-EVENT,_Sigmoid:OpId_167 (cycles)
5378827183,EXECUTE,328902,CYCLES,BACKEND,SUB-EVENT,_Mul_12:OpId_174 (cycles)
5378827183,EXECUTE,25808,CYCLES,BACKEND,SUB-EVENT,_Mul_13:OpId_176 (cycles)
5378827183,EXECUTE,400127,CYCLES,BACKEND,SUB-EVENT,_MatMul_8:OpId_179 (cycles)
5378827183,EXECUTE,0,CYCLES,BACKEND,SUB-EVENT,_MatMul_8_post_reshape:OpId_182 (cycles)
5378827183,EXECUTE,0,CYCLES,BACKEND,SUB-EVENT,_MatMul_8_output_0_nfc:OpId_184 (cycles)
5378827183,EXECUTE,14729,CYCLES,BACKEND,SUB-EVENT,_Add_9:OpId_186 (cycles)
5378827183,EXECUTE,2948,CYCLES,BACKEND,SUB-EVENT,Output OpId_3 (cycles)
5378827183,EXECUTE,4934,US,BACKEND,ROOT,Accelerator (execute) time
5378827183,EXECUTE,4804,US,BACKEND,ROOT,Accelerator (execute excluding wait) time
5378827183,EXECUTE,15070,US,BACKEND,ROOT,QNN (execute) time
5378839638,EXECUTE,11909,US,NETRUN,ROOT,Graph 0: qwen2_0_5b_layer0_decode_past128_grouped_gqa_delta_kv
5378839638,EXECUTE,4,COUNT,BACKEND,ROOT,Number of HVX threads used
5378839638,EXECUTE,10901,US,BACKEND,ROOT,RPC (execute) time
5378839638,EXECUTE,9425,US,BACKEND,ROOT,QNN accelerator (execute) time
5378839638,EXECUTE,0,COUNT,BACKEND,ROOT,Num times yield occured
5378839638,EXECUTE,569,US,BACKEND,ROOT,Time for initial VTCM acquire
5378839638,EXECUTE,267,US,BACKEND,ROOT,Time for HVX + HMX power on and acquire
5378839638,EXECUTE,2340371,CYCLES,BACKEND,ROOT,Accelerator (execute) time (cycles)
5378839638,EXECUTE,78627,CYCLES,BACKEND,SUB-EVENT,Input OpId_2 (cycles)
5378839638,EXECUTE,31733,CYCLES,BACKEND,SUB-EVENT,hidden_states_ncf:OpId_17 (cycles)
5378839638,EXECUTE,26233,CYCLES,BACKEND,SUB-EVENT,past_value_nchw:OpId_20 (cycles)
5378839638,EXECUTE,22383,CYCLES,BACKEND,SUB-EVENT,rms_norm__Mul_1_output_0:OpId_24 (cycles)
5378839638,EXECUTE,44896,CYCLES,BACKEND,SUB-EVENT,_MatMul:OpId_29 (cycles)
5378839638,EXECUTE,0,CYCLES,BACKEND,SUB-EVENT,_MatMul_post_reshape:OpId_31 (cycles)
5378839638,EXECUTE,13640,CYCLES,BACKEND,SUB-EVENT,_MatMul_1:OpId_34 (cycles)
5378839638,EXECUTE,37081,CYCLES,BACKEND,SUB-EVENT,_MatMul_1_post_reshape:OpId_36 (cycles)
5378839638,EXECUTE,4250,CYCLES,BACKEND,SUB-EVENT,_MatMul_2:OpId_39 (cycles)
5378839638,EXECUTE,35385,CYCLES,BACKEND,SUB-EVENT,_MatMul_2_post_reshape:OpId_41 (cycles)
5378839638,EXECUTE,489,CYCLES,BACKEND,SUB-EVENT,_Transpose:OpId_43 (cycles)
5378839638,EXECUTE,3634,CYCLES,BACKEND,SUB-EVENT,_Transpose_1:OpId_45 (cycles)
5378839638,EXECUTE,3395,CYCLES,BACKEND,SUB-EVENT,_Transpose_2:OpId_47 (cycles)
5378839638,EXECUTE,50751,CYCLES,BACKEND,SUB-EVENT,_Slice:OpId_49 (cycles)
5378839638,EXECUTE,15431,CYCLES,BACKEND,SUB-EVENT,_Slice_1:OpId_55 (cycles)
5378839638,EXECUTE,2696,CYCLES,BACKEND,SUB-EVENT,_Mul_2:OpId_61 (cycles)
5378839638,EXECUTE,1347,CYCLES,BACKEND,SUB-EVENT,_Mul_3:OpId_64 (cycles)
5378839638,EXECUTE,270,CYCLES,BACKEND,SUB-EVENT,_Sub:OpId_66 (cycles)
5378839638,EXECUTE,5157,CYCLES,BACKEND,SUB-EVENT,_Mul_4:OpId_68 (cycles)
5378839638,EXECUTE,2065,CYCLES,BACKEND,SUB-EVENT,_Mul_5:OpId_70 (cycles)
5378839638,EXECUTE,4713,CYCLES,BACKEND,SUB-EVENT,_Add_4:OpId_72 (cycles)
5378839638,EXECUTE,0,CYCLES,BACKEND,SUB-EVENT,_Unsqueeze:OpId_74 (cycles)
5378839638,EXECUTE,0,CYCLES,BACKEND,SUB-EVENT,_Unsqueeze_1:OpId_75 (cycles)
5378839638,EXECUTE,819,CYCLES,BACKEND,SUB-EVENT,_Concat:OpId_76 (cycles)
5378839638,EXECUTE,610,CYCLES,BACKEND,SUB-EVENT,_Reshape_3:OpId_78 (cycles)
5378839638,EXECUTE,70885,CYCLES,BACKEND,SUB-EVENT,_Slice_3:OpId_80 (cycles)
5378839638,EXECUTE,13469,CYCLES,BACKEND,SUB-EVENT,_Slice_4:OpId_86 (cycles)
5378839638,EXECUTE,32063,CYCLES,BACKEND,SUB-EVENT,_Mul_6:OpId_91 (cycles)
5378839638,EXECUTE,29889,CYCLES,BACKEND,SUB-EVENT,_Mul_7:OpId_93 (cycles)
5378839638,EXECUTE,5947,CYCLES,BACKEND,SUB-EVENT,_Sub_1:OpId_95 (cycles)
5378839638,EXECUTE,31992,CYCLES,BACKEND,SUB-EVENT,_Mul_8:OpId_97 (cycles)
5378839638,EXECUTE,29205,CYCLES,BACKEND,SUB-EVENT,_Mul_9:OpId_99 (cycles)
5378839638,EXECUTE,5398,CYCLES,BACKEND,SUB-EVENT,_Add_5:OpId_101 (cycles)
5378839638,EXECUTE,0,CYCLES,BACKEND,SUB-EVENT,_Unsqueeze_2:OpId_103 (cycles)
5378839638,EXECUTE,0,CYCLES,BACKEND,SUB-EVENT,_Unsqueeze_3:OpId_104 (cycles)
5378839638,EXECUTE,7369,CYCLES,BACKEND,SUB-EVENT,_Concat_2:OpId_105 (cycles)
5378839638,EXECUTE,0,CYCLES,BACKEND,SUB-EVENT,_Reshape_4:OpId_107 (cycles)
5378839638,EXECUTE,8450,CYCLES,BACKEND,SUB-EVENT,current_key_nhwc:OpId_109 (cycles)
5378839638,EXECUTE,4778,CYCLES,BACKEND,SUB-EVENT,_Concat_4:OpId_110 (cycles)
5378839638,EXECUTE,376959,CYCLES,BACKEND,SUB-EVENT,_Concat_4_output_0_nchw:OpId_113 (cycles)
5378839638,EXECUTE,2076,CYCLES,BACKEND,SUB-EVENT,_Concat_5:OpId_114 (cycles)
5378839638,EXECUTE,0,CYCLES,BACKEND,SUB-EVENT,_Unsqueeze_4:OpId_116 (cycles)
5378839638,EXECUTE,32938,CYCLES,BACKEND,SUB-EVENT,_MatMul_3:OpId_117 (cycles)
5378839638,EXECUTE,15951,CYCLES,BACKEND,SUB-EVENT,_Div_1:OpId_122 (cycles)
5378839638,EXECUTE,0,CYCLES,BACKEND,SUB-EVENT,_Add_6:OpId_125 (cycles)
5378839638,EXECUTE,19247,CYCLES,BACKEND,SUB-EVENT,_Softmax:OpId_127 (cycles)
5378839638,EXECUTE,0,CYCLES,BACKEND,SUB-EVENT,_Unsqueeze_5:OpId_130 (cycles)
5378839638,EXECUTE,68488,CYCLES,BACKEND,SUB-EVENT,_MatMul_4:OpId_131 (cycles)
5378839638,EXECUTE,0,CYCLES,BACKEND,SUB-EVENT,_Reshape_6:OpId_135 (cycles)
5378839638,EXECUTE,0,CYCLES,BACKEND,SUB-EVENT,_Transpose_4:OpId_137 (cycles)
5378839638,EXECUTE,16460,CYCLES,BACKEND,SUB-EVENT,_MatMul_5:OpId_139 (cycles)
5378839638,EXECUTE,0,CYCLES,BACKEND,SUB-EVENT,_MatMul_5_post_reshape:OpId_142 (cycles)
5378839638,EXECUTE,0,CYCLES,BACKEND,SUB-EVENT,_MatMul_5_output_0_nfc:OpId_144 (cycles)
5378839638,EXECUTE,171516,CYCLES,BACKEND,SUB-EVENT,_Add_7:OpId_146 (cycles)
5378839638,EXECUTE,267,CYCLES,BACKEND,SUB-EVENT,_Add_7_output_0_ncf:OpId_149 (cycles)
5378839638,EXECUTE,3507,CYCLES,BACKEND,SUB-EVENT,rms_norm__Mul_11_output_0:OpId_154 (cycles)
5378839638,EXECUTE,0,CYCLES,BACKEND,SUB-EVENT,_MatMul_6:OpId_158 (cycles)
5378839638,EXECUTE,0,CYCLES,BACKEND,SUB-EVENT,_MatMul_6_post_reshape:OpId_161 (cycles)
5378839638,EXECUTE,305835,CYCLES,BACKEND,SUB-EVENT,_MatMul_7:OpId_163 (cycles)
5378839638,EXECUTE,0,CYCLES,BACKEND,SUB-EVENT,_MatMul_7_post_reshape:OpId_166 (cycles)
5378839638,EXECUTE,0,CYCLES,BACKEND,SUB-EVENT,_Sigmoid:OpId_167 (cycles)
5378839638,EXECUTE,244354,CYCLES,BACKEND,SUB-EVENT,_Mul_12:OpId_174 (cycles)
5378839638,EXECUTE,26750,CYCLES,BACKEND,SUB-EVENT,_Mul_13:OpId_176 (cycles)
5378839638,EXECUTE,410658,CYCLES,BACKEND,SUB-EVENT,_MatMul_8:OpId_179 (cycles)
5378839638,EXECUTE,0,CYCLES,BACKEND,SUB-EVENT,_MatMul_8_post_reshape:OpId_182 (cycles)
5378839638,EXECUTE,0,CYCLES,BACKEND,SUB-EVENT,_MatMul_8_output_0_nfc:OpId_184 (cycles)
5378839638,EXECUTE,15014,CYCLES,BACKEND,SUB-EVENT,_Add_9:OpId_186 (cycles)
5378839638,EXECUTE,5301,CYCLES,BACKEND,SUB-EVENT,Output OpId_3 (cycles)
5378839638,EXECUTE,4646,US,BACKEND,ROOT,Accelerator (execute) time
5378839638,EXECUTE,4519,US,BACKEND,ROOT,Accelerator (execute excluding wait) time
5378839638,EXECUTE,11879,US,BACKEND,ROOT,QNN (execute) time
5378853593,EXECUTE,11880,US,NETRUN,ROOT,Graph 0: qwen2_0_5b_layer0_decode_past128_grouped_gqa_delta_kv
5378853593,EXECUTE,4,COUNT,BACKEND,ROOT,Number of HVX threads used
5378853593,EXECUTE,10695,US,BACKEND,ROOT,RPC (execute) time
5378853593,EXECUTE,9593,US,BACKEND,ROOT,QNN accelerator (execute) time
5378853593,EXECUTE,0,COUNT,BACKEND,ROOT,Num times yield occured
5378853593,EXECUTE,560,US,BACKEND,ROOT,Time for initial VTCM acquire
5378853593,EXECUTE,276,US,BACKEND,ROOT,Time for HVX + HMX power on and acquire
5378853593,EXECUTE,2257283,CYCLES,BACKEND,ROOT,Accelerator (execute) time (cycles)
5378853593,EXECUTE,67171,CYCLES,BACKEND,SUB-EVENT,Input OpId_2 (cycles)
5378853593,EXECUTE,33080,CYCLES,BACKEND,SUB-EVENT,hidden_states_ncf:OpId_17 (cycles)
5378853593,EXECUTE,23497,CYCLES,BACKEND,SUB-EVENT,past_value_nchw:OpId_20 (cycles)
5378853593,EXECUTE,21033,CYCLES,BACKEND,SUB-EVENT,rms_norm__Mul_1_output_0:OpId_24 (cycles)
5378853593,EXECUTE,40943,CYCLES,BACKEND,SUB-EVENT,_MatMul:OpId_29 (cycles)
5378853593,EXECUTE,0,CYCLES,BACKEND,SUB-EVENT,_MatMul_post_reshape:OpId_31 (cycles)
5378853593,EXECUTE,15122,CYCLES,BACKEND,SUB-EVENT,_MatMul_1:OpId_34 (cycles)
5378853593,EXECUTE,38620,CYCLES,BACKEND,SUB-EVENT,_MatMul_1_post_reshape:OpId_36 (cycles)
5378853593,EXECUTE,4550,CYCLES,BACKEND,SUB-EVENT,_MatMul_2:OpId_39 (cycles)
5378853593,EXECUTE,36849,CYCLES,BACKEND,SUB-EVENT,_MatMul_2_post_reshape:OpId_41 (cycles)
5378853593,EXECUTE,490,CYCLES,BACKEND,SUB-EVENT,_Transpose:OpId_43 (cycles)
5378853593,EXECUTE,3888,CYCLES,BACKEND,SUB-EVENT,_Transpose_1:OpId_45 (cycles)
5378853593,EXECUTE,3653,CYCLES,BACKEND,SUB-EVENT,_Transpose_2:OpId_47 (cycles)
5378853593,EXECUTE,38871,CYCLES,BACKEND,SUB-EVENT,_Slice:OpId_49 (cycles)
5378853593,EXECUTE,9138,CYCLES,BACKEND,SUB-EVENT,_Slice_1:OpId_55 (cycles)
5378853593,EXECUTE,4240,CYCLES,BACKEND,SUB-EVENT,_Mul_2:OpId_61 (cycles)
5378853593,EXECUTE,1247,CYCLES,BACKEND,SUB-EVENT,_Mul_3:OpId_64 (cycles)
5378853593,EXECUTE,267,CYCLES,BACKEND,SUB-EVENT,_Sub:OpId_66 (cycles)
5378853593,EXECUTE,2980,CYCLES,BACKEND,SUB-EVENT,_Mul_4:OpId_68 (cycles)
5378853593,EXECUTE,2422,CYCLES,BACKEND,SUB-EVENT,_Mul_5:OpId_70 (cycles)
5378853593,EXECUTE,5930,CYCLES,BACKEND,SUB-EVENT,_Add_4:OpId_72 (cycles)
5378853593,EXECUTE,0,CYCLES,BACKEND,SUB-EVENT,_Unsqueeze:OpId_74 (cycles)
5378853593,EXECUTE,0,CYCLES,BACKEND,SUB-EVENT,_Unsqueeze_1:OpId_75 (cycles)
5378853593,EXECUTE,854,CYCLES,BACKEND,SUB-EVENT,_Concat:OpId_76 (cycles)
5378853593,EXECUTE,603,CYCLES,BACKEND,SUB-EVENT,_Reshape_3:OpId_78 (cycles)
5378853593,EXECUTE,62321,CYCLES,BACKEND,SUB-EVENT,_Slice_3:OpId_80 (cycles)
5378853593,EXECUTE,10458,CYCLES,BACKEND,SUB-EVENT,_Slice_4:OpId_86 (cycles)
5378853593,EXECUTE,28914,CYCLES,BACKEND,SUB-EVENT,_Mul_6:OpId_91 (cycles)
5378853593,EXECUTE,24046,CYCLES,BACKEND,SUB-EVENT,_Mul_7:OpId_93 (cycles)
5378853593,EXECUTE,4955,CYCLES,BACKEND,SUB-EVENT,_Sub_1:OpId_95 (cycles)
5378853593,EXECUTE,28685,CYCLES,BACKEND,SUB-EVENT,_Mul_8:OpId_97 (cycles)
5378853593,EXECUTE,23923,CYCLES,BACKEND,SUB-EVENT,_Mul_9:OpId_99 (cycles)
5378853593,EXECUTE,4049,CYCLES,BACKEND,SUB-EVENT,_Add_5:OpId_101 (cycles)
5378853593,EXECUTE,0,CYCLES,BACKEND,SUB-EVENT,_Unsqueeze_2:OpId_103 (cycles)
5378853593,EXECUTE,0,CYCLES,BACKEND,SUB-EVENT,_Unsqueeze_3:OpId_104 (cycles)
5378853593,EXECUTE,9251,CYCLES,BACKEND,SUB-EVENT,_Concat_2:OpId_105 (cycles)
5378853593,EXECUTE,0,CYCLES,BACKEND,SUB-EVENT,_Reshape_4:OpId_107 (cycles)
5378853593,EXECUTE,3409,CYCLES,BACKEND,SUB-EVENT,current_key_nhwc:OpId_109 (cycles)
5378853593,EXECUTE,4506,CYCLES,BACKEND,SUB-EVENT,_Concat_4:OpId_110 (cycles)
5378853593,EXECUTE,371264,CYCLES,BACKEND,SUB-EVENT,_Concat_4_output_0_nchw:OpId_113 (cycles)
5378853593,EXECUTE,4716,CYCLES,BACKEND,SUB-EVENT,_Concat_5:OpId_114 (cycles)
5378853593,EXECUTE,0,CYCLES,BACKEND,SUB-EVENT,_Unsqueeze_4:OpId_116 (cycles)
5378853593,EXECUTE,33987,CYCLES,BACKEND,SUB-EVENT,_MatMul_3:OpId_117 (cycles)
5378853593,EXECUTE,15438,CYCLES,BACKEND,SUB-EVENT,_Div_1:OpId_122 (cycles)
5378853593,EXECUTE,0,CYCLES,BACKEND,SUB-EVENT,_Add_6:OpId_125 (cycles)
5378853593,EXECUTE,21251,CYCLES,BACKEND,SUB-EVENT,_Softmax:OpId_127 (cycles)
5378853593,EXECUTE,0,CYCLES,BACKEND,SUB-EVENT,_Unsqueeze_5:OpId_130 (cycles)
5378853593,EXECUTE,69348,CYCLES,BACKEND,SUB-EVENT,_MatMul_4:OpId_131 (cycles)
5378853593,EXECUTE,0,CYCLES,BACKEND,SUB-EVENT,_Reshape_6:OpId_135 (cycles)
5378853593,EXECUTE,0,CYCLES,BACKEND,SUB-EVENT,_Transpose_4:OpId_137 (cycles)
5378853593,EXECUTE,18590,CYCLES,BACKEND,SUB-EVENT,_MatMul_5:OpId_139 (cycles)
5378853593,EXECUTE,0,CYCLES,BACKEND,SUB-EVENT,_MatMul_5_post_reshape:OpId_142 (cycles)
5378853593,EXECUTE,0,CYCLES,BACKEND,SUB-EVENT,_MatMul_5_output_0_nfc:OpId_144 (cycles)
5378853593,EXECUTE,162308,CYCLES,BACKEND,SUB-EVENT,_Add_7:OpId_146 (cycles)
5378853593,EXECUTE,295,CYCLES,BACKEND,SUB-EVENT,_Add_7_output_0_ncf:OpId_149 (cycles)
5378853593,EXECUTE,3691,CYCLES,BACKEND,SUB-EVENT,rms_norm__Mul_11_output_0:OpId_154 (cycles)
5378853593,EXECUTE,0,CYCLES,BACKEND,SUB-EVENT,_MatMul_6:OpId_158 (cycles)
5378853593,EXECUTE,0,CYCLES,BACKEND,SUB-EVENT,_MatMul_6_post_reshape:OpId_161 (cycles)
5378853593,EXECUTE,312015,CYCLES,BACKEND,SUB-EVENT,_MatMul_7:OpId_163 (cycles)
5378853593,EXECUTE,0,CYCLES,BACKEND,SUB-EVENT,_MatMul_7_post_reshape:OpId_166 (cycles)
5378853593,EXECUTE,0,CYCLES,BACKEND,SUB-EVENT,_Sigmoid:OpId_167 (cycles)
5378853593,EXECUTE,237306,CYCLES,BACKEND,SUB-EVENT,_Mul_12:OpId_174 (cycles)
5378853593,EXECUTE,27559,CYCLES,BACKEND,SUB-EVENT,_Mul_13:OpId_176 (cycles)
5378853593,EXECUTE,399481,CYCLES,BACKEND,SUB-EVENT,_MatMul_8:OpId_179 (cycles)
5378853593,EXECUTE,0,CYCLES,BACKEND,SUB-EVENT,_MatMul_8_post_reshape:OpId_182 (cycles)
5378853593,EXECUTE,0,CYCLES,BACKEND,SUB-EVENT,_MatMul_8_output_0_nfc:OpId_184 (cycles)
5378853593,EXECUTE,14845,CYCLES,BACKEND,SUB-EVENT,_Add_9:OpId_186 (cycles)
5378853593,EXECUTE,5224,CYCLES,BACKEND,SUB-EVENT,Output OpId_3 (cycles)
5378853593,EXECUTE,4527,US,BACKEND,ROOT,Accelerator (execute) time
5378853593,EXECUTE,4394,US,BACKEND,ROOT,Accelerator (execute excluding wait) time
5378853593,EXECUTE,11843,US,BACKEND,ROOT,QNN (execute) time
5378867098,EXECUTE,11696,US,NETRUN,ROOT,Graph 0: qwen2_0_5b_layer0_decode_past128_grouped_gqa_delta_kv
5378867098,EXECUTE,4,COUNT,BACKEND,ROOT,Number of HVX threads used
5378867098,EXECUTE,10627,US,BACKEND,ROOT,RPC (execute) time
5378867098,EXECUTE,9530,US,BACKEND,ROOT,QNN accelerator (execute) time
5378867098,EXECUTE,0,COUNT,BACKEND,ROOT,Num times yield occured
5378867098,EXECUTE,584,US,BACKEND,ROOT,Time for initial VTCM acquire
5378867098,EXECUTE,292,US,BACKEND,ROOT,Time for HVX + HMX power on and acquire
5378867098,EXECUTE,2392114,CYCLES,BACKEND,ROOT,Accelerator (execute) time (cycles)
5378867098,EXECUTE,73520,CYCLES,BACKEND,SUB-EVENT,Input OpId_2 (cycles)
5378867098,EXECUTE,29796,CYCLES,BACKEND,SUB-EVENT,hidden_states_ncf:OpId_17 (cycles)
5378867098,EXECUTE,39059,CYCLES,BACKEND,SUB-EVENT,past_value_nchw:OpId_20 (cycles)
5378867098,EXECUTE,22310,CYCLES,BACKEND,SUB-EVENT,rms_norm__Mul_1_output_0:OpId_24 (cycles)
5378867098,EXECUTE,41693,CYCLES,BACKEND,SUB-EVENT,_MatMul:OpId_29 (cycles)
5378867098,EXECUTE,0,CYCLES,BACKEND,SUB-EVENT,_MatMul_post_reshape:OpId_31 (cycles)
5378867098,EXECUTE,16616,CYCLES,BACKEND,SUB-EVENT,_MatMul_1:OpId_34 (cycles)
5378867098,EXECUTE,35396,CYCLES,BACKEND,SUB-EVENT,_MatMul_1_post_reshape:OpId_36 (cycles)
5378867098,EXECUTE,2888,CYCLES,BACKEND,SUB-EVENT,_MatMul_2:OpId_39 (cycles)
5378867098,EXECUTE,33689,CYCLES,BACKEND,SUB-EVENT,_MatMul_2_post_reshape:OpId_41 (cycles)
5378867098,EXECUTE,544,CYCLES,BACKEND,SUB-EVENT,_Transpose:OpId_43 (cycles)
5378867098,EXECUTE,3155,CYCLES,BACKEND,SUB-EVENT,_Transpose_1:OpId_45 (cycles)
5378867098,EXECUTE,2940,CYCLES,BACKEND,SUB-EVENT,_Transpose_2:OpId_47 (cycles)
5378867098,EXECUTE,55431,CYCLES,BACKEND,SUB-EVENT,_Slice:OpId_49 (cycles)
5378867098,EXECUTE,14081,CYCLES,BACKEND,SUB-EVENT,_Slice_1:OpId_55 (cycles)
5378867098,EXECUTE,2569,CYCLES,BACKEND,SUB-EVENT,_Mul_2:OpId_61 (cycles)
5378867098,EXECUTE,1313,CYCLES,BACKEND,SUB-EVENT,_Mul_3:OpId_64 (cycles)
5378867098,EXECUTE,258,CYCLES,BACKEND,SUB-EVENT,_Sub:OpId_66 (cycles)
5378867098,EXECUTE,3273,CYCLES,BACKEND,SUB-EVENT,_Mul_4:OpId_68 (cycles)
5378867098,EXECUTE,1159,CYCLES,BACKEND,SUB-EVENT,_Mul_5:OpId_70 (cycles)
5378867098,EXECUTE,17612,CYCLES,BACKEND,SUB-EVENT,_Add_4:OpId_72 (cycles)
5378867098,EXECUTE,0,CYCLES,BACKEND,SUB-EVENT,_Unsqueeze:OpId_74 (cycles)
5378867098,EXECUTE,0,CYCLES,BACKEND,SUB-EVENT,_Unsqueeze_1:OpId_75 (cycles)
5378867098,EXECUTE,810,CYCLES,BACKEND,SUB-EVENT,_Concat:OpId_76 (cycles)
5378867098,EXECUTE,581,CYCLES,BACKEND,SUB-EVENT,_Reshape_3:OpId_78 (cycles)
5378867098,EXECUTE,101424,CYCLES,BACKEND,SUB-EVENT,_Slice_3:OpId_80 (cycles)
5378867098,EXECUTE,13949,CYCLES,BACKEND,SUB-EVENT,_Slice_4:OpId_86 (cycles)
5378867098,EXECUTE,27788,CYCLES,BACKEND,SUB-EVENT,_Mul_6:OpId_91 (cycles)
5378867098,EXECUTE,23843,CYCLES,BACKEND,SUB-EVENT,_Mul_7:OpId_93 (cycles)
5378867098,EXECUTE,6612,CYCLES,BACKEND,SUB-EVENT,_Sub_1:OpId_95 (cycles)
5378867098,EXECUTE,27436,CYCLES,BACKEND,SUB-EVENT,_Mul_8:OpId_97 (cycles)
5378867098,EXECUTE,22369,CYCLES,BACKEND,SUB-EVENT,_Mul_9:OpId_99 (cycles)
5378867098,EXECUTE,13606,CYCLES,BACKEND,SUB-EVENT,_Add_5:OpId_101 (cycles)
5378867098,EXECUTE,0,CYCLES,BACKEND,SUB-EVENT,_Unsqueeze_2:OpId_103 (cycles)
5378867098,EXECUTE,0,CYCLES,BACKEND,SUB-EVENT,_Unsqueeze_3:OpId_104 (cycles)
5378867098,EXECUTE,21330,CYCLES,BACKEND,SUB-EVENT,_Concat_2:OpId_105 (cycles)
5378867098,EXECUTE,0,CYCLES,BACKEND,SUB-EVENT,_Reshape_4:OpId_107 (cycles)
5378867098,EXECUTE,11870,CYCLES,BACKEND,SUB-EVENT,current_key_nhwc:OpId_109 (cycles)
5378867098,EXECUTE,4516,CYCLES,BACKEND,SUB-EVENT,_Concat_4:OpId_110 (cycles)
5378867098,EXECUTE,373366,CYCLES,BACKEND,SUB-EVENT,_Concat_4_output_0_nchw:OpId_113 (cycles)
5378867098,EXECUTE,2785,CYCLES,BACKEND,SUB-EVENT,_Concat_5:OpId_114 (cycles)
5378867098,EXECUTE,0,CYCLES,BACKEND,SUB-EVENT,_Unsqueeze_4:OpId_116 (cycles)
5378867098,EXECUTE,34443,CYCLES,BACKEND,SUB-EVENT,_MatMul_3:OpId_117 (cycles)
5378867098,EXECUTE,14410,CYCLES,BACKEND,SUB-EVENT,_Div_1:OpId_122 (cycles)
5378867098,EXECUTE,0,CYCLES,BACKEND,SUB-EVENT,_Add_6:OpId_125 (cycles)
5378867098,EXECUTE,21370,CYCLES,BACKEND,SUB-EVENT,_Softmax:OpId_127 (cycles)
5378867098,EXECUTE,0,CYCLES,BACKEND,SUB-EVENT,_Unsqueeze_5:OpId_130 (cycles)
5378867098,EXECUTE,87257,CYCLES,BACKEND,SUB-EVENT,_MatMul_4:OpId_131 (cycles)
5378867098,EXECUTE,0,CYCLES,BACKEND,SUB-EVENT,_Reshape_6:OpId_135 (cycles)
5378867098,EXECUTE,0,CYCLES,BACKEND,SUB-EVENT,_Transpose_4:OpId_137 (cycles)
5378867098,EXECUTE,19697,CYCLES,BACKEND,SUB-EVENT,_MatMul_5:OpId_139 (cycles)
5378867098,EXECUTE,0,CYCLES,BACKEND,SUB-EVENT,_MatMul_5_post_reshape:OpId_142 (cycles)
5378867098,EXECUTE,0,CYCLES,BACKEND,SUB-EVENT,_MatMul_5_output_0_nfc:OpId_144 (cycles)
5378867098,EXECUTE,175878,CYCLES,BACKEND,SUB-EVENT,_Add_7:OpId_146 (cycles)
5378867098,EXECUTE,224,CYCLES,BACKEND,SUB-EVENT,_Add_7_output_0_ncf:OpId_149 (cycles)
5378867098,EXECUTE,3379,CYCLES,BACKEND,SUB-EVENT,rms_norm__Mul_11_output_0:OpId_154 (cycles)
5378867098,EXECUTE,0,CYCLES,BACKEND,SUB-EVENT,_MatMul_6:OpId_158 (cycles)
5378867098,EXECUTE,0,CYCLES,BACKEND,SUB-EVENT,_MatMul_6_post_reshape:OpId_161 (cycles)
5378867098,EXECUTE,305560,CYCLES,BACKEND,SUB-EVENT,_MatMul_7:OpId_163 (cycles)
5378867098,EXECUTE,0,CYCLES,BACKEND,SUB-EVENT,_MatMul_7_post_reshape:OpId_166 (cycles)
5378867098,EXECUTE,0,CYCLES,BACKEND,SUB-EVENT,_Sigmoid:OpId_167 (cycles)
5378867098,EXECUTE,229742,CYCLES,BACKEND,SUB-EVENT,_Mul_12:OpId_174 (cycles)
5378867098,EXECUTE,28250,CYCLES,BACKEND,SUB-EVENT,_Mul_13:OpId_176 (cycles)
5378867098,EXECUTE,400889,CYCLES,BACKEND,SUB-EVENT,_MatMul_8:OpId_179 (cycles)
5378867098,EXECUTE,0,CYCLES,BACKEND,SUB-EVENT,_MatMul_8_post_reshape:OpId_182 (cycles)
5378867098,EXECUTE,0,CYCLES,BACKEND,SUB-EVENT,_MatMul_8_output_0_nfc:OpId_184 (cycles)
5378867098,EXECUTE,14712,CYCLES,BACKEND,SUB-EVENT,_Add_9:OpId_186 (cycles)
5378867098,EXECUTE,6716,CYCLES,BACKEND,SUB-EVENT,Output OpId_3 (cycles)
5378867098,EXECUTE,4643,US,BACKEND,ROOT,Accelerator (execute) time
5378867098,EXECUTE,4508,US,BACKEND,ROOT,Accelerator (execute excluding wait) time
5378867098,EXECUTE,11661,US,BACKEND,ROOT,QNN (execute) time
5378886895,EXECUTE,16631,US,NETRUN,ROOT,Graph 0: qwen2_0_5b_layer0_decode_past128_grouped_gqa_delta_kv
5378886895,EXECUTE,4,COUNT,BACKEND,ROOT,Number of HVX threads used
5378886895,EXECUTE,15250,US,BACKEND,ROOT,RPC (execute) time
5378886895,EXECUTE,9592,US,BACKEND,ROOT,QNN accelerator (execute) time
5378886895,EXECUTE,0,COUNT,BACKEND,ROOT,Num times yield occured
5378886895,EXECUTE,693,US,BACKEND,ROOT,Time for initial VTCM acquire
5378886895,EXECUTE,274,US,BACKEND,ROOT,Time for HVX + HMX power on and acquire
5378886895,EXECUTE,2297381,CYCLES,BACKEND,ROOT,Accelerator (execute) time (cycles)
5378886895,EXECUTE,62131,CYCLES,BACKEND,SUB-EVENT,Input OpId_2 (cycles)
5378886895,EXECUTE,37003,CYCLES,BACKEND,SUB-EVENT,hidden_states_ncf:OpId_17 (cycles)
5378886895,EXECUTE,35164,CYCLES,BACKEND,SUB-EVENT,past_value_nchw:OpId_20 (cycles)
5378886895,EXECUTE,26763,CYCLES,BACKEND,SUB-EVENT,rms_norm__Mul_1_output_0:OpId_24 (cycles)
5378886895,EXECUTE,44334,CYCLES,BACKEND,SUB-EVENT,_MatMul:OpId_29 (cycles)
5378886895,EXECUTE,0,CYCLES,BACKEND,SUB-EVENT,_MatMul_post_reshape:OpId_31 (cycles)
5378886895,EXECUTE,17953,CYCLES,BACKEND,SUB-EVENT,_MatMul_1:OpId_34 (cycles)
5378886895,EXECUTE,25717,CYCLES,BACKEND,SUB-EVENT,_MatMul_1_post_reshape:OpId_36 (cycles)
5378886895,EXECUTE,4626,CYCLES,BACKEND,SUB-EVENT,_MatMul_2:OpId_39 (cycles)
5378886895,EXECUTE,24088,CYCLES,BACKEND,SUB-EVENT,_MatMul_2_post_reshape:OpId_41 (cycles)
5378886895,EXECUTE,520,CYCLES,BACKEND,SUB-EVENT,_Transpose:OpId_43 (cycles)
5378886895,EXECUTE,3989,CYCLES,BACKEND,SUB-EVENT,_Transpose_1:OpId_45 (cycles)
5378886895,EXECUTE,3818,CYCLES,BACKEND,SUB-EVENT,_Transpose_2:OpId_47 (cycles)
5378886895,EXECUTE,42929,CYCLES,BACKEND,SUB-EVENT,_Slice:OpId_49 (cycles)
5378886895,EXECUTE,10829,CYCLES,BACKEND,SUB-EVENT,_Slice_1:OpId_55 (cycles)
5378886895,EXECUTE,4115,CYCLES,BACKEND,SUB-EVENT,_Mul_2:OpId_61 (cycles)
5378886895,EXECUTE,1301,CYCLES,BACKEND,SUB-EVENT,_Mul_3:OpId_64 (cycles)
5378886895,EXECUTE,256,CYCLES,BACKEND,SUB-EVENT,_Sub:OpId_66 (cycles)
5378886895,EXECUTE,2916,CYCLES,BACKEND,SUB-EVENT,_Mul_4:OpId_68 (cycles)
5378886895,EXECUTE,1746,CYCLES,BACKEND,SUB-EVENT,_Mul_5:OpId_70 (cycles)
5378886895,EXECUTE,6672,CYCLES,BACKEND,SUB-EVENT,_Add_4:OpId_72 (cycles)
5378886895,EXECUTE,0,CYCLES,BACKEND,SUB-EVENT,_Unsqueeze:OpId_74 (cycles)
5378886895,EXECUTE,0,CYCLES,BACKEND,SUB-EVENT,_Unsqueeze_1:OpId_75 (cycles)
5378886895,EXECUTE,706,CYCLES,BACKEND,SUB-EVENT,_Concat:OpId_76 (cycles)
5378886895,EXECUTE,604,CYCLES,BACKEND,SUB-EVENT,_Reshape_3:OpId_78 (cycles)
5378886895,EXECUTE,76030,CYCLES,BACKEND,SUB-EVENT,_Slice_3:OpId_80 (cycles)
5378886895,EXECUTE,9246,CYCLES,BACKEND,SUB-EVENT,_Slice_4:OpId_86 (cycles)
5378886895,EXECUTE,30428,CYCLES,BACKEND,SUB-EVENT,_Mul_6:OpId_91 (cycles)
5378886895,EXECUTE,27830,CYCLES,BACKEND,SUB-EVENT,_Mul_7:OpId_93 (cycles)
5378886895,EXECUTE,5463,CYCLES,BACKEND,SUB-EVENT,_Sub_1:OpId_95 (cycles)
5378886895,EXECUTE,30379,CYCLES,BACKEND,SUB-EVENT,_Mul_8:OpId_97 (cycles)
5378886895,EXECUTE,27175,CYCLES,BACKEND,SUB-EVENT,_Mul_9:OpId_99 (cycles)
5378886895,EXECUTE,3921,CYCLES,BACKEND,SUB-EVENT,_Add_5:OpId_101 (cycles)
5378886895,EXECUTE,0,CYCLES,BACKEND,SUB-EVENT,_Unsqueeze_2:OpId_103 (cycles)
5378886895,EXECUTE,0,CYCLES,BACKEND,SUB-EVENT,_Unsqueeze_3:OpId_104 (cycles)
5378886895,EXECUTE,11121,CYCLES,BACKEND,SUB-EVENT,_Concat_2:OpId_105 (cycles)
5378886895,EXECUTE,0,CYCLES,BACKEND,SUB-EVENT,_Reshape_4:OpId_107 (cycles)
5378886895,EXECUTE,6413,CYCLES,BACKEND,SUB-EVENT,current_key_nhwc:OpId_109 (cycles)
5378886895,EXECUTE,4773,CYCLES,BACKEND,SUB-EVENT,_Concat_4:OpId_110 (cycles)
5378886895,EXECUTE,372756,CYCLES,BACKEND,SUB-EVENT,_Concat_4_output_0_nchw:OpId_113 (cycles)
5378886895,EXECUTE,8566,CYCLES,BACKEND,SUB-EVENT,_Concat_5:OpId_114 (cycles)
5378886895,EXECUTE,0,CYCLES,BACKEND,SUB-EVENT,_Unsqueeze_4:OpId_116 (cycles)
5378886895,EXECUTE,33634,CYCLES,BACKEND,SUB-EVENT,_MatMul_3:OpId_117 (cycles)
5378886895,EXECUTE,15015,CYCLES,BACKEND,SUB-EVENT,_Div_1:OpId_122 (cycles)
5378886895,EXECUTE,0,CYCLES,BACKEND,SUB-EVENT,_Add_6:OpId_125 (cycles)
5378886895,EXECUTE,21293,CYCLES,BACKEND,SUB-EVENT,_Softmax:OpId_127 (cycles)
5378886895,EXECUTE,0,CYCLES,BACKEND,SUB-EVENT,_Unsqueeze_5:OpId_130 (cycles)
5378886895,EXECUTE,58657,CYCLES,BACKEND,SUB-EVENT,_MatMul_4:OpId_131 (cycles)
5378886895,EXECUTE,0,CYCLES,BACKEND,SUB-EVENT,_Reshape_6:OpId_135 (cycles)
5378886895,EXECUTE,0,CYCLES,BACKEND,SUB-EVENT,_Transpose_4:OpId_137 (cycles)
5378886895,EXECUTE,19015,CYCLES,BACKEND,SUB-EVENT,_MatMul_5:OpId_139 (cycles)
5378886895,EXECUTE,0,CYCLES,BACKEND,SUB-EVENT,_MatMul_5_post_reshape:OpId_142 (cycles)
5378886895,EXECUTE,0,CYCLES,BACKEND,SUB-EVENT,_MatMul_5_output_0_nfc:OpId_144 (cycles)
5378886895,EXECUTE,195672,CYCLES,BACKEND,SUB-EVENT,_Add_7:OpId_146 (cycles)
5378886895,EXECUTE,250,CYCLES,BACKEND,SUB-EVENT,_Add_7_output_0_ncf:OpId_149 (cycles)
5378886895,EXECUTE,3668,CYCLES,BACKEND,SUB-EVENT,rms_norm__Mul_11_output_0:OpId_154 (cycles)
5378886895,EXECUTE,0,CYCLES,BACKEND,SUB-EVENT,_MatMul_6:OpId_158 (cycles)
5378886895,EXECUTE,0,CYCLES,BACKEND,SUB-EVENT,_MatMul_6_post_reshape:OpId_161 (cycles)
5378886895,EXECUTE,292388,CYCLES,BACKEND,SUB-EVENT,_MatMul_7:OpId_163 (cycles)
5378886895,EXECUTE,0,CYCLES,BACKEND,SUB-EVENT,_MatMul_7_post_reshape:OpId_166 (cycles)
5378886895,EXECUTE,0,CYCLES,BACKEND,SUB-EVENT,_Sigmoid:OpId_167 (cycles)
5378886895,EXECUTE,241110,CYCLES,BACKEND,SUB-EVENT,_Mul_12:OpId_174 (cycles)
5378886895,EXECUTE,24739,CYCLES,BACKEND,SUB-EVENT,_Mul_13:OpId_176 (cycles)
5378886895,EXECUTE,399038,CYCLES,BACKEND,SUB-EVENT,_MatMul_8:OpId_179 (cycles)
5378886895,EXECUTE,0,CYCLES,BACKEND,SUB-EVENT,_MatMul_8_post_reshape:OpId_182 (cycles)
5378886895,EXECUTE,0,CYCLES,BACKEND,SUB-EVENT,_MatMul_8_output_0_nfc:OpId_184 (cycles)
5378886895,EXECUTE,15162,CYCLES,BACKEND,SUB-EVENT,_Add_9:OpId_186 (cycles)
5378886895,EXECUTE,5459,CYCLES,BACKEND,SUB-EVENT,Output OpId_3 (cycles)
5378886895,EXECUTE,4580,US,BACKEND,ROOT,Accelerator (execute) time
5378886895,EXECUTE,4441,US,BACKEND,ROOT,Accelerator (execute excluding wait) time
5378886895,EXECUTE,16556,US,BACKEND,ROOT,QNN (execute) time
5378901191,EXECUTE,11959,US,NETRUN,ROOT,Graph 0: qwen2_0_5b_layer0_decode_past128_grouped_gqa_delta_kv
5378901191,EXECUTE,4,COUNT,BACKEND,ROOT,Number of HVX threads used
5378901191,EXECUTE,10314,US,BACKEND,ROOT,RPC (execute) time
5378901191,EXECUTE,9170,US,BACKEND,ROOT,QNN accelerator (execute) time
5378901191,EXECUTE,0,COUNT,BACKEND,ROOT,Num times yield occured
5378901191,EXECUTE,582,US,BACKEND,ROOT,Time for initial VTCM acquire
5378901191,EXECUTE,266,US,BACKEND,ROOT,Time for HVX + HMX power on and acquire
5378901191,EXECUTE,2363702,CYCLES,BACKEND,ROOT,Accelerator (execute) time (cycles)
5378901191,EXECUTE,75030,CYCLES,BACKEND,SUB-EVENT,Input OpId_2 (cycles)
5378901191,EXECUTE,31711,CYCLES,BACKEND,SUB-EVENT,hidden_states_ncf:OpId_17 (cycles)
5378901191,EXECUTE,30213,CYCLES,BACKEND,SUB-EVENT,past_value_nchw:OpId_20 (cycles)
5378901191,EXECUTE,20909,CYCLES,BACKEND,SUB-EVENT,rms_norm__Mul_1_output_0:OpId_24 (cycles)
5378901191,EXECUTE,46787,CYCLES,BACKEND,SUB-EVENT,_MatMul:OpId_29 (cycles)
5378901191,EXECUTE,0,CYCLES,BACKEND,SUB-EVENT,_MatMul_post_reshape:OpId_31 (cycles)
5378901191,EXECUTE,31343,CYCLES,BACKEND,SUB-EVENT,_MatMul_1:OpId_34 (cycles)
5378901191,EXECUTE,29123,CYCLES,BACKEND,SUB-EVENT,_MatMul_1_post_reshape:OpId_36 (cycles)
5378901191,EXECUTE,3219,CYCLES,BACKEND,SUB-EVENT,_MatMul_2:OpId_39 (cycles)
5378901191,EXECUTE,27462,CYCLES,BACKEND,SUB-EVENT,_MatMul_2_post_reshape:OpId_41 (cycles)
5378901191,EXECUTE,505,CYCLES,BACKEND,SUB-EVENT,_Transpose:OpId_43 (cycles)
5378901191,EXECUTE,3488,CYCLES,BACKEND,SUB-EVENT,_Transpose_1:OpId_45 (cycles)
5378901191,EXECUTE,3254,CYCLES,BACKEND,SUB-EVENT,_Transpose_2:OpId_47 (cycles)
5378901191,EXECUTE,48453,CYCLES,BACKEND,SUB-EVENT,_Slice:OpId_49 (cycles)
5378901191,EXECUTE,13112,CYCLES,BACKEND,SUB-EVENT,_Slice_1:OpId_55 (cycles)
5378901191,EXECUTE,2773,CYCLES,BACKEND,SUB-EVENT,_Mul_2:OpId_61 (cycles)
5378901191,EXECUTE,1244,CYCLES,BACKEND,SUB-EVENT,_Mul_3:OpId_64 (cycles)
5378901191,EXECUTE,236,CYCLES,BACKEND,SUB-EVENT,_Sub:OpId_66 (cycles)
5378901191,EXECUTE,3051,CYCLES,BACKEND,SUB-EVENT,_Mul_4:OpId_68 (cycles)
5378901191,EXECUTE,1146,CYCLES,BACKEND,SUB-EVENT,_Mul_5:OpId_70 (cycles)
5378901191,EXECUTE,20232,CYCLES,BACKEND,SUB-EVENT,_Add_4:OpId_72 (cycles)
5378901191,EXECUTE,0,CYCLES,BACKEND,SUB-EVENT,_Unsqueeze:OpId_74 (cycles)
5378901191,EXECUTE,0,CYCLES,BACKEND,SUB-EVENT,_Unsqueeze_1:OpId_75 (cycles)
5378901191,EXECUTE,821,CYCLES,BACKEND,SUB-EVENT,_Concat:OpId_76 (cycles)
5378901191,EXECUTE,565,CYCLES,BACKEND,SUB-EVENT,_Reshape_3:OpId_78 (cycles)
5378901191,EXECUTE,69104,CYCLES,BACKEND,SUB-EVENT,_Slice_3:OpId_80 (cycles)
5378901191,EXECUTE,11690,CYCLES,BACKEND,SUB-EVENT,_Slice_4:OpId_86 (cycles)
5378901191,EXECUTE,24754,CYCLES,BACKEND,SUB-EVENT,_Mul_6:OpId_91 (cycles)
5378901191,EXECUTE,19852,CYCLES,BACKEND,SUB-EVENT,_Mul_7:OpId_93 (cycles)
5378901191,EXECUTE,8910,CYCLES,BACKEND,SUB-EVENT,_Sub_1:OpId_95 (cycles)
5378901191,EXECUTE,24572,CYCLES,BACKEND,SUB-EVENT,_Mul_8:OpId_97 (cycles)
5378901191,EXECUTE,18775,CYCLES,BACKEND,SUB-EVENT,_Mul_9:OpId_99 (cycles)
5378901191,EXECUTE,7119,CYCLES,BACKEND,SUB-EVENT,_Add_5:OpId_101 (cycles)
5378901191,EXECUTE,0,CYCLES,BACKEND,SUB-EVENT,_Unsqueeze_2:OpId_103 (cycles)
5378901191,EXECUTE,0,CYCLES,BACKEND,SUB-EVENT,_Unsqueeze_3:OpId_104 (cycles)
5378901191,EXECUTE,23274,CYCLES,BACKEND,SUB-EVENT,_Concat_2:OpId_105 (cycles)
5378901191,EXECUTE,0,CYCLES,BACKEND,SUB-EVENT,_Reshape_4:OpId_107 (cycles)
5378901191,EXECUTE,4594,CYCLES,BACKEND,SUB-EVENT,current_key_nhwc:OpId_109 (cycles)
5378901191,EXECUTE,4363,CYCLES,BACKEND,SUB-EVENT,_Concat_4:OpId_110 (cycles)
5378901191,EXECUTE,377488,CYCLES,BACKEND,SUB-EVENT,_Concat_4_output_0_nchw:OpId_113 (cycles)
5378901191,EXECUTE,16922,CYCLES,BACKEND,SUB-EVENT,_Concat_5:OpId_114 (cycles)
5378901191,EXECUTE,0,CYCLES,BACKEND,SUB-EVENT,_Unsqueeze_4:OpId_116 (cycles)
5378901191,EXECUTE,33254,CYCLES,BACKEND,SUB-EVENT,_MatMul_3:OpId_117 (cycles)
5378901191,EXECUTE,15202,CYCLES,BACKEND,SUB-EVENT,_Div_1:OpId_122 (cycles)
5378901191,EXECUTE,0,CYCLES,BACKEND,SUB-EVENT,_Add_6:OpId_125 (cycles)
5378901191,EXECUTE,19841,CYCLES,BACKEND,SUB-EVENT,_Softmax:OpId_127 (cycles)
5378901191,EXECUTE,0,CYCLES,BACKEND,SUB-EVENT,_Unsqueeze_5:OpId_130 (cycles)
5378901191,EXECUTE,61294,CYCLES,BACKEND,SUB-EVENT,_MatMul_4:OpId_131 (cycles)
5378901191,EXECUTE,0,CYCLES,BACKEND,SUB-EVENT,_Reshape_6:OpId_135 (cycles)
5378901191,EXECUTE,0,CYCLES,BACKEND,SUB-EVENT,_Transpose_4:OpId_137 (cycles)
5378901191,EXECUTE,19367,CYCLES,BACKEND,SUB-EVENT,_MatMul_5:OpId_139 (cycles)
5378901191,EXECUTE,0,CYCLES,BACKEND,SUB-EVENT,_MatMul_5_post_reshape:OpId_142 (cycles)
5378901191,EXECUTE,0,CYCLES,BACKEND,SUB-EVENT,_MatMul_5_output_0_nfc:OpId_144 (cycles)
5378901191,EXECUTE,188546,CYCLES,BACKEND,SUB-EVENT,_Add_7:OpId_146 (cycles)
5378901191,EXECUTE,301,CYCLES,BACKEND,SUB-EVENT,_Add_7_output_0_ncf:OpId_149 (cycles)
5378901191,EXECUTE,3442,CYCLES,BACKEND,SUB-EVENT,rms_norm__Mul_11_output_0:OpId_154 (cycles)
5378901191,EXECUTE,0,CYCLES,BACKEND,SUB-EVENT,_MatMul_6:OpId_158 (cycles)
5378901191,EXECUTE,0,CYCLES,BACKEND,SUB-EVENT,_MatMul_6_post_reshape:OpId_161 (cycles)
5378901191,EXECUTE,318604,CYCLES,BACKEND,SUB-EVENT,_MatMul_7:OpId_163 (cycles)
5378901191,EXECUTE,0,CYCLES,BACKEND,SUB-EVENT,_MatMul_7_post_reshape:OpId_166 (cycles)
5378901191,EXECUTE,0,CYCLES,BACKEND,SUB-EVENT,_Sigmoid:OpId_167 (cycles)
5378901191,EXECUTE,243908,CYCLES,BACKEND,SUB-EVENT,_Mul_12:OpId_174 (cycles)
5378901191,EXECUTE,23633,CYCLES,BACKEND,SUB-EVENT,_Mul_13:OpId_176 (cycles)
5378901191,EXECUTE,409379,CYCLES,BACKEND,SUB-EVENT,_MatMul_8:OpId_179 (cycles)
5378901191,EXECUTE,0,CYCLES,BACKEND,SUB-EVENT,_MatMul_8_post_reshape:OpId_182 (cycles)
5378901191,EXECUTE,0,CYCLES,BACKEND,SUB-EVENT,_MatMul_8_output_0_nfc:OpId_184 (cycles)
5378901191,EXECUTE,14862,CYCLES,BACKEND,SUB-EVENT,_Add_9:OpId_186 (cycles)
5378901191,EXECUTE,5975,CYCLES,BACKEND,SUB-EVENT,Output OpId_3 (cycles)
5378901191,EXECUTE,4665,US,BACKEND,ROOT,Accelerator (execute) time
5378901191,EXECUTE,4542,US,BACKEND,ROOT,Accelerator (execute excluding wait) time
5378901191,EXECUTE,11907,US,BACKEND,ROOT,QNN (execute) time
5378916703,EXECUTE,12591,US,NETRUN,ROOT,Graph 0: qwen2_0_5b_layer0_decode_past128_grouped_gqa_delta_kv
5378916703,EXECUTE,4,COUNT,BACKEND,ROOT,Number of HVX threads used
5378916703,EXECUTE,11548,US,BACKEND,ROOT,RPC (execute) time
5378916703,EXECUTE,9723,US,BACKEND,ROOT,QNN accelerator (execute) time
5378916703,EXECUTE,0,COUNT,BACKEND,ROOT,Num times yield occured
5378916703,EXECUTE,626,US,BACKEND,ROOT,Time for initial VTCM acquire
5378916703,EXECUTE,266,US,BACKEND,ROOT,Time for HVX + HMX power on and acquire
5378916703,EXECUTE,2303184,CYCLES,BACKEND,ROOT,Accelerator (execute) time (cycles)
5378916703,EXECUTE,58569,CYCLES,BACKEND,SUB-EVENT,Input OpId_2 (cycles)
5378916703,EXECUTE,34800,CYCLES,BACKEND,SUB-EVENT,hidden_states_ncf:OpId_17 (cycles)
5378916703,EXECUTE,33855,CYCLES,BACKEND,SUB-EVENT,past_value_nchw:OpId_20 (cycles)
5378916703,EXECUTE,35228,CYCLES,BACKEND,SUB-EVENT,rms_norm__Mul_1_output_0:OpId_24 (cycles)
5378916703,EXECUTE,50030,CYCLES,BACKEND,SUB-EVENT,_MatMul:OpId_29 (cycles)
5378916703,EXECUTE,0,CYCLES,BACKEND,SUB-EVENT,_MatMul_post_reshape:OpId_31 (cycles)
5378916703,EXECUTE,14543,CYCLES,BACKEND,SUB-EVENT,_MatMul_1:OpId_34 (cycles)
5378916703,EXECUTE,27812,CYCLES,BACKEND,SUB-EVENT,_MatMul_1_post_reshape:OpId_36 (cycles)
5378916703,EXECUTE,4300,CYCLES,BACKEND,SUB-EVENT,_MatMul_2:OpId_39 (cycles)
5378916703,EXECUTE,26137,CYCLES,BACKEND,SUB-EVENT,_MatMul_2_post_reshape:OpId_41 (cycles)
5378916703,EXECUTE,487,CYCLES,BACKEND,SUB-EVENT,_Transpose:OpId_43 (cycles)
5378916703,EXECUTE,3760,CYCLES,BACKEND,SUB-EVENT,_Transpose_1:OpId_45 (cycles)
5378916703,EXECUTE,3554,CYCLES,BACKEND,SUB-EVENT,_Transpose_2:OpId_47 (cycles)
5378916703,EXECUTE,48770,CYCLES,BACKEND,SUB-EVENT,_Slice:OpId_49 (cycles)
5378916703,EXECUTE,7046,CYCLES,BACKEND,SUB-EVENT,_Slice_1:OpId_55 (cycles)
5378916703,EXECUTE,1572,CYCLES,BACKEND,SUB-EVENT,_Mul_2:OpId_61 (cycles)
5378916703,EXECUTE,1290,CYCLES,BACKEND,SUB-EVENT,_Mul_3:OpId_64 (cycles)
5378916703,EXECUTE,244,CYCLES,BACKEND,SUB-EVENT,_Sub:OpId_66 (cycles)
5378916703,EXECUTE,1761,CYCLES,BACKEND,SUB-EVENT,_Mul_4:OpId_68 (cycles)
5378916703,EXECUTE,1292,CYCLES,BACKEND,SUB-EVENT,_Mul_5:OpId_70 (cycles)
5378916703,EXECUTE,4623,CYCLES,BACKEND,SUB-EVENT,_Add_4:OpId_72 (cycles)
5378916703,EXECUTE,0,CYCLES,BACKEND,SUB-EVENT,_Unsqueeze:OpId_74 (cycles)
5378916703,EXECUTE,0,CYCLES,BACKEND,SUB-EVENT,_Unsqueeze_1:OpId_75 (cycles)
5378916703,EXECUTE,917,CYCLES,BACKEND,SUB-EVENT,_Concat:OpId_76 (cycles)
5378916703,EXECUTE,618,CYCLES,BACKEND,SUB-EVENT,_Reshape_3:OpId_78 (cycles)
5378916703,EXECUTE,106159,CYCLES,BACKEND,SUB-EVENT,_Slice_3:OpId_80 (cycles)
5378916703,EXECUTE,11821,CYCLES,BACKEND,SUB-EVENT,_Slice_4:OpId_86 (cycles)
5378916703,EXECUTE,7106,CYCLES,BACKEND,SUB-EVENT,_Mul_6:OpId_91 (cycles)
5378916703,EXECUTE,2611,CYCLES,BACKEND,SUB-EVENT,_Mul_7:OpId_93 (cycles)
5378916703,EXECUTE,889,CYCLES,BACKEND,SUB-EVENT,_Sub_1:OpId_95 (cycles)
5378916703,EXECUTE,6719,CYCLES,BACKEND,SUB-EVENT,_Mul_8:OpId_97 (cycles)
5378916703,EXECUTE,2362,CYCLES,BACKEND,SUB-EVENT,_Mul_9:OpId_99 (cycles)
5378916703,EXECUTE,1398,CYCLES,BACKEND,SUB-EVENT,_Add_5:OpId_101 (cycles)
5378916703,EXECUTE,0,CYCLES,BACKEND,SUB-EVENT,_Unsqueeze_2:OpId_103 (cycles)
5378916703,EXECUTE,0,CYCLES,BACKEND,SUB-EVENT,_Unsqueeze_3:OpId_104 (cycles)
5378916703,EXECUTE,3663,CYCLES,BACKEND,SUB-EVENT,_Concat_2:OpId_105 (cycles)
5378916703,EXECUTE,0,CYCLES,BACKEND,SUB-EVENT,_Reshape_4:OpId_107 (cycles)
5378916703,EXECUTE,1223,CYCLES,BACKEND,SUB-EVENT,current_key_nhwc:OpId_109 (cycles)
5378916703,EXECUTE,3340,CYCLES,BACKEND,SUB-EVENT,_Concat_4:OpId_110 (cycles)
5378916703,EXECUTE,346017,CYCLES,BACKEND,SUB-EVENT,_Concat_4_output_0_nchw:OpId_113 (cycles)
5378916703,EXECUTE,6486,CYCLES,BACKEND,SUB-EVENT,_Concat_5:OpId_114 (cycles)
5378916703,EXECUTE,0,CYCLES,BACKEND,SUB-EVENT,_Unsqueeze_4:OpId_116 (cycles)
5378916703,EXECUTE,34026,CYCLES,BACKEND,SUB-EVENT,_MatMul_3:OpId_117 (cycles)
5378916703,EXECUTE,6837,CYCLES,BACKEND,SUB-EVENT,_Div_1:OpId_122 (cycles)
5378916703,EXECUTE,0,CYCLES,BACKEND,SUB-EVENT,_Add_6:OpId_125 (cycles)
5378916703,EXECUTE,22511,CYCLES,BACKEND,SUB-EVENT,_Softmax:OpId_127 (cycles)
5378916703,EXECUTE,0,CYCLES,BACKEND,SUB-EVENT,_Unsqueeze_5:OpId_130 (cycles)
5378916703,EXECUTE,45887,CYCLES,BACKEND,SUB-EVENT,_MatMul_4:OpId_131 (cycles)
5378916703,EXECUTE,0,CYCLES,BACKEND,SUB-EVENT,_Reshape_6:OpId_135 (cycles)
5378916703,EXECUTE,0,CYCLES,BACKEND,SUB-EVENT,_Transpose_4:OpId_137 (cycles)
5378916703,EXECUTE,16917,CYCLES,BACKEND,SUB-EVENT,_MatMul_5:OpId_139 (cycles)
5378916703,EXECUTE,0,CYCLES,BACKEND,SUB-EVENT,_MatMul_5_post_reshape:OpId_142 (cycles)
5378916703,EXECUTE,0,CYCLES,BACKEND,SUB-EVENT,_MatMul_5_output_0_nfc:OpId_144 (cycles)
5378916703,EXECUTE,153472,CYCLES,BACKEND,SUB-EVENT,_Add_7:OpId_146 (cycles)
5378916703,EXECUTE,301,CYCLES,BACKEND,SUB-EVENT,_Add_7_output_0_ncf:OpId_149 (cycles)
5378916703,EXECUTE,3473,CYCLES,BACKEND,SUB-EVENT,rms_norm__Mul_11_output_0:OpId_154 (cycles)
5378916703,EXECUTE,0,CYCLES,BACKEND,SUB-EVENT,_MatMul_6:OpId_158 (cycles)
5378916703,EXECUTE,0,CYCLES,BACKEND,SUB-EVENT,_MatMul_6_post_reshape:OpId_161 (cycles)
5378916703,EXECUTE,414048,CYCLES,BACKEND,SUB-EVENT,_MatMul_7:OpId_163 (cycles)
5378916703,EXECUTE,0,CYCLES,BACKEND,SUB-EVENT,_MatMul_7_post_reshape:OpId_166 (cycles)
5378916703,EXECUTE,0,CYCLES,BACKEND,SUB-EVENT,_Sigmoid:OpId_167 (cycles)
5378916703,EXECUTE,297790,CYCLES,BACKEND,SUB-EVENT,_Mul_12:OpId_174 (cycles)
5378916703,EXECUTE,25028,CYCLES,BACKEND,SUB-EVENT,_Mul_13:OpId_176 (cycles)
5378916703,EXECUTE,401033,CYCLES,BACKEND,SUB-EVENT,_MatMul_8:OpId_179 (cycles)
5378916703,EXECUTE,0,CYCLES,BACKEND,SUB-EVENT,_MatMul_8_post_reshape:OpId_182 (cycles)
5378916703,EXECUTE,0,CYCLES,BACKEND,SUB-EVENT,_MatMul_8_output_0_nfc:OpId_184 (cycles)
5378916703,EXECUTE,15149,CYCLES,BACKEND,SUB-EVENT,_Add_9:OpId_186 (cycles)
5378916703,EXECUTE,5710,CYCLES,BACKEND,SUB-EVENT,Output OpId_3 (cycles)
5378916703,EXECUTE,4885,US,BACKEND,ROOT,Accelerator (execute) time
5378916703,EXECUTE,4747,US,BACKEND,ROOT,Accelerator (execute excluding wait) time
5378916703,EXECUTE,12558,US,BACKEND,ROOT,QNN (execute) time
5378935767,EXECUTE,17836,US,NETRUN,ROOT,Graph 0: qwen2_0_5b_layer0_decode_past128_grouped_gqa_delta_kv
5378935767,EXECUTE,4,COUNT,BACKEND,ROOT,Number of HVX threads used
5378935767,EXECUTE,16295,US,BACKEND,ROOT,RPC (execute) time
5378935767,EXECUTE,10014,US,BACKEND,ROOT,QNN accelerator (execute) time
5378935767,EXECUTE,0,COUNT,BACKEND,ROOT,Num times yield occured
5378935767,EXECUTE,603,US,BACKEND,ROOT,Time for initial VTCM acquire
5378935767,EXECUTE,309,US,BACKEND,ROOT,Time for HVX + HMX power on and acquire
5378935767,EXECUTE,2230881,CYCLES,BACKEND,ROOT,Accelerator (execute) time (cycles)
5378935767,EXECUTE,67057,CYCLES,BACKEND,SUB-EVENT,Input OpId_2 (cycles)
5378935767,EXECUTE,32338,CYCLES,BACKEND,SUB-EVENT,hidden_states_ncf:OpId_17 (cycles)
5378935767,EXECUTE,28691,CYCLES,BACKEND,SUB-EVENT,past_value_nchw:OpId_20 (cycles)
5378935767,EXECUTE,5596,CYCLES,BACKEND,SUB-EVENT,rms_norm__Mul_1_output_0:OpId_24 (cycles)
5378935767,EXECUTE,41870,CYCLES,BACKEND,SUB-EVENT,_MatMul:OpId_29 (cycles)
5378935767,EXECUTE,0,CYCLES,BACKEND,SUB-EVENT,_MatMul_post_reshape:OpId_31 (cycles)
5378935767,EXECUTE,11962,CYCLES,BACKEND,SUB-EVENT,_MatMul_1:OpId_34 (cycles)
5378935767,EXECUTE,7273,CYCLES,BACKEND,SUB-EVENT,_MatMul_1_post_reshape:OpId_36 (cycles)
5378935767,EXECUTE,3764,CYCLES,BACKEND,SUB-EVENT,_MatMul_2:OpId_39 (cycles)
5378935767,EXECUTE,5483,CYCLES,BACKEND,SUB-EVENT,_MatMul_2_post_reshape:OpId_41 (cycles)
5378935767,EXECUTE,489,CYCLES,BACKEND,SUB-EVENT,_Transpose:OpId_43 (cycles)
5378935767,EXECUTE,10563,CYCLES,BACKEND,SUB-EVENT,_Transpose_1:OpId_45 (cycles)
5378935767,EXECUTE,10297,CYCLES,BACKEND,SUB-EVENT,_Transpose_2:OpId_47 (cycles)
5378935767,EXECUTE,23764,CYCLES,BACKEND,SUB-EVENT,_Slice:OpId_49 (cycles)
5378935767,EXECUTE,5521,CYCLES,BACKEND,SUB-EVENT,_Slice_1:OpId_55 (cycles)
5378935767,EXECUTE,1587,CYCLES,BACKEND,SUB-EVENT,_Mul_2:OpId_61 (cycles)
5378935767,EXECUTE,1303,CYCLES,BACKEND,SUB-EVENT,_Mul_3:OpId_64 (cycles)
5378935767,EXECUTE,233,CYCLES,BACKEND,SUB-EVENT,_Sub:OpId_66 (cycles)
5378935767,EXECUTE,1907,CYCLES,BACKEND,SUB-EVENT,_Mul_4:OpId_68 (cycles)
5378935767,EXECUTE,1286,CYCLES,BACKEND,SUB-EVENT,_Mul_5:OpId_70 (cycles)
5378935767,EXECUTE,4638,CYCLES,BACKEND,SUB-EVENT,_Add_4:OpId_72 (cycles)
5378935767,EXECUTE,0,CYCLES,BACKEND,SUB-EVENT,_Unsqueeze:OpId_74 (cycles)
5378935767,EXECUTE,0,CYCLES,BACKEND,SUB-EVENT,_Unsqueeze_1:OpId_75 (cycles)
5378935767,EXECUTE,886,CYCLES,BACKEND,SUB-EVENT,_Concat:OpId_76 (cycles)
5378935767,EXECUTE,614,CYCLES,BACKEND,SUB-EVENT,_Reshape_3:OpId_78 (cycles)
5378935767,EXECUTE,24621,CYCLES,BACKEND,SUB-EVENT,_Slice_3:OpId_80 (cycles)
5378935767,EXECUTE,5439,CYCLES,BACKEND,SUB-EVENT,_Slice_4:OpId_86 (cycles)
5378935767,EXECUTE,6985,CYCLES,BACKEND,SUB-EVENT,_Mul_6:OpId_91 (cycles)
5378935767,EXECUTE,2925,CYCLES,BACKEND,SUB-EVENT,_Mul_7:OpId_93 (cycles)
5378935767,EXECUTE,904,CYCLES,BACKEND,SUB-EVENT,_Sub_1:OpId_95 (cycles)
5378935767,EXECUTE,6255,CYCLES,BACKEND,SUB-EVENT,_Mul_8:OpId_97 (cycles)
5378935767,EXECUTE,2740,CYCLES,BACKEND,SUB-EVENT,_Mul_9:OpId_99 (cycles)
5378935767,EXECUTE,1430,CYCLES,BACKEND,SUB-EVENT,_Add_5:OpId_101 (cycles)
5378935767,EXECUTE,0,CYCLES,BACKEND,SUB-EVENT,_Unsqueeze_2:OpId_103 (cycles)
5378935767,EXECUTE,0,CYCLES,BACKEND,SUB-EVENT,_Unsqueeze_3:OpId_104 (cycles)
5378935767,EXECUTE,2530,CYCLES,BACKEND,SUB-EVENT,_Concat_2:OpId_105 (cycles)
5378935767,EXECUTE,0,CYCLES,BACKEND,SUB-EVENT,_Reshape_4:OpId_107 (cycles)
5378935767,EXECUTE,1186,CYCLES,BACKEND,SUB-EVENT,current_key_nhwc:OpId_109 (cycles)
5378935767,EXECUTE,3239,CYCLES,BACKEND,SUB-EVENT,_Concat_4:OpId_110 (cycles)
5378935767,EXECUTE,377406,CYCLES,BACKEND,SUB-EVENT,_Concat_4_output_0_nchw:OpId_113 (cycles)
5378935767,EXECUTE,2316,CYCLES,BACKEND,SUB-EVENT,_Concat_5:OpId_114 (cycles)
5378935767,EXECUTE,0,CYCLES,BACKEND,SUB-EVENT,_Unsqueeze_4:OpId_116 (cycles)
5378935767,EXECUTE,34393,CYCLES,BACKEND,SUB-EVENT,_MatMul_3:OpId_117 (cycles)
5378935767,EXECUTE,7155,CYCLES,BACKEND,SUB-EVENT,_Div_1:OpId_122 (cycles)
5378935767,EXECUTE,0,CYCLES,BACKEND,SUB-EVENT,_Add_6:OpId_125 (cycles)
5378935767,EXECUTE,22546,CYCLES,BACKEND,SUB-EVENT,_Softmax:OpId_127 (cycles)
5378935767,EXECUTE,0,CYCLES,BACKEND,SUB-EVENT,_Unsqueeze_5:OpId_130 (cycles)
5378935767,EXECUTE,35706,CYCLES,BACKEND,SUB-EVENT,_MatMul_4:OpId_131 (cycles)
5378935767,EXECUTE,0,CYCLES,BACKEND,SUB-EVENT,_Reshape_6:OpId_135 (cycles)
5378935767,EXECUTE,0,CYCLES,BACKEND,SUB-EVENT,_Transpose_4:OpId_137 (cycles)
5378935767,EXECUTE,65673,CYCLES,BACKEND,SUB-EVENT,_MatMul_5:OpId_139 (cycles)
5378935767,EXECUTE,0,CYCLES,BACKEND,SUB-EVENT,_MatMul_5_post_reshape:OpId_142 (cycles)
5378935767,EXECUTE,0,CYCLES,BACKEND,SUB-EVENT,_MatMul_5_output_0_nfc:OpId_144 (cycles)
5378935767,EXECUTE,143848,CYCLES,BACKEND,SUB-EVENT,_Add_7:OpId_146 (cycles)
5378935767,EXECUTE,312,CYCLES,BACKEND,SUB-EVENT,_Add_7_output_0_ncf:OpId_149 (cycles)
5378935767,EXECUTE,3448,CYCLES,BACKEND,SUB-EVENT,rms_norm__Mul_11_output_0:OpId_154 (cycles)
5378935767,EXECUTE,0,CYCLES,BACKEND,SUB-EVENT,_MatMul_6:OpId_158 (cycles)
5378935767,EXECUTE,0,CYCLES,BACKEND,SUB-EVENT,_MatMul_6_post_reshape:OpId_161 (cycles)
5378935767,EXECUTE,431829,CYCLES,BACKEND,SUB-EVENT,_MatMul_7:OpId_163 (cycles)
5378935767,EXECUTE,0,CYCLES,BACKEND,SUB-EVENT,_MatMul_7_post_reshape:OpId_166 (cycles)
5378935767,EXECUTE,0,CYCLES,BACKEND,SUB-EVENT,_Sigmoid:OpId_167 (cycles)
5378935767,EXECUTE,337219,CYCLES,BACKEND,SUB-EVENT,_Mul_12:OpId_174 (cycles)
5378935767,EXECUTE,26188,CYCLES,BACKEND,SUB-EVENT,_Mul_13:OpId_176 (cycles)
5378935767,EXECUTE,399667,CYCLES,BACKEND,SUB-EVENT,_MatMul_8:OpId_179 (cycles)
5378935767,EXECUTE,0,CYCLES,BACKEND,SUB-EVENT,_MatMul_8_post_reshape:OpId_182 (cycles)
5378935767,EXECUTE,0,CYCLES,BACKEND,SUB-EVENT,_MatMul_8_output_0_nfc:OpId_184 (cycles)
5378935767,EXECUTE,14630,CYCLES,BACKEND,SUB-EVENT,_Add_9:OpId_186 (cycles)
5378935767,EXECUTE,3169,CYCLES,BACKEND,SUB-EVENT,Output OpId_3 (cycles)
5378935767,EXECUTE,4997,US,BACKEND,ROOT,Accelerator (execute) time
5378935767,EXECUTE,4861,US,BACKEND,ROOT,Accelerator (execute excluding wait) time
5378935767,EXECUTE,17761,US,BACKEND,ROOT,QNN (execute) time
5378950102,EXECUTE,12315,US,NETRUN,ROOT,Graph 0: qwen2_0_5b_layer0_decode_past128_grouped_gqa_delta_kv
5378950102,EXECUTE,4,COUNT,BACKEND,ROOT,Number of HVX threads used
5378950102,EXECUTE,10701,US,BACKEND,ROOT,RPC (execute) time
5378950102,EXECUTE,9550,US,BACKEND,ROOT,QNN accelerator (execute) time
5378950102,EXECUTE,0,COUNT,BACKEND,ROOT,Num times yield occured
5378950102,EXECUTE,610,US,BACKEND,ROOT,Time for initial VTCM acquire
5378950102,EXECUTE,285,US,BACKEND,ROOT,Time for HVX + HMX power on and acquire
5378950102,EXECUTE,2278798,CYCLES,BACKEND,ROOT,Accelerator (execute) time (cycles)
5378950102,EXECUTE,72416,CYCLES,BACKEND,SUB-EVENT,Input OpId_2 (cycles)
5378950102,EXECUTE,36995,CYCLES,BACKEND,SUB-EVENT,hidden_states_ncf:OpId_17 (cycles)
5378950102,EXECUTE,24146,CYCLES,BACKEND,SUB-EVENT,past_value_nchw:OpId_20 (cycles)
5378950102,EXECUTE,30477,CYCLES,BACKEND,SUB-EVENT,rms_norm__Mul_1_output_0:OpId_24 (cycles)
5378950102,EXECUTE,40778,CYCLES,BACKEND,SUB-EVENT,_MatMul:OpId_29 (cycles)
5378950102,EXECUTE,0,CYCLES,BACKEND,SUB-EVENT,_MatMul_post_reshape:OpId_31 (cycles)
5378950102,EXECUTE,14393,CYCLES,BACKEND,SUB-EVENT,_MatMul_1:OpId_34 (cycles)
5378950102,EXECUTE,31943,CYCLES,BACKEND,SUB-EVENT,_MatMul_1_post_reshape:OpId_36 (cycles)
5378950102,EXECUTE,4522,CYCLES,BACKEND,SUB-EVENT,_MatMul_2:OpId_39 (cycles)
5378950102,EXECUTE,30294,CYCLES,BACKEND,SUB-EVENT,_MatMul_2_post_reshape:OpId_41 (cycles)
5378950102,EXECUTE,478,CYCLES,BACKEND,SUB-EVENT,_Transpose:OpId_43 (cycles)
5378950102,EXECUTE,2328,CYCLES,BACKEND,SUB-EVENT,_Transpose_1:OpId_45 (cycles)
5378950102,EXECUTE,2090,CYCLES,BACKEND,SUB-EVENT,_Transpose_2:OpId_47 (cycles)
5378950102,EXECUTE,43649,CYCLES,BACKEND,SUB-EVENT,_Slice:OpId_49 (cycles)
5378950102,EXECUTE,15596,CYCLES,BACKEND,SUB-EVENT,_Slice_1:OpId_55 (cycles)
5378950102,EXECUTE,2980,CYCLES,BACKEND,SUB-EVENT,_Mul_2:OpId_61 (cycles)
5378950102,EXECUTE,1521,CYCLES,BACKEND,SUB-EVENT,_Mul_3:OpId_64 (cycles)
5378950102,EXECUTE,236,CYCLES,BACKEND,SUB-EVENT,_Sub:OpId_66 (cycles)
5378950102,EXECUTE,4571,CYCLES,BACKEND,SUB-EVENT,_Mul_4:OpId_68 (cycles)
5378950102,EXECUTE,2978,CYCLES,BACKEND,SUB-EVENT,_Mul_5:OpId_70 (cycles)
5378950102,EXECUTE,7721,CYCLES,BACKEND,SUB-EVENT,_Add_4:OpId_72 (cycles)
5378950102,EXECUTE,0,CYCLES,BACKEND,SUB-EVENT,_Unsqueeze:OpId_74 (cycles)
5378950102,EXECUTE,0,CYCLES,BACKEND,SUB-EVENT,_Unsqueeze_1:OpId_75 (cycles)
5378950102,EXECUTE,908,CYCLES,BACKEND,SUB-EVENT,_Concat:OpId_76 (cycles)
5378950102,EXECUTE,574,CYCLES,BACKEND,SUB-EVENT,_Reshape_3:OpId_78 (cycles)
5378950102,EXECUTE,74114,CYCLES,BACKEND,SUB-EVENT,_Slice_3:OpId_80 (cycles)
5378950102,EXECUTE,12116,CYCLES,BACKEND,SUB-EVENT,_Slice_4:OpId_86 (cycles)
5378950102,EXECUTE,25062,CYCLES,BACKEND,SUB-EVENT,_Mul_6:OpId_91 (cycles)
5378950102,EXECUTE,20939,CYCLES,BACKEND,SUB-EVENT,_Mul_7:OpId_93 (cycles)
5378950102,EXECUTE,4844,CYCLES,BACKEND,SUB-EVENT,_Sub_1:OpId_95 (cycles)
5378950102,EXECUTE,24356,CYCLES,BACKEND,SUB-EVENT,_Mul_8:OpId_97 (cycles)
5378950102,EXECUTE,20606,CYCLES,BACKEND,SUB-EVENT,_Mul_9:OpId_99 (cycles)
5378950102,EXECUTE,3459,CYCLES,BACKEND,SUB-EVENT,_Add_5:OpId_101 (cycles)
5378950102,EXECUTE,0,CYCLES,BACKEND,SUB-EVENT,_Unsqueeze_2:OpId_103 (cycles)
5378950102,EXECUTE,0,CYCLES,BACKEND,SUB-EVENT,_Unsqueeze_3:OpId_104 (cycles)
5378950102,EXECUTE,14683,CYCLES,BACKEND,SUB-EVENT,_Concat_2:OpId_105 (cycles)
5378950102,EXECUTE,0,CYCLES,BACKEND,SUB-EVENT,_Reshape_4:OpId_107 (cycles)
5378950102,EXECUTE,4953,CYCLES,BACKEND,SUB-EVENT,current_key_nhwc:OpId_109 (cycles)
5378950102,EXECUTE,4594,CYCLES,BACKEND,SUB-EVENT,_Concat_4:OpId_110 (cycles)
5378950102,EXECUTE,352785,CYCLES,BACKEND,SUB-EVENT,_Concat_4_output_0_nchw:OpId_113 (cycles)
5378950102,EXECUTE,3513,CYCLES,BACKEND,SUB-EVENT,_Concat_5:OpId_114 (cycles)
5378950102,EXECUTE,0,CYCLES,BACKEND,SUB-EVENT,_Unsqueeze_4:OpId_116 (cycles)
5378950102,EXECUTE,34375,CYCLES,BACKEND,SUB-EVENT,_MatMul_3:OpId_117 (cycles)
5378950102,EXECUTE,19525,CYCLES,BACKEND,SUB-EVENT,_Div_1:OpId_122 (cycles)
5378950102,EXECUTE,0,CYCLES,BACKEND,SUB-EVENT,_Add_6:OpId_125 (cycles)
5378950102,EXECUTE,22288,CYCLES,BACKEND,SUB-EVENT,_Softmax:OpId_127 (cycles)
5378950102,EXECUTE,0,CYCLES,BACKEND,SUB-EVENT,_Unsqueeze_5:OpId_130 (cycles)
5378950102,EXECUTE,56368,CYCLES,BACKEND,SUB-EVENT,_MatMul_4:OpId_131 (cycles)
5378950102,EXECUTE,0,CYCLES,BACKEND,SUB-EVENT,_Reshape_6:OpId_135 (cycles)
5378950102,EXECUTE,0,CYCLES,BACKEND,SUB-EVENT,_Transpose_4:OpId_137 (cycles)
5378950102,EXECUTE,24355,CYCLES,BACKEND,SUB-EVENT,_MatMul_5:OpId_139 (cycles)
5378950102,EXECUTE,0,CYCLES,BACKEND,SUB-EVENT,_MatMul_5_post_reshape:OpId_142 (cycles)
5378950102,EXECUTE,0,CYCLES,BACKEND,SUB-EVENT,_MatMul_5_output_0_nfc:OpId_144 (cycles)
5378950102,EXECUTE,199907,CYCLES,BACKEND,SUB-EVENT,_Add_7:OpId_146 (cycles)
5378950102,EXECUTE,228,CYCLES,BACKEND,SUB-EVENT,_Add_7_output_0_ncf:OpId_149 (cycles)
5378950102,EXECUTE,3343,CYCLES,BACKEND,SUB-EVENT,rms_norm__Mul_11_output_0:OpId_154 (cycles)
5378950102,EXECUTE,0,CYCLES,BACKEND,SUB-EVENT,_MatMul_6:OpId_158 (cycles)
5378950102,EXECUTE,0,CYCLES,BACKEND,SUB-EVENT,_MatMul_6_post_reshape:OpId_161 (cycles)
5378950102,EXECUTE,299752,CYCLES,BACKEND,SUB-EVENT,_MatMul_7:OpId_163 (cycles)
5378950102,EXECUTE,0,CYCLES,BACKEND,SUB-EVENT,_MatMul_7_post_reshape:OpId_166 (cycles)
5378950102,EXECUTE,0,CYCLES,BACKEND,SUB-EVENT,_Sigmoid:OpId_167 (cycles)
5378950102,EXECUTE,233009,CYCLES,BACKEND,SUB-EVENT,_Mul_12:OpId_174 (cycles)
5378950102,EXECUTE,29878,CYCLES,BACKEND,SUB-EVENT,_Mul_13:OpId_176 (cycles)
5378950102,EXECUTE,398623,CYCLES,BACKEND,SUB-EVENT,_MatMul_8:OpId_179 (cycles)
5378950102,EXECUTE,0,CYCLES,BACKEND,SUB-EVENT,_MatMul_8_post_reshape:OpId_182 (cycles)
5378950102,EXECUTE,0,CYCLES,BACKEND,SUB-EVENT,_MatMul_8_output_0_nfc:OpId_184 (cycles)
5378950102,EXECUTE,14372,CYCLES,BACKEND,SUB-EVENT,_Add_9:OpId_186 (cycles)
5378950102,EXECUTE,5157,CYCLES,BACKEND,SUB-EVENT,Output OpId_3 (cycles)
5378950102,EXECUTE,4523,US,BACKEND,ROOT,Accelerator (execute) time
5378950102,EXECUTE,4382,US,BACKEND,ROOT,Accelerator (execute excluding wait) time
5378950102,EXECUTE,12267,US,BACKEND,ROOT,QNN (execute) time
5378963420,EXECUTE,11556,US,NETRUN,ROOT,Graph 0: qwen2_0_5b_layer0_decode_past128_grouped_gqa_delta_kv
5378963420,EXECUTE,4,COUNT,BACKEND,ROOT,Number of HVX threads used
5378963420,EXECUTE,10538,US,BACKEND,ROOT,RPC (execute) time
5378963420,EXECUTE,9482,US,BACKEND,ROOT,QNN accelerator (execute) time
5378963420,EXECUTE,0,COUNT,BACKEND,ROOT,Num times yield occured
5378963420,EXECUTE,641,US,BACKEND,ROOT,Time for initial VTCM acquire
5378963420,EXECUTE,325,US,BACKEND,ROOT,Time for HVX + HMX power on and acquire
5378963420,EXECUTE,2405724,CYCLES,BACKEND,ROOT,Accelerator (execute) time (cycles)
5378963420,EXECUTE,67821,CYCLES,BACKEND,SUB-EVENT,Input OpId_2 (cycles)
5378963420,EXECUTE,31151,CYCLES,BACKEND,SUB-EVENT,hidden_states_ncf:OpId_17 (cycles)
5378963420,EXECUTE,40054,CYCLES,BACKEND,SUB-EVENT,past_value_nchw:OpId_20 (cycles)
5378963420,EXECUTE,23176,CYCLES,BACKEND,SUB-EVENT,rms_norm__Mul_1_output_0:OpId_24 (cycles)
5378963420,EXECUTE,45657,CYCLES,BACKEND,SUB-EVENT,_MatMul:OpId_29 (cycles)
5378963420,EXECUTE,0,CYCLES,BACKEND,SUB-EVENT,_MatMul_post_reshape:OpId_31 (cycles)
5378963420,EXECUTE,20071,CYCLES,BACKEND,SUB-EVENT,_MatMul_1:OpId_34 (cycles)
5378963420,EXECUTE,32240,CYCLES,BACKEND,SUB-EVENT,_MatMul_1_post_reshape:OpId_36 (cycles)
5378963420,EXECUTE,3710,CYCLES,BACKEND,SUB-EVENT,_MatMul_2:OpId_39 (cycles)
5378963420,EXECUTE,30558,CYCLES,BACKEND,SUB-EVENT,_MatMul_2_post_reshape:OpId_41 (cycles)
5378963420,EXECUTE,483,CYCLES,BACKEND,SUB-EVENT,_Transpose:OpId_43 (cycles)
5378963420,EXECUTE,4319,CYCLES,BACKEND,SUB-EVENT,_Transpose_1:OpId_45 (cycles)
5378963420,EXECUTE,4100,CYCLES,BACKEND,SUB-EVENT,_Transpose_2:OpId_47 (cycles)
5378963420,EXECUTE,57852,CYCLES,BACKEND,SUB-EVENT,_Slice:OpId_49 (cycles)
5378963420,EXECUTE,15210,CYCLES,BACKEND,SUB-EVENT,_Slice_1:OpId_55 (cycles)
5378963420,EXECUTE,2794,CYCLES,BACKEND,SUB-EVENT,_Mul_2:OpId_61 (cycles)
5378963420,EXECUTE,1124,CYCLES,BACKEND,SUB-EVENT,_Mul_3:OpId_64 (cycles)
5378963420,EXECUTE,267,CYCLES,BACKEND,SUB-EVENT,_Sub:OpId_66 (cycles)
5378963420,EXECUTE,2846,CYCLES,BACKEND,SUB-EVENT,_Mul_4:OpId_68 (cycles)
5378963420,EXECUTE,1156,CYCLES,BACKEND,SUB-EVENT,_Mul_5:OpId_70 (cycles)
5378963420,EXECUTE,4574,CYCLES,BACKEND,SUB-EVENT,_Add_4:OpId_72 (cycles)
5378963420,EXECUTE,0,CYCLES,BACKEND,SUB-EVENT,_Unsqueeze:OpId_74 (cycles)
5378963420,EXECUTE,0,CYCLES,BACKEND,SUB-EVENT,_Unsqueeze_1:OpId_75 (cycles)
5378963420,EXECUTE,934,CYCLES,BACKEND,SUB-EVENT,_Concat:OpId_76 (cycles)
5378963420,EXECUTE,601,CYCLES,BACKEND,SUB-EVENT,_Reshape_3:OpId_78 (cycles)
5378963420,EXECUTE,73273,CYCLES,BACKEND,SUB-EVENT,_Slice_3:OpId_80 (cycles)
5378963420,EXECUTE,12831,CYCLES,BACKEND,SUB-EVENT,_Slice_4:OpId_86 (cycles)
5378963420,EXECUTE,36967,CYCLES,BACKEND,SUB-EVENT,_Mul_6:OpId_91 (cycles)
5378963420,EXECUTE,34953,CYCLES,BACKEND,SUB-EVENT,_Mul_7:OpId_93 (cycles)
5378963420,EXECUTE,13893,CYCLES,BACKEND,SUB-EVENT,_Sub_1:OpId_95 (cycles)
5378963420,EXECUTE,36790,CYCLES,BACKEND,SUB-EVENT,_Mul_8:OpId_97 (cycles)
5378963420,EXECUTE,33102,CYCLES,BACKEND,SUB-EVENT,_Mul_9:OpId_99 (cycles)
5378963420,EXECUTE,10563,CYCLES,BACKEND,SUB-EVENT,_Add_5:OpId_101 (cycles)
5378963420,EXECUTE,0,CYCLES,BACKEND,SUB-EVENT,_Unsqueeze_2:OpId_103 (cycles)
5378963420,EXECUTE,0,CYCLES,BACKEND,SUB-EVENT,_Unsqueeze_3:OpId_104 (cycles)
5378963420,EXECUTE,10569,CYCLES,BACKEND,SUB-EVENT,_Concat_2:OpId_105 (cycles)
5378963420,EXECUTE,0,CYCLES,BACKEND,SUB-EVENT,_Reshape_4:OpId_107 (cycles)
5378963420,EXECUTE,4857,CYCLES,BACKEND,SUB-EVENT,current_key_nhwc:OpId_109 (cycles)
5378963420,EXECUTE,4620,CYCLES,BACKEND,SUB-EVENT,_Concat_4:OpId_110 (cycles)
5378963420,EXECUTE,373589,CYCLES,BACKEND,SUB-EVENT,_Concat_4_output_0_nchw:OpId_113 (cycles)
5378963420,EXECUTE,5702,CYCLES,BACKEND,SUB-EVENT,_Concat_5:OpId_114 (cycles)
5378963420,EXECUTE,0,CYCLES,BACKEND,SUB-EVENT,_Unsqueeze_4:OpId_116 (cycles)
5378963420,EXECUTE,34191,CYCLES,BACKEND,SUB-EVENT,_MatMul_3:OpId_117 (cycles)
5378963420,EXECUTE,17537,CYCLES,BACKEND,SUB-EVENT,_Div_1:OpId_122 (cycles)
5378963420,EXECUTE,0,CYCLES,BACKEND,SUB-EVENT,_Add_6:OpId_125 (cycles)
5378963420,EXECUTE,23477,CYCLES,BACKEND,SUB-EVENT,_Softmax:OpId_127 (cycles)
5378963420,EXECUTE,0,CYCLES,BACKEND,SUB-EVENT,_Unsqueeze_5:OpId_130 (cycles)
5378963420,EXECUTE,88603,CYCLES,BACKEND,SUB-EVENT,_MatMul_4:OpId_131 (cycles)
5378963420,EXECUTE,0,CYCLES,BACKEND,SUB-EVENT,_Reshape_6:OpId_135 (cycles)
5378963420,EXECUTE,0,CYCLES,BACKEND,SUB-EVENT,_Transpose_4:OpId_137 (cycles)
5378963420,EXECUTE,17564,CYCLES,BACKEND,SUB-EVENT,_MatMul_5:OpId_139 (cycles)
5378963420,EXECUTE,0,CYCLES,BACKEND,SUB-EVENT,_MatMul_5_post_reshape:OpId_142 (cycles)
5378963420,EXECUTE,0,CYCLES,BACKEND,SUB-EVENT,_MatMul_5_output_0_nfc:OpId_144 (cycles)
5378963420,EXECUTE,188046,CYCLES,BACKEND,SUB-EVENT,_Add_7:OpId_146 (cycles)
5378963420,EXECUTE,277,CYCLES,BACKEND,SUB-EVENT,_Add_7_output_0_ncf:OpId_149 (cycles)
5378963420,EXECUTE,3704,CYCLES,BACKEND,SUB-EVENT,rms_norm__Mul_11_output_0:OpId_154 (cycles)
5378963420,EXECUTE,0,CYCLES,BACKEND,SUB-EVENT,_MatMul_6:OpId_158 (cycles)
5378963420,EXECUTE,0,CYCLES,BACKEND,SUB-EVENT,_MatMul_6_post_reshape:OpId_161 (cycles)
5378963420,EXECUTE,300377,CYCLES,BACKEND,SUB-EVENT,_MatMul_7:OpId_163 (cycles)
5378963420,EXECUTE,0,CYCLES,BACKEND,SUB-EVENT,_MatMul_7_post_reshape:OpId_166 (cycles)
5378963420,EXECUTE,0,CYCLES,BACKEND,SUB-EVENT,_Sigmoid:OpId_167 (cycles)
5378963420,EXECUTE,236684,CYCLES,BACKEND,SUB-EVENT,_Mul_12:OpId_174 (cycles)
5378963420,EXECUTE,28596,CYCLES,BACKEND,SUB-EVENT,_Mul_13:OpId_176 (cycles)
5378963420,EXECUTE,402052,CYCLES,BACKEND,SUB-EVENT,_MatMul_8:OpId_179 (cycles)
5378963420,EXECUTE,0,CYCLES,BACKEND,SUB-EVENT,_MatMul_8_post_reshape:OpId_182 (cycles)
5378963420,EXECUTE,0,CYCLES,BACKEND,SUB-EVENT,_MatMul_8_output_0_nfc:OpId_184 (cycles)
5378963420,EXECUTE,14747,CYCLES,BACKEND,SUB-EVENT,_Add_9:OpId_186 (cycles)
5378963420,EXECUTE,7462,CYCLES,BACKEND,SUB-EVENT,Output OpId_3 (cycles)
5378963420,EXECUTE,4667,US,BACKEND,ROOT,Accelerator (execute) time
5378963420,EXECUTE,4534,US,BACKEND,ROOT,Accelerator (execute excluding wait) time
5378963420,EXECUTE,11522,US,BACKEND,ROOT,QNN (execute) time
5378983547,EXECUTE,18008,US,NETRUN,ROOT,Graph 0: qwen2_0_5b_layer0_decode_past128_grouped_gqa_delta_kv
5378983547,EXECUTE,4,COUNT,BACKEND,ROOT,Number of HVX threads used
5378983547,EXECUTE,15573,US,BACKEND,ROOT,RPC (execute) time
5378983547,EXECUTE,9603,US,BACKEND,ROOT,QNN accelerator (execute) time
5378983547,EXECUTE,0,COUNT,BACKEND,ROOT,Num times yield occured
5378983547,EXECUTE,610,US,BACKEND,ROOT,Time for initial VTCM acquire
5378983547,EXECUTE,291,US,BACKEND,ROOT,Time for HVX + HMX power on and acquire
5378983547,EXECUTE,2295054,CYCLES,BACKEND,ROOT,Accelerator (execute) time (cycles)
5378983547,EXECUTE,66787,CYCLES,BACKEND,SUB-EVENT,Input OpId_2 (cycles)
5378983547,EXECUTE,34991,CYCLES,BACKEND,SUB-EVENT,hidden_states_ncf:OpId_17 (cycles)
5378983547,EXECUTE,31611,CYCLES,BACKEND,SUB-EVENT,past_value_nchw:OpId_20 (cycles)
5378983547,EXECUTE,45007,CYCLES,BACKEND,SUB-EVENT,rms_norm__Mul_1_output_0:OpId_24 (cycles)
5378983547,EXECUTE,42050,CYCLES,BACKEND,SUB-EVENT,_MatMul:OpId_29 (cycles)
5378983547,EXECUTE,0,CYCLES,BACKEND,SUB-EVENT,_MatMul_post_reshape:OpId_31 (cycles)
5378983547,EXECUTE,19881,CYCLES,BACKEND,SUB-EVENT,_MatMul_1:OpId_34 (cycles)
5378983547,EXECUTE,23800,CYCLES,BACKEND,SUB-EVENT,_MatMul_1_post_reshape:OpId_36 (cycles)
5378983547,EXECUTE,4545,CYCLES,BACKEND,SUB-EVENT,_MatMul_2:OpId_39 (cycles)
5378983547,EXECUTE,22146,CYCLES,BACKEND,SUB-EVENT,_MatMul_2_post_reshape:OpId_41 (cycles)
5378983547,EXECUTE,487,CYCLES,BACKEND,SUB-EVENT,_Transpose:OpId_43 (cycles)
5378983547,EXECUTE,3603,CYCLES,BACKEND,SUB-EVENT,_Transpose_1:OpId_45 (cycles)
5378983547,EXECUTE,3420,CYCLES,BACKEND,SUB-EVENT,_Transpose_2:OpId_47 (cycles)
5378983547,EXECUTE,41005,CYCLES,BACKEND,SUB-EVENT,_Slice:OpId_49 (cycles)
5378983547,EXECUTE,8534,CYCLES,BACKEND,SUB-EVENT,_Slice_1:OpId_55 (cycles)
5378983547,EXECUTE,2705,CYCLES,BACKEND,SUB-EVENT,_Mul_2:OpId_61 (cycles)
5378983547,EXECUTE,1120,CYCLES,BACKEND,SUB-EVENT,_Mul_3:OpId_64 (cycles)
5378983547,EXECUTE,232,CYCLES,BACKEND,SUB-EVENT,_Sub:OpId_66 (cycles)
5378983547,EXECUTE,3124,CYCLES,BACKEND,SUB-EVENT,_Mul_4:OpId_68 (cycles)
5378983547,EXECUTE,1150,CYCLES,BACKEND,SUB-EVENT,_Mul_5:OpId_70 (cycles)
5378983547,EXECUTE,11312,CYCLES,BACKEND,SUB-EVENT,_Add_4:OpId_72 (cycles)
5378983547,EXECUTE,0,CYCLES,BACKEND,SUB-EVENT,_Unsqueeze:OpId_74 (cycles)
5378983547,EXECUTE,0,CYCLES,BACKEND,SUB-EVENT,_Unsqueeze_1:OpId_75 (cycles)
5378983547,EXECUTE,782,CYCLES,BACKEND,SUB-EVENT,_Concat:OpId_76 (cycles)
5378983547,EXECUTE,552,CYCLES,BACKEND,SUB-EVENT,_Reshape_3:OpId_78 (cycles)
5378983547,EXECUTE,70094,CYCLES,BACKEND,SUB-EVENT,_Slice_3:OpId_80 (cycles)
5378983547,EXECUTE,11514,CYCLES,BACKEND,SUB-EVENT,_Slice_4:OpId_86 (cycles)
5378983547,EXECUTE,28214,CYCLES,BACKEND,SUB-EVENT,_Mul_6:OpId_91 (cycles)
5378983547,EXECUTE,21013,CYCLES,BACKEND,SUB-EVENT,_Mul_7:OpId_93 (cycles)
5378983547,EXECUTE,7750,CYCLES,BACKEND,SUB-EVENT,_Sub_1:OpId_95 (cycles)
5378983547,EXECUTE,28154,CYCLES,BACKEND,SUB-EVENT,_Mul_8:OpId_97 (cycles)
5378983547,EXECUTE,20166,CYCLES,BACKEND,SUB-EVENT,_Mul_9:OpId_99 (cycles)
5378983547,EXECUTE,10934,CYCLES,BACKEND,SUB-EVENT,_Add_5:OpId_101 (cycles)
5378983547,EXECUTE,0,CYCLES,BACKEND,SUB-EVENT,_Unsqueeze_2:OpId_103 (cycles)
5378983547,EXECUTE,0,CYCLES,BACKEND,SUB-EVENT,_Unsqueeze_3:OpId_104 (cycles)
5378983547,EXECUTE,15347,CYCLES,BACKEND,SUB-EVENT,_Concat_2:OpId_105 (cycles)
5378983547,EXECUTE,0,CYCLES,BACKEND,SUB-EVENT,_Reshape_4:OpId_107 (cycles)
5378983547,EXECUTE,12135,CYCLES,BACKEND,SUB-EVENT,current_key_nhwc:OpId_109 (cycles)
5378983547,EXECUTE,4475,CYCLES,BACKEND,SUB-EVENT,_Concat_4:OpId_110 (cycles)
5378983547,EXECUTE,379314,CYCLES,BACKEND,SUB-EVENT,_Concat_4_output_0_nchw:OpId_113 (cycles)
5378983547,EXECUTE,1891,CYCLES,BACKEND,SUB-EVENT,_Concat_5:OpId_114 (cycles)
5378983547,EXECUTE,0,CYCLES,BACKEND,SUB-EVENT,_Unsqueeze_4:OpId_116 (cycles)
5378983547,EXECUTE,33994,CYCLES,BACKEND,SUB-EVENT,_MatMul_3:OpId_117 (cycles)
5378983547,EXECUTE,16258,CYCLES,BACKEND,SUB-EVENT,_Div_1:OpId_122 (cycles)
5378983547,EXECUTE,0,CYCLES,BACKEND,SUB-EVENT,_Add_6:OpId_125 (cycles)
5378983547,EXECUTE,22904,CYCLES,BACKEND,SUB-EVENT,_Softmax:OpId_127 (cycles)
5378983547,EXECUTE,0,CYCLES,BACKEND,SUB-EVENT,_Unsqueeze_5:OpId_130 (cycles)
5378983547,EXECUTE,66360,CYCLES,BACKEND,SUB-EVENT,_MatMul_4:OpId_131 (cycles)
5378983547,EXECUTE,0,CYCLES,BACKEND,SUB-EVENT,_Reshape_6:OpId_135 (cycles)
5378983547,EXECUTE,0,CYCLES,BACKEND,SUB-EVENT,_Transpose_4:OpId_137 (cycles)
5378983547,EXECUTE,17044,CYCLES,BACKEND,SUB-EVENT,_MatMul_5:OpId_139 (cycles)
5378983547,EXECUTE,0,CYCLES,BACKEND,SUB-EVENT,_MatMul_5_post_reshape:OpId_142 (cycles)
5378983547,EXECUTE,0,CYCLES,BACKEND,SUB-EVENT,_MatMul_5_output_0_nfc:OpId_144 (cycles)
5378983547,EXECUTE,153145,CYCLES,BACKEND,SUB-EVENT,_Add_7:OpId_146 (cycles)
5378983547,EXECUTE,272,CYCLES,BACKEND,SUB-EVENT,_Add_7_output_0_ncf:OpId_149 (cycles)
5378983547,EXECUTE,3542,CYCLES,BACKEND,SUB-EVENT,rms_norm__Mul_11_output_0:OpId_154 (cycles)
5378983547,EXECUTE,0,CYCLES,BACKEND,SUB-EVENT,_MatMul_6:OpId_158 (cycles)
5378983547,EXECUTE,0,CYCLES,BACKEND,SUB-EVENT,_MatMul_6_post_reshape:OpId_161 (cycles)
5378983547,EXECUTE,304329,CYCLES,BACKEND,SUB-EVENT,_MatMul_7:OpId_163 (cycles)
5378983547,EXECUTE,0,CYCLES,BACKEND,SUB-EVENT,_MatMul_7_post_reshape:OpId_166 (cycles)
5378983547,EXECUTE,0,CYCLES,BACKEND,SUB-EVENT,_Sigmoid:OpId_167 (cycles)
5378983547,EXECUTE,237549,CYCLES,BACKEND,SUB-EVENT,_Mul_12:OpId_174 (cycles)
5378983547,EXECUTE,29099,CYCLES,BACKEND,SUB-EVENT,_Mul_13:OpId_176 (cycles)
5378983547,EXECUTE,410354,CYCLES,BACKEND,SUB-EVENT,_MatMul_8:OpId_179 (cycles)
5378983547,EXECUTE,0,CYCLES,BACKEND,SUB-EVENT,_MatMul_8_post_reshape:OpId_182 (cycles)
5378983547,EXECUTE,0,CYCLES,BACKEND,SUB-EVENT,_MatMul_8_output_0_nfc:OpId_184 (cycles)
5378983547,EXECUTE,14812,CYCLES,BACKEND,SUB-EVENT,_Add_9:OpId_186 (cycles)
5378983547,EXECUTE,5547,CYCLES,BACKEND,SUB-EVENT,Output OpId_3 (cycles)
5378983547,EXECUTE,4639,US,BACKEND,ROOT,Accelerator (execute) time
5378983547,EXECUTE,4507,US,BACKEND,ROOT,Accelerator (execute excluding wait) time
5378983547,EXECUTE,17936,US,BACKEND,ROOT,QNN (execute) time
5378997955,EXECUTE,12088,US,NETRUN,ROOT,Graph 0: qwen2_0_5b_layer0_decode_past128_grouped_gqa_delta_kv
5378997955,EXECUTE,4,COUNT,BACKEND,ROOT,Number of HVX threads used
5378997955,EXECUTE,10748,US,BACKEND,ROOT,RPC (execute) time
5378997955,EXECUTE,9583,US,BACKEND,ROOT,QNN accelerator (execute) time
5378997955,EXECUTE,0,COUNT,BACKEND,ROOT,Num times yield occured
5378997955,EXECUTE,778,US,BACKEND,ROOT,Time for initial VTCM acquire
5378997955,EXECUTE,305,US,BACKEND,ROOT,Time for HVX + HMX power on and acquire
5378997955,EXECUTE,2385557,CYCLES,BACKEND,ROOT,Accelerator (execute) time (cycles)
5378997955,EXECUTE,60408,CYCLES,BACKEND,SUB-EVENT,Input OpId_2 (cycles)
5378997955,EXECUTE,29740,CYCLES,BACKEND,SUB-EVENT,hidden_states_ncf:OpId_17 (cycles)
5378997955,EXECUTE,33517,CYCLES,BACKEND,SUB-EVENT,past_value_nchw:OpId_20 (cycles)
5378997955,EXECUTE,28489,CYCLES,BACKEND,SUB-EVENT,rms_norm__Mul_1_output_0:OpId_24 (cycles)
5378997955,EXECUTE,40008,CYCLES,BACKEND,SUB-EVENT,_MatMul:OpId_29 (cycles)
5378997955,EXECUTE,0,CYCLES,BACKEND,SUB-EVENT,_MatMul_post_reshape:OpId_31 (cycles)
5378997955,EXECUTE,16593,CYCLES,BACKEND,SUB-EVENT,_MatMul_1:OpId_34 (cycles)
5378997955,EXECUTE,38105,CYCLES,BACKEND,SUB-EVENT,_MatMul_1_post_reshape:OpId_36 (cycles)
5378997955,EXECUTE,4545,CYCLES,BACKEND,SUB-EVENT,_MatMul_2:OpId_39 (cycles)
5378997955,EXECUTE,36491,CYCLES,BACKEND,SUB-EVENT,_MatMul_2_post_reshape:OpId_41 (cycles)
5378997955,EXECUTE,468,CYCLES,BACKEND,SUB-EVENT,_Transpose:OpId_43 (cycles)
5378997955,EXECUTE,4693,CYCLES,BACKEND,SUB-EVENT,_Transpose_1:OpId_45 (cycles)
5378997955,EXECUTE,4445,CYCLES,BACKEND,SUB-EVENT,_Transpose_2:OpId_47 (cycles)
5378997955,EXECUTE,61349,CYCLES,BACKEND,SUB-EVENT,_Slice:OpId_49 (cycles)
5378997955,EXECUTE,15864,CYCLES,BACKEND,SUB-EVENT,_Slice_1:OpId_55 (cycles)
5378997955,EXECUTE,2596,CYCLES,BACKEND,SUB-EVENT,_Mul_2:OpId_61 (cycles)
5378997955,EXECUTE,1195,CYCLES,BACKEND,SUB-EVENT,_Mul_3:OpId_64 (cycles)
5378997955,EXECUTE,238,CYCLES,BACKEND,SUB-EVENT,_Sub:OpId_66 (cycles)
5378997955,EXECUTE,3059,CYCLES,BACKEND,SUB-EVENT,_Mul_4:OpId_68 (cycles)
5378997955,EXECUTE,1171,CYCLES,BACKEND,SUB-EVENT,_Mul_5:OpId_70 (cycles)
5378997955,EXECUTE,4810,CYCLES,BACKEND,SUB-EVENT,_Add_4:OpId_72 (cycles)
5378997955,EXECUTE,0,CYCLES,BACKEND,SUB-EVENT,_Unsqueeze:OpId_74 (cycles)
5378997955,EXECUTE,0,CYCLES,BACKEND,SUB-EVENT,_Unsqueeze_1:OpId_75 (cycles)
5378997955,EXECUTE,695,CYCLES,BACKEND,SUB-EVENT,_Concat:OpId_76 (cycles)
5378997955,EXECUTE,573,CYCLES,BACKEND,SUB-EVENT,_Reshape_3:OpId_78 (cycles)
5378997955,EXECUTE,97639,CYCLES,BACKEND,SUB-EVENT,_Slice_3:OpId_80 (cycles)
5378997955,EXECUTE,19650,CYCLES,BACKEND,SUB-EVENT,_Slice_4:OpId_86 (cycles)
5378997955,EXECUTE,41088,CYCLES,BACKEND,SUB-EVENT,_Mul_6:OpId_91 (cycles)
5378997955,EXECUTE,38650,CYCLES,BACKEND,SUB-EVENT,_Mul_7:OpId_93 (cycles)
5378997955,EXECUTE,7700,CYCLES,BACKEND,SUB-EVENT,_Sub_1:OpId_95 (cycles)
5378997955,EXECUTE,41015,CYCLES,BACKEND,SUB-EVENT,_Mul_8:OpId_97 (cycles)
5378997955,EXECUTE,37508,CYCLES,BACKEND,SUB-EVENT,_Mul_9:OpId_99 (cycles)
5378997955,EXECUTE,7501,CYCLES,BACKEND,SUB-EVENT,_Add_5:OpId_101 (cycles)
5378997955,EXECUTE,0,CYCLES,BACKEND,SUB-EVENT,_Unsqueeze_2:OpId_103 (cycles)
5378997955,EXECUTE,0,CYCLES,BACKEND,SUB-EVENT,_Unsqueeze_3:OpId_104 (cycles)
5378997955,EXECUTE,11149,CYCLES,BACKEND,SUB-EVENT,_Concat_2:OpId_105 (cycles)
5378997955,EXECUTE,0,CYCLES,BACKEND,SUB-EVENT,_Reshape_4:OpId_107 (cycles)
5378997955,EXECUTE,6758,CYCLES,BACKEND,SUB-EVENT,current_key_nhwc:OpId_109 (cycles)
5378997955,EXECUTE,4552,CYCLES,BACKEND,SUB-EVENT,_Concat_4:OpId_110 (cycles)
5378997955,EXECUTE,354289,CYCLES,BACKEND,SUB-EVENT,_Concat_4_output_0_nchw:OpId_113 (cycles)
5378997955,EXECUTE,2285,CYCLES,BACKEND,SUB-EVENT,_Concat_5:OpId_114 (cycles)
5378997955,EXECUTE,0,CYCLES,BACKEND,SUB-EVENT,_Unsqueeze_4:OpId_116 (cycles)
5378997955,EXECUTE,33444,CYCLES,BACKEND,SUB-EVENT,_MatMul_3:OpId_117 (cycles)
5378997955,EXECUTE,17533,CYCLES,BACKEND,SUB-EVENT,_Div_1:OpId_122 (cycles)
5378997955,EXECUTE,0,CYCLES,BACKEND,SUB-EVENT,_Add_6:OpId_125 (cycles)
5378997955,EXECUTE,24457,CYCLES,BACKEND,SUB-EVENT,_Softmax:OpId_127 (cycles)
5378997955,EXECUTE,0,CYCLES,BACKEND,SUB-EVENT,_Unsqueeze_5:OpId_130 (cycles)
5378997955,EXECUTE,77028,CYCLES,BACKEND,SUB-EVENT,_MatMul_4:OpId_131 (cycles)
5378997955,EXECUTE,0,CYCLES,BACKEND,SUB-EVENT,_Reshape_6:OpId_135 (cycles)
5378997955,EXECUTE,0,CYCLES,BACKEND,SUB-EVENT,_Transpose_4:OpId_137 (cycles)
5378997955,EXECUTE,21169,CYCLES,BACKEND,SUB-EVENT,_MatMul_5:OpId_139 (cycles)
5378997955,EXECUTE,0,CYCLES,BACKEND,SUB-EVENT,_MatMul_5_post_reshape:OpId_142 (cycles)
5378997955,EXECUTE,0,CYCLES,BACKEND,SUB-EVENT,_MatMul_5_output_0_nfc:OpId_144 (cycles)
5378997955,EXECUTE,156313,CYCLES,BACKEND,SUB-EVENT,_Add_7:OpId_146 (cycles)
5378997955,EXECUTE,317,CYCLES,BACKEND,SUB-EVENT,_Add_7_output_0_ncf:OpId_149 (cycles)
5378997955,EXECUTE,3340,CYCLES,BACKEND,SUB-EVENT,rms_norm__Mul_11_output_0:OpId_154 (cycles)
5378997955,EXECUTE,0,CYCLES,BACKEND,SUB-EVENT,_MatMul_6:OpId_158 (cycles)
5378997955,EXECUTE,0,CYCLES,BACKEND,SUB-EVENT,_MatMul_6_post_reshape:OpId_161 (cycles)
5378997955,EXECUTE,302198,CYCLES,BACKEND,SUB-EVENT,_MatMul_7:OpId_163 (cycles)
5378997955,EXECUTE,0,CYCLES,BACKEND,SUB-EVENT,_MatMul_7_post_reshape:OpId_166 (cycles)
5378997955,EXECUTE,0,CYCLES,BACKEND,SUB-EVENT,_Sigmoid:OpId_167 (cycles)
5378997955,EXECUTE,243959,CYCLES,BACKEND,SUB-EVENT,_Mul_12:OpId_174 (cycles)
5378997955,EXECUTE,25734,CYCLES,BACKEND,SUB-EVENT,_Mul_13:OpId_176 (cycles)
5378997955,EXECUTE,399078,CYCLES,BACKEND,SUB-EVENT,_MatMul_8:OpId_179 (cycles)
5378997955,EXECUTE,0,CYCLES,BACKEND,SUB-EVENT,_MatMul_8_post_reshape:OpId_182 (cycles)
5378997955,EXECUTE,0,CYCLES,BACKEND,SUB-EVENT,_MatMul_8_output_0_nfc:OpId_184 (cycles)
5378997955,EXECUTE,14625,CYCLES,BACKEND,SUB-EVENT,_Add_9:OpId_186 (cycles)
5378997955,EXECUTE,7526,CYCLES,BACKEND,SUB-EVENT,Output OpId_3 (cycles)
5378997955,EXECUTE,4608,US,BACKEND,ROOT,Accelerator (execute) time
5378997955,EXECUTE,4466,US,BACKEND,ROOT,Accelerator (execute excluding wait) time
5378997955,EXECUTE,12041,US,BACKEND,ROOT,QNN (execute) time
5379011021,EXECUTE,11323,US,NETRUN,ROOT,Graph 0: qwen2_0_5b_layer0_decode_past128_grouped_gqa_delta_kv
5379011021,EXECUTE,4,COUNT,BACKEND,ROOT,Number of HVX threads used
5379011021,EXECUTE,10323,US,BACKEND,ROOT,RPC (execute) time
5379011021,EXECUTE,9272,US,BACKEND,ROOT,QNN accelerator (execute) time
5379011021,EXECUTE,0,COUNT,BACKEND,ROOT,Num times yield occured
5379011021,EXECUTE,620,US,BACKEND,ROOT,Time for initial VTCM acquire
5379011021,EXECUTE,327,US,BACKEND,ROOT,Time for HVX + HMX power on and acquire
5379011021,EXECUTE,2249659,CYCLES,BACKEND,ROOT,Accelerator (execute) time (cycles)
5379011021,EXECUTE,68549,CYCLES,BACKEND,SUB-EVENT,Input OpId_2 (cycles)
5379011021,EXECUTE,40648,CYCLES,BACKEND,SUB-EVENT,hidden_states_ncf:OpId_17 (cycles)
5379011021,EXECUTE,28782,CYCLES,BACKEND,SUB-EVENT,past_value_nchw:OpId_20 (cycles)
5379011021,EXECUTE,36444,CYCLES,BACKEND,SUB-EVENT,rms_norm__Mul_1_output_0:OpId_24 (cycles)
5379011021,EXECUTE,35570,CYCLES,BACKEND,SUB-EVENT,_MatMul:OpId_29 (cycles)
5379011021,EXECUTE,0,CYCLES,BACKEND,SUB-EVENT,_MatMul_post_reshape:OpId_31 (cycles)
5379011021,EXECUTE,14332,CYCLES,BACKEND,SUB-EVENT,_MatMul_1:OpId_34 (cycles)
5379011021,EXECUTE,30548,CYCLES,BACKEND,SUB-EVENT,_MatMul_1_post_reshape:OpId_36 (cycles)
5379011021,EXECUTE,2821,CYCLES,BACKEND,SUB-EVENT,_MatMul_2:OpId_39 (cycles)
5379011021,EXECUTE,28906,CYCLES,BACKEND,SUB-EVENT,_MatMul_2_post_reshape:OpId_41 (cycles)
5379011021,EXECUTE,494,CYCLES,BACKEND,SUB-EVENT,_Transpose:OpId_43 (cycles)
5379011021,EXECUTE,3509,CYCLES,BACKEND,SUB-EVENT,_Transpose_1:OpId_45 (cycles)
5379011021,EXECUTE,3233,CYCLES,BACKEND,SUB-EVENT,_Transpose_2:OpId_47 (cycles)
5379011021,EXECUTE,45515,CYCLES,BACKEND,SUB-EVENT,_Slice:OpId_49 (cycles)
5379011021,EXECUTE,8551,CYCLES,BACKEND,SUB-EVENT,_Slice_1:OpId_55 (cycles)
5379011021,EXECUTE,4046,CYCLES,BACKEND,SUB-EVENT,_Mul_2:OpId_61 (cycles)
5379011021,EXECUTE,1303,CYCLES,BACKEND,SUB-EVENT,_Mul_3:OpId_64 (cycles)
5379011021,EXECUTE,260,CYCLES,BACKEND,SUB-EVENT,_Sub:OpId_66 (cycles)
5379011021,EXECUTE,2947,CYCLES,BACKEND,SUB-EVENT,_Mul_4:OpId_68 (cycles)
5379011021,EXECUTE,1537,CYCLES,BACKEND,SUB-EVENT,_Mul_5:OpId_70 (cycles)
5379011021,EXECUTE,6042,CYCLES,BACKEND,SUB-EVENT,_Add_4:OpId_72 (cycles)
5379011021,EXECUTE,0,CYCLES,BACKEND,SUB-EVENT,_Unsqueeze:OpId_74 (cycles)
5379011021,EXECUTE,0,CYCLES,BACKEND,SUB-EVENT,_Unsqueeze_1:OpId_75 (cycles)
5379011021,EXECUTE,739,CYCLES,BACKEND,SUB-EVENT,_Concat:OpId_76 (cycles)
5379011021,EXECUTE,598,CYCLES,BACKEND,SUB-EVENT,_Reshape_3:OpId_78 (cycles)
5379011021,EXECUTE,85012,CYCLES,BACKEND,SUB-EVENT,_Slice_3:OpId_80 (cycles)
5379011021,EXECUTE,18346,CYCLES,BACKEND,SUB-EVENT,_Slice_4:OpId_86 (cycles)
5379011021,EXECUTE,29280,CYCLES,BACKEND,SUB-EVENT,_Mul_6:OpId_91 (cycles)
5379011021,EXECUTE,20746,CYCLES,BACKEND,SUB-EVENT,_Mul_7:OpId_93 (cycles)
5379011021,EXECUTE,5686,CYCLES,BACKEND,SUB-EVENT,_Sub_1:OpId_95 (cycles)
5379011021,EXECUTE,28550,CYCLES,BACKEND,SUB-EVENT,_Mul_8:OpId_97 (cycles)
5379011021,EXECUTE,20309,CYCLES,BACKEND,SUB-EVENT,_Mul_9:OpId_99 (cycles)
5379011021,EXECUTE,4025,CYCLES,BACKEND,SUB-EVENT,_Add_5:OpId_101 (cycles)
5379011021,EXECUTE,0,CYCLES,BACKEND,SUB-EVENT,_Unsqueeze_2:OpId_103 (cycles)
5379011021,EXECUTE,0,CYCLES,BACKEND,SUB-EVENT,_Unsqueeze_3:OpId_104 (cycles)
5379011021,EXECUTE,9550,CYCLES,BACKEND,SUB-EVENT,_Concat_2:OpId_105 (cycles)
5379011021,EXECUTE,0,CYCLES,BACKEND,SUB-EVENT,_Reshape_4:OpId_107 (cycles)
5379011021,EXECUTE,6417,CYCLES,BACKEND,SUB-EVENT,current_key_nhwc:OpId_109 (cycles)
5379011021,EXECUTE,4564,CYCLES,BACKEND,SUB-EVENT,_Concat_4:OpId_110 (cycles)
5379011021,EXECUTE,373928,CYCLES,BACKEND,SUB-EVENT,_Concat_4_output_0_nchw:OpId_113 (cycles)
5379011021,EXECUTE,4973,CYCLES,BACKEND,SUB-EVENT,_Concat_5:OpId_114 (cycles)
5379011021,EXECUTE,0,CYCLES,BACKEND,SUB-EVENT,_Unsqueeze_4:OpId_116 (cycles)
5379011021,EXECUTE,33447,CYCLES,BACKEND,SUB-EVENT,_MatMul_3:OpId_117 (cycles)
5379011021,EXECUTE,18403,CYCLES,BACKEND,SUB-EVENT,_Div_1:OpId_122 (cycles)
5379011021,EXECUTE,0,CYCLES,BACKEND,SUB-EVENT,_Add_6:OpId_125 (cycles)
5379011021,EXECUTE,23540,CYCLES,BACKEND,SUB-EVENT,_Softmax:OpId_127 (cycles)
5379011021,EXECUTE,0,CYCLES,BACKEND,SUB-EVENT,_Unsqueeze_5:OpId_130 (cycles)
5379011021,EXECUTE,60466,CYCLES,BACKEND,SUB-EVENT,_MatMul_4:OpId_131 (cycles)
5379011021,EXECUTE,0,CYCLES,BACKEND,SUB-EVENT,_Reshape_6:OpId_135 (cycles)
5379011021,EXECUTE,0,CYCLES,BACKEND,SUB-EVENT,_Transpose_4:OpId_137 (cycles)
5379011021,EXECUTE,19784,CYCLES,BACKEND,SUB-EVENT,_MatMul_5:OpId_139 (cycles)
5379011021,EXECUTE,0,CYCLES,BACKEND,SUB-EVENT,_MatMul_5_post_reshape:OpId_142 (cycles)
5379011021,EXECUTE,0,CYCLES,BACKEND,SUB-EVENT,_MatMul_5_output_0_nfc:OpId_144 (cycles)
5379011021,EXECUTE,130214,CYCLES,BACKEND,SUB-EVENT,_Add_7:OpId_146 (cycles)
5379011021,EXECUTE,314,CYCLES,BACKEND,SUB-EVENT,_Add_7_output_0_ncf:OpId_149 (cycles)
5379011021,EXECUTE,3439,CYCLES,BACKEND,SUB-EVENT,rms_norm__Mul_11_output_0:OpId_154 (cycles)
5379011021,EXECUTE,0,CYCLES,BACKEND,SUB-EVENT,_MatMul_6:OpId_158 (cycles)
5379011021,EXECUTE,0,CYCLES,BACKEND,SUB-EVENT,_MatMul_6_post_reshape:OpId_161 (cycles)
5379011021,EXECUTE,288042,CYCLES,BACKEND,SUB-EVENT,_MatMul_7:OpId_163 (cycles)
5379011021,EXECUTE,0,CYCLES,BACKEND,SUB-EVENT,_MatMul_7_post_reshape:OpId_166 (cycles)
5379011021,EXECUTE,0,CYCLES,BACKEND,SUB-EVENT,_Sigmoid:OpId_167 (cycles)
5379011021,EXECUTE,244943,CYCLES,BACKEND,SUB-EVENT,_Mul_12:OpId_174 (cycles)
5379011021,EXECUTE,28028,CYCLES,BACKEND,SUB-EVENT,_Mul_13:OpId_176 (cycles)
5379011021,EXECUTE,400549,CYCLES,BACKEND,SUB-EVENT,_MatMul_8:OpId_179 (cycles)
5379011021,EXECUTE,0,CYCLES,BACKEND,SUB-EVENT,_MatMul_8_post_reshape:OpId_182 (cycles)
5379011021,EXECUTE,0,CYCLES,BACKEND,SUB-EVENT,_MatMul_8_output_0_nfc:OpId_184 (cycles)
5379011021,EXECUTE,14733,CYCLES,BACKEND,SUB-EVENT,_Add_9:OpId_186 (cycles)
5379011021,EXECUTE,6997,CYCLES,BACKEND,SUB-EVENT,Output OpId_3 (cycles)
5379011021,EXECUTE,4559,US,BACKEND,ROOT,Accelerator (execute) time
5379011021,EXECUTE,4423,US,BACKEND,ROOT,Accelerator (execute excluding wait) time
5379011021,EXECUTE,11294,US,BACKEND,ROOT,QNN (execute) time
5379024620,EXECUTE,11624,US,NETRUN,ROOT,Graph 0: qwen2_0_5b_layer0_decode_past128_grouped_gqa_delta_kv
5379024620,EXECUTE,4,COUNT,BACKEND,ROOT,Number of HVX threads used
5379024620,EXECUTE,10624,US,BACKEND,ROOT,RPC (execute) time
5379024620,EXECUTE,9355,US,BACKEND,ROOT,QNN accelerator (execute) time
5379024620,EXECUTE,0,COUNT,BACKEND,ROOT,Num times yield occured
5379024620,EXECUTE,550,US,BACKEND,ROOT,Time for initial VTCM acquire
5379024620,EXECUTE,288,US,BACKEND,ROOT,Time for HVX + HMX power on and acquire
5379024620,EXECUTE,2360691,CYCLES,BACKEND,ROOT,Accelerator (execute) time (cycles)
5379024620,EXECUTE,27589,CYCLES,BACKEND,SUB-EVENT,Input OpId_2 (cycles)
5379024620,EXECUTE,9025,CYCLES,BACKEND,SUB-EVENT,hidden_states_ncf:OpId_17 (cycles)
5379024620,EXECUTE,63729,CYCLES,BACKEND,SUB-EVENT,past_value_nchw:OpId_20 (cycles)
5379024620,EXECUTE,8289,CYCLES,BACKEND,SUB-EVENT,rms_norm__Mul_1_output_0:OpId_24 (cycles)
5379024620,EXECUTE,122044,CYCLES,BACKEND,SUB-EVENT,_MatMul:OpId_29 (cycles)
5379024620,EXECUTE,0,CYCLES,BACKEND,SUB-EVENT,_MatMul_post_reshape:OpId_31 (cycles)
5379024620,EXECUTE,13311,CYCLES,BACKEND,SUB-EVENT,_MatMul_1:OpId_34 (cycles)
5379024620,EXECUTE,26764,CYCLES,BACKEND,SUB-EVENT,_MatMul_1_post_reshape:OpId_36 (cycles)
5379024620,EXECUTE,1739,CYCLES,BACKEND,SUB-EVENT,_MatMul_2:OpId_39 (cycles)
5379024620,EXECUTE,25055,CYCLES,BACKEND,SUB-EVENT,_MatMul_2_post_reshape:OpId_41 (cycles)
5379024620,EXECUTE,496,CYCLES,BACKEND,SUB-EVENT,_Transpose:OpId_43 (cycles)
5379024620,EXECUTE,8929,CYCLES,BACKEND,SUB-EVENT,_Transpose_1:OpId_45 (cycles)
5379024620,EXECUTE,8660,CYCLES,BACKEND,SUB-EVENT,_Transpose_2:OpId_47 (cycles)
5379024620,EXECUTE,64868,CYCLES,BACKEND,SUB-EVENT,_Slice:OpId_49 (cycles)
5379024620,EXECUTE,15948,CYCLES,BACKEND,SUB-EVENT,_Slice_1:OpId_55 (cycles)
5379024620,EXECUTE,2609,CYCLES,BACKEND,SUB-EVENT,_Mul_2:OpId_61 (cycles)
5379024620,EXECUTE,1278,CYCLES,BACKEND,SUB-EVENT,_Mul_3:OpId_64 (cycles)
5379024620,EXECUTE,271,CYCLES,BACKEND,SUB-EVENT,_Sub:OpId_66 (cycles)
5379024620,EXECUTE,2900,CYCLES,BACKEND,SUB-EVENT,_Mul_4:OpId_68 (cycles)
5379024620,EXECUTE,1185,CYCLES,BACKEND,SUB-EVENT,_Mul_5:OpId_70 (cycles)
5379024620,EXECUTE,2604,CYCLES,BACKEND,SUB-EVENT,_Add_4:OpId_72 (cycles)
5379024620,EXECUTE,0,CYCLES,BACKEND,SUB-EVENT,_Unsqueeze:OpId_74 (cycles)
5379024620,EXECUTE,0,CYCLES,BACKEND,SUB-EVENT,_Unsqueeze_1:OpId_75 (cycles)
5379024620,EXECUTE,787,CYCLES,BACKEND,SUB-EVENT,_Concat:OpId_76 (cycles)
5379024620,EXECUTE,596,CYCLES,BACKEND,SUB-EVENT,_Reshape_3:OpId_78 (cycles)
5379024620,EXECUTE,99901,CYCLES,BACKEND,SUB-EVENT,_Slice_3:OpId_80 (cycles)
5379024620,EXECUTE,19590,CYCLES,BACKEND,SUB-EVENT,_Slice_4:OpId_86 (cycles)
5379024620,EXECUTE,35161,CYCLES,BACKEND,SUB-EVENT,_Mul_6:OpId_91 (cycles)
5379024620,EXECUTE,32768,CYCLES,BACKEND,SUB-EVENT,_Mul_7:OpId_93 (cycles)
5379024620,EXECUTE,9513,CYCLES,BACKEND,SUB-EVENT,_Sub_1:OpId_95 (cycles)
5379024620,EXECUTE,35124,CYCLES,BACKEND,SUB-EVENT,_Mul_8:OpId_97 (cycles)
5379024620,EXECUTE,31905,CYCLES,BACKEND,SUB-EVENT,_Mul_9:OpId_99 (cycles)
5379024620,EXECUTE,6874,CYCLES,BACKEND,SUB-EVENT,_Add_5:OpId_101 (cycles)
5379024620,EXECUTE,0,CYCLES,BACKEND,SUB-EVENT,_Unsqueeze_2:OpId_103 (cycles)
5379024620,EXECUTE,0,CYCLES,BACKEND,SUB-EVENT,_Unsqueeze_3:OpId_104 (cycles)
5379024620,EXECUTE,5819,CYCLES,BACKEND,SUB-EVENT,_Concat_2:OpId_105 (cycles)
5379024620,EXECUTE,0,CYCLES,BACKEND,SUB-EVENT,_Reshape_4:OpId_107 (cycles)
5379024620,EXECUTE,5212,CYCLES,BACKEND,SUB-EVENT,current_key_nhwc:OpId_109 (cycles)
5379024620,EXECUTE,5844,CYCLES,BACKEND,SUB-EVENT,_Concat_4:OpId_110 (cycles)
5379024620,EXECUTE,355403,CYCLES,BACKEND,SUB-EVENT,_Concat_4_output_0_nchw:OpId_113 (cycles)
5379024620,EXECUTE,8512,CYCLES,BACKEND,SUB-EVENT,_Concat_5:OpId_114 (cycles)
5379024620,EXECUTE,0,CYCLES,BACKEND,SUB-EVENT,_Unsqueeze_4:OpId_116 (cycles)
5379024620,EXECUTE,33525,CYCLES,BACKEND,SUB-EVENT,_MatMul_3:OpId_117 (cycles)
5379024620,EXECUTE,15709,CYCLES,BACKEND,SUB-EVENT,_Div_1:OpId_122 (cycles)
5379024620,EXECUTE,0,CYCLES,BACKEND,SUB-EVENT,_Add_6:OpId_125 (cycles)
5379024620,EXECUTE,22883,CYCLES,BACKEND,SUB-EVENT,_Softmax:OpId_127 (cycles)
5379024620,EXECUTE,0,CYCLES,BACKEND,SUB-EVENT,_Unsqueeze_5:OpId_130 (cycles)
5379024620,EXECUTE,71322,CYCLES,BACKEND,SUB-EVENT,_MatMul_4:OpId_131 (cycles)
5379024620,EXECUTE,0,CYCLES,BACKEND,SUB-EVENT,_Reshape_6:OpId_135 (cycles)
5379024620,EXECUTE,0,CYCLES,BACKEND,SUB-EVENT,_Transpose_4:OpId_137 (cycles)
5379024620,EXECUTE,17409,CYCLES,BACKEND,SUB-EVENT,_MatMul_5:OpId_139 (cycles)
5379024620,EXECUTE,0,CYCLES,BACKEND,SUB-EVENT,_MatMul_5_post_reshape:OpId_142 (cycles)
5379024620,EXECUTE,0,CYCLES,BACKEND,SUB-EVENT,_MatMul_5_output_0_nfc:OpId_144 (cycles)
5379024620,EXECUTE,137057,CYCLES,BACKEND,SUB-EVENT,_Add_7:OpId_146 (cycles)
5379024620,EXECUTE,236,CYCLES,BACKEND,SUB-EVENT,_Add_7_output_0_ncf:OpId_149 (cycles)
5379024620,EXECUTE,2202,CYCLES,BACKEND,SUB-EVENT,rms_norm__Mul_11_output_0:OpId_154 (cycles)
5379024620,EXECUTE,0,CYCLES,BACKEND,SUB-EVENT,_MatMul_6:OpId_158 (cycles)
5379024620,EXECUTE,0,CYCLES,BACKEND,SUB-EVENT,_MatMul_6_post_reshape:OpId_161 (cycles)
5379024620,EXECUTE,293306,CYCLES,BACKEND,SUB-EVENT,_MatMul_7:OpId_163 (cycles)
5379024620,EXECUTE,0,CYCLES,BACKEND,SUB-EVENT,_MatMul_7_post_reshape:OpId_166 (cycles)
5379024620,EXECUTE,0,CYCLES,BACKEND,SUB-EVENT,_Sigmoid:OpId_167 (cycles)
5379024620,EXECUTE,238603,CYCLES,BACKEND,SUB-EVENT,_Mul_12:OpId_174 (cycles)
5379024620,EXECUTE,29647,CYCLES,BACKEND,SUB-EVENT,_Mul_13:OpId_176 (cycles)
5379024620,EXECUTE,406098,CYCLES,BACKEND,SUB-EVENT,_MatMul_8:OpId_179 (cycles)
5379024620,EXECUTE,0,CYCLES,BACKEND,SUB-EVENT,_MatMul_8_post_reshape:OpId_182 (cycles)
5379024620,EXECUTE,0,CYCLES,BACKEND,SUB-EVENT,_MatMul_8_output_0_nfc:OpId_184 (cycles)
5379024620,EXECUTE,14922,CYCLES,BACKEND,SUB-EVENT,_Add_9:OpId_186 (cycles)
5379024620,EXECUTE,17470,CYCLES,BACKEND,SUB-EVENT,Output OpId_3 (cycles)
5379024620,EXECUTE,4577,US,BACKEND,ROOT,Accelerator (execute) time
5379024620,EXECUTE,4449,US,BACKEND,ROOT,Accelerator (execute excluding wait) time
5379024620,EXECUTE,11597,US,BACKEND,ROOT,QNN (execute) time
5379040095,EXECUTE,13605,US,NETRUN,ROOT,Graph 0: qwen2_0_5b_layer0_decode_past128_grouped_gqa_delta_kv
5379040095,EXECUTE,4,COUNT,BACKEND,ROOT,Number of HVX threads used
5379040095,EXECUTE,12567,US,BACKEND,ROOT,RPC (execute) time
5379040095,EXECUTE,10003,US,BACKEND,ROOT,QNN accelerator (execute) time
5379040095,EXECUTE,0,COUNT,BACKEND,ROOT,Num times yield occured
5379040095,EXECUTE,600,US,BACKEND,ROOT,Time for initial VTCM acquire
5379040095,EXECUTE,270,US,BACKEND,ROOT,Time for HVX + HMX power on and acquire
5379040095,EXECUTE,2229862,CYCLES,BACKEND,ROOT,Accelerator (execute) time (cycles)
5379040095,EXECUTE,54809,CYCLES,BACKEND,SUB-EVENT,Input OpId_2 (cycles)
5379040095,EXECUTE,25244,CYCLES,BACKEND,SUB-EVENT,hidden_states_ncf:OpId_17 (cycles)
5379040095,EXECUTE,33309,CYCLES,BACKEND,SUB-EVENT,past_value_nchw:OpId_20 (cycles)
5379040095,EXECUTE,5835,CYCLES,BACKEND,SUB-EVENT,rms_norm__Mul_1_output_0:OpId_24 (cycles)
5379040095,EXECUTE,45370,CYCLES,BACKEND,SUB-EVENT,_MatMul:OpId_29 (cycles)
5379040095,EXECUTE,0,CYCLES,BACKEND,SUB-EVENT,_MatMul_post_reshape:OpId_31 (cycles)
5379040095,EXECUTE,5750,CYCLES,BACKEND,SUB-EVENT,_MatMul_1:OpId_34 (cycles)
5379040095,EXECUTE,5281,CYCLES,BACKEND,SUB-EVENT,_MatMul_1_post_reshape:OpId_36 (cycles)
5379040095,EXECUTE,2935,CYCLES,BACKEND,SUB-EVENT,_MatMul_2:OpId_39 (cycles)
5379040095,EXECUTE,3533,CYCLES,BACKEND,SUB-EVENT,_MatMul_2_post_reshape:OpId_41 (cycles)
5379040095,EXECUTE,558,CYCLES,BACKEND,SUB-EVENT,_Transpose:OpId_43 (cycles)
5379040095,EXECUTE,11708,CYCLES,BACKEND,SUB-EVENT,_Transpose_1:OpId_45 (cycles)
5379040095,EXECUTE,11460,CYCLES,BACKEND,SUB-EVENT,_Transpose_2:OpId_47 (cycles)
5379040095,EXECUTE,25176,CYCLES,BACKEND,SUB-EVENT,_Slice:OpId_49 (cycles)
5379040095,EXECUTE,6803,CYCLES,BACKEND,SUB-EVENT,_Slice_1:OpId_55 (cycles)
5379040095,EXECUTE,1520,CYCLES,BACKEND,SUB-EVENT,_Mul_2:OpId_61 (cycles)
5379040095,EXECUTE,1319,CYCLES,BACKEND,SUB-EVENT,_Mul_3:OpId_64 (cycles)
5379040095,EXECUTE,232,CYCLES,BACKEND,SUB-EVENT,_Sub:OpId_66 (cycles)
5379040095,EXECUTE,1803,CYCLES,BACKEND,SUB-EVENT,_Mul_4:OpId_68 (cycles)
5379040095,EXECUTE,1267,CYCLES,BACKEND,SUB-EVENT,_Mul_5:OpId_70 (cycles)
5379040095,EXECUTE,5009,CYCLES,BACKEND,SUB-EVENT,_Add_4:OpId_72 (cycles)
5379040095,EXECUTE,0,CYCLES,BACKEND,SUB-EVENT,_Unsqueeze:OpId_74 (cycles)
5379040095,EXECUTE,0,CYCLES,BACKEND,SUB-EVENT,_Unsqueeze_1:OpId_75 (cycles)
5379040095,EXECUTE,897,CYCLES,BACKEND,SUB-EVENT,_Concat:OpId_76 (cycles)
5379040095,EXECUTE,549,CYCLES,BACKEND,SUB-EVENT,_Reshape_3:OpId_78 (cycles)
5379040095,EXECUTE,26940,CYCLES,BACKEND,SUB-EVENT,_Slice_3:OpId_80 (cycles)
5379040095,EXECUTE,6114,CYCLES,BACKEND,SUB-EVENT,_Slice_4:OpId_86 (cycles)
5379040095,EXECUTE,6967,CYCLES,BACKEND,SUB-EVENT,_Mul_6:OpId_91 (cycles)
5379040095,EXECUTE,3399,CYCLES,BACKEND,SUB-EVENT,_Mul_7:OpId_93 (cycles)
5379040095,EXECUTE,860,CYCLES,BACKEND,SUB-EVENT,_Sub_1:OpId_95 (cycles)
5379040095,EXECUTE,5774,CYCLES,BACKEND,SUB-EVENT,_Mul_8:OpId_97 (cycles)
5379040095,EXECUTE,2629,CYCLES,BACKEND,SUB-EVENT,_Mul_9:OpId_99 (cycles)
5379040095,EXECUTE,1372,CYCLES,BACKEND,SUB-EVENT,_Add_5:OpId_101 (cycles)
5379040095,EXECUTE,0,CYCLES,BACKEND,SUB-EVENT,_Unsqueeze_2:OpId_103 (cycles)
5379040095,EXECUTE,0,CYCLES,BACKEND,SUB-EVENT,_Unsqueeze_3:OpId_104 (cycles)
5379040095,EXECUTE,3078,CYCLES,BACKEND,SUB-EVENT,_Concat_2:OpId_105 (cycles)
5379040095,EXECUTE,0,CYCLES,BACKEND,SUB-EVENT,_Reshape_4:OpId_107 (cycles)
5379040095,EXECUTE,1188,CYCLES,BACKEND,SUB-EVENT,current_key_nhwc:OpId_109 (cycles)
5379040095,EXECUTE,3268,CYCLES,BACKEND,SUB-EVENT,_Concat_4:OpId_110 (cycles)
5379040095,EXECUTE,367875,CYCLES,BACKEND,SUB-EVENT,_Concat_4_output_0_nchw:OpId_113 (cycles)
5379040095,EXECUTE,2025,CYCLES,BACKEND,SUB-EVENT,_Concat_5:OpId_114 (cycles)
5379040095,EXECUTE,0,CYCLES,BACKEND,SUB-EVENT,_Unsqueeze_4:OpId_116 (cycles)
5379040095,EXECUTE,34904,CYCLES,BACKEND,SUB-EVENT,_MatMul_3:OpId_117 (cycles)
5379040095,EXECUTE,7169,CYCLES,BACKEND,SUB-EVENT,_Div_1:OpId_122 (cycles)
5379040095,EXECUTE,0,CYCLES,BACKEND,SUB-EVENT,_Add_6:OpId_125 (cycles)
5379040095,EXECUTE,23598,CYCLES,BACKEND,SUB-EVENT,_Softmax:OpId_127 (cycles)
5379040095,EXECUTE,0,CYCLES,BACKEND,SUB-EVENT,_Unsqueeze_5:OpId_130 (cycles)
5379040095,EXECUTE,34882,CYCLES,BACKEND,SUB-EVENT,_MatMul_4:OpId_131 (cycles)
5379040095,EXECUTE,0,CYCLES,BACKEND,SUB-EVENT,_Reshape_6:OpId_135 (cycles)
5379040095,EXECUTE,0,CYCLES,BACKEND,SUB-EVENT,_Transpose_4:OpId_137 (cycles)
5379040095,EXECUTE,59865,CYCLES,BACKEND,SUB-EVENT,_MatMul_5:OpId_139 (cycles)
5379040095,EXECUTE,0,CYCLES,BACKEND,SUB-EVENT,_MatMul_5_post_reshape:OpId_142 (cycles)
5379040095,EXECUTE,0,CYCLES,BACKEND,SUB-EVENT,_MatMul_5_output_0_nfc:OpId_144 (cycles)
5379040095,EXECUTE,160668,CYCLES,BACKEND,SUB-EVENT,_Add_7:OpId_146 (cycles)
5379040095,EXECUTE,275,CYCLES,BACKEND,SUB-EVENT,_Add_7_output_0_ncf:OpId_149 (cycles)
5379040095,EXECUTE,3432,CYCLES,BACKEND,SUB-EVENT,rms_norm__Mul_11_output_0:OpId_154 (cycles)
5379040095,EXECUTE,0,CYCLES,BACKEND,SUB-EVENT,_MatMul_6:OpId_158 (cycles)
5379040095,EXECUTE,0,CYCLES,BACKEND,SUB-EVENT,_MatMul_6_post_reshape:OpId_161 (cycles)
5379040095,EXECUTE,434448,CYCLES,BACKEND,SUB-EVENT,_MatMul_7:OpId_163 (cycles)
5379040095,EXECUTE,0,CYCLES,BACKEND,SUB-EVENT,_MatMul_7_post_reshape:OpId_166 (cycles)
5379040095,EXECUTE,0,CYCLES,BACKEND,SUB-EVENT,_Sigmoid:OpId_167 (cycles)
5379040095,EXECUTE,343969,CYCLES,BACKEND,SUB-EVENT,_Mul_12:OpId_174 (cycles)
5379040095,EXECUTE,26250,CYCLES,BACKEND,SUB-EVENT,_Mul_13:OpId_176 (cycles)
5379040095,EXECUTE,399837,CYCLES,BACKEND,SUB-EVENT,_MatMul_8:OpId_179 (cycles)
5379040095,EXECUTE,0,CYCLES,BACKEND,SUB-EVENT,_MatMul_8_post_reshape:OpId_182 (cycles)
5379040095,EXECUTE,0,CYCLES,BACKEND,SUB-EVENT,_MatMul_8_output_0_nfc:OpId_184 (cycles)
5379040095,EXECUTE,14985,CYCLES,BACKEND,SUB-EVENT,_Add_9:OpId_186 (cycles)
5379040095,EXECUTE,3724,CYCLES,BACKEND,SUB-EVENT,Output OpId_3 (cycles)
5379040095,EXECUTE,4975,US,BACKEND,ROOT,Accelerator (execute) time
5379040095,EXECUTE,4838,US,BACKEND,ROOT,Accelerator (execute excluding wait) time
5379040095,EXECUTE,13566,US,BACKEND,ROOT,QNN (execute) time
5379059543,EXECUTE,17327,US,NETRUN,ROOT,Graph 0: qwen2_0_5b_layer0_decode_past128_grouped_gqa_delta_kv
5379059543,EXECUTE,4,COUNT,BACKEND,ROOT,Number of HVX threads used
5379059543,EXECUTE,15177,US,BACKEND,ROOT,RPC (execute) time
5379059543,EXECUTE,9631,US,BACKEND,ROOT,QNN accelerator (execute) time
5379059543,EXECUTE,0,COUNT,BACKEND,ROOT,Num times yield occured
5379059543,EXECUTE,574,US,BACKEND,ROOT,Time for initial VTCM acquire
5379059543,EXECUTE,315,US,BACKEND,ROOT,Time for HVX + HMX power on and acquire
5379059543,EXECUTE,2310333,CYCLES,BACKEND,ROOT,Accelerator (execute) time (cycles)
5379059543,EXECUTE,70296,CYCLES,BACKEND,SUB-EVENT,Input OpId_2 (cycles)
5379059543,EXECUTE,29632,CYCLES,BACKEND,SUB-EVENT,hidden_states_ncf:OpId_17 (cycles)
5379059543,EXECUTE,32008,CYCLES,BACKEND,SUB-EVENT,past_value_nchw:OpId_20 (cycles)
5379059543,EXECUTE,21271,CYCLES,BACKEND,SUB-EVENT,rms_norm__Mul_1_output_0:OpId_24 (cycles)
5379059543,EXECUTE,53261,CYCLES,BACKEND,SUB-EVENT,_MatMul:OpId_29 (cycles)
5379059543,EXECUTE,0,CYCLES,BACKEND,SUB-EVENT,_MatMul_post_reshape:OpId_31 (cycles)
5379059543,EXECUTE,16213,CYCLES,BACKEND,SUB-EVENT,_MatMul_1:OpId_34 (cycles)
5379059543,EXECUTE,33736,CYCLES,BACKEND,SUB-EVENT,_MatMul_1_post_reshape:OpId_36 (cycles)
5379059543,EXECUTE,3063,CYCLES,BACKEND,SUB-EVENT,_MatMul_2:OpId_39 (cycles)
5379059543,EXECUTE,32084,CYCLES,BACKEND,SUB-EVENT,_MatMul_2_post_reshape:OpId_41 (cycles)
5379059543,EXECUTE,491,CYCLES,BACKEND,SUB-EVENT,_Transpose:OpId_43 (cycles)
5379059543,EXECUTE,3903,CYCLES,BACKEND,SUB-EVENT,_Transpose_1:OpId_45 (cycles)
5379059543,EXECUTE,3710,CYCLES,BACKEND,SUB-EVENT,_Transpose_2:OpId_47 (cycles)
5379059543,EXECUTE,39075,CYCLES,BACKEND,SUB-EVENT,_Slice:OpId_49 (cycles)
5379059543,EXECUTE,12851,CYCLES,BACKEND,SUB-EVENT,_Slice_1:OpId_55 (cycles)
5379059543,EXECUTE,2715,CYCLES,BACKEND,SUB-EVENT,_Mul_2:OpId_61 (cycles)
5379059543,EXECUTE,1171,CYCLES,BACKEND,SUB-EVENT,_Mul_3:OpId_64 (cycles)
5379059543,EXECUTE,260,CYCLES,BACKEND,SUB-EVENT,_Sub:OpId_66 (cycles)
5379059543,EXECUTE,3498,CYCLES,BACKEND,SUB-EVENT,_Mul_4:OpId_68 (cycles)
5379059543,EXECUTE,1605,CYCLES,BACKEND,SUB-EVENT,_Mul_5:OpId_70 (cycles)
5379059543,EXECUTE,7765,CYCLES,BACKEND,SUB-EVENT,_Add_4:OpId_72 (cycles)
5379059543,EXECUTE,0,CYCLES,BACKEND,SUB-EVENT,_Unsqueeze:OpId_74 (cycles)
5379059543,EXECUTE,0,CYCLES,BACKEND,SUB-EVENT,_Unsqueeze_1:OpId_75 (cycles)
5379059543,EXECUTE,862,CYCLES,BACKEND,SUB-EVENT,_Concat:OpId_76 (cycles)
5379059543,EXECUTE,589,CYCLES,BACKEND,SUB-EVENT,_Reshape_3:OpId_78 (cycles)
5379059543,EXECUTE,71574,CYCLES,BACKEND,SUB-EVENT,_Slice_3:OpId_80 (cycles)
5379059543,EXECUTE,10803,CYCLES,BACKEND,SUB-EVENT,_Slice_4:OpId_86 (cycles)
5379059543,EXECUTE,31403,CYCLES,BACKEND,SUB-EVENT,_Mul_6:OpId_91 (cycles)
5379059543,EXECUTE,22881,CYCLES,BACKEND,SUB-EVENT,_Mul_7:OpId_93 (cycles)
5379059543,EXECUTE,4839,CYCLES,BACKEND,SUB-EVENT,_Sub_1:OpId_95 (cycles)
5379059543,EXECUTE,28096,CYCLES,BACKEND,SUB-EVENT,_Mul_8:OpId_97 (cycles)
5379059543,EXECUTE,22818,CYCLES,BACKEND,SUB-EVENT,_Mul_9:OpId_99 (cycles)
5379059543,EXECUTE,5357,CYCLES,BACKEND,SUB-EVENT,_Add_5:OpId_101 (cycles)
5379059543,EXECUTE,0,CYCLES,BACKEND,SUB-EVENT,_Unsqueeze_2:OpId_103 (cycles)
5379059543,EXECUTE,0,CYCLES,BACKEND,SUB-EVENT,_Unsqueeze_3:OpId_104 (cycles)
5379059543,EXECUTE,16729,CYCLES,BACKEND,SUB-EVENT,_Concat_2:OpId_105 (cycles)
5379059543,EXECUTE,0,CYCLES,BACKEND,SUB-EVENT,_Reshape_4:OpId_107 (cycles)
5379059543,EXECUTE,4762,CYCLES,BACKEND,SUB-EVENT,current_key_nhwc:OpId_109 (cycles)
5379059543,EXECUTE,4325,CYCLES,BACKEND,SUB-EVENT,_Concat_4:OpId_110 (cycles)
5379059543,EXECUTE,380463,CYCLES,BACKEND,SUB-EVENT,_Concat_4_output_0_nchw:OpId_113 (cycles)
5379059543,EXECUTE,1567,CYCLES,BACKEND,SUB-EVENT,_Concat_5:OpId_114 (cycles)
5379059543,EXECUTE,0,CYCLES,BACKEND,SUB-EVENT,_Unsqueeze_4:OpId_116 (cycles)
5379059543,EXECUTE,35052,CYCLES,BACKEND,SUB-EVENT,_MatMul_3:OpId_117 (cycles)
5379059543,EXECUTE,19435,CYCLES,BACKEND,SUB-EVENT,_Div_1:OpId_122 (cycles)
5379059543,EXECUTE,0,CYCLES,BACKEND,SUB-EVENT,_Add_6:OpId_125 (cycles)
5379059543,EXECUTE,23548,CYCLES,BACKEND,SUB-EVENT,_Softmax:OpId_127 (cycles)
5379059543,EXECUTE,0,CYCLES,BACKEND,SUB-EVENT,_Unsqueeze_5:OpId_130 (cycles)
5379059543,EXECUTE,86325,CYCLES,BACKEND,SUB-EVENT,_MatMul_4:OpId_131 (cycles)
5379059543,EXECUTE,0,CYCLES,BACKEND,SUB-EVENT,_Reshape_6:OpId_135 (cycles)
5379059543,EXECUTE,0,CYCLES,BACKEND,SUB-EVENT,_Transpose_4:OpId_137 (cycles)
5379059543,EXECUTE,18660,CYCLES,BACKEND,SUB-EVENT,_MatMul_5:OpId_139 (cycles)
5379059543,EXECUTE,0,CYCLES,BACKEND,SUB-EVENT,_MatMul_5_post_reshape:OpId_142 (cycles)
5379059543,EXECUTE,0,CYCLES,BACKEND,SUB-EVENT,_MatMul_5_output_0_nfc:OpId_144 (cycles)
5379059543,EXECUTE,161255,CYCLES,BACKEND,SUB-EVENT,_Add_7:OpId_146 (cycles)
5379059543,EXECUTE,257,CYCLES,BACKEND,SUB-EVENT,_Add_7_output_0_ncf:OpId_149 (cycles)
5379059543,EXECUTE,3487,CYCLES,BACKEND,SUB-EVENT,rms_norm__Mul_11_output_0:OpId_154 (cycles)
5379059543,EXECUTE,0,CYCLES,BACKEND,SUB-EVENT,_MatMul_6:OpId_158 (cycles)
5379059543,EXECUTE,0,CYCLES,BACKEND,SUB-EVENT,_MatMul_6_post_reshape:OpId_161 (cycles)
5379059543,EXECUTE,297626,CYCLES,BACKEND,SUB-EVENT,_MatMul_7:OpId_163 (cycles)
5379059543,EXECUTE,0,CYCLES,BACKEND,SUB-EVENT,_MatMul_7_post_reshape:OpId_166 (cycles)
5379059543,EXECUTE,0,CYCLES,BACKEND,SUB-EVENT,_Sigmoid:OpId_167 (cycles)
5379059543,EXECUTE,238129,CYCLES,BACKEND,SUB-EVENT,_Mul_12:OpId_174 (cycles)
5379059543,EXECUTE,30814,CYCLES,BACKEND,SUB-EVENT,_Mul_13:OpId_176 (cycles)
5379059543,EXECUTE,398049,CYCLES,BACKEND,SUB-EVENT,_MatMul_8:OpId_179 (cycles)
5379059543,EXECUTE,0,CYCLES,BACKEND,SUB-EVENT,_MatMul_8_post_reshape:OpId_182 (cycles)
5379059543,EXECUTE,0,CYCLES,BACKEND,SUB-EVENT,_MatMul_8_output_0_nfc:OpId_184 (cycles)
5379059543,EXECUTE,14970,CYCLES,BACKEND,SUB-EVENT,_Add_9:OpId_186 (cycles)
5379059543,EXECUTE,7050,CYCLES,BACKEND,SUB-EVENT,Output OpId_3 (cycles)
5379059543,EXECUTE,4615,US,BACKEND,ROOT,Accelerator (execute) time
5379059543,EXECUTE,4483,US,BACKEND,ROOT,Accelerator (execute excluding wait) time
5379059543,EXECUTE,17251,US,BACKEND,ROOT,QNN (execute) time
5379074537,EXECUTE,12061,US,NETRUN,ROOT,Graph 0: qwen2_0_5b_layer0_decode_past128_grouped_gqa_delta_kv
5379074537,EXECUTE,4,COUNT,BACKEND,ROOT,Number of HVX threads used
5379074537,EXECUTE,10777,US,BACKEND,ROOT,RPC (execute) time
5379074537,EXECUTE,9590,US,BACKEND,ROOT,QNN accelerator (execute) time
5379074537,EXECUTE,0,COUNT,BACKEND,ROOT,Num times yield occured
5379074537,EXECUTE,609,US,BACKEND,ROOT,Time for initial VTCM acquire
5379074537,EXECUTE,285,US,BACKEND,ROOT,Time for HVX + HMX power on and acquire
5379074537,EXECUTE,2275129,CYCLES,BACKEND,ROOT,Accelerator (execute) time (cycles)
5379074537,EXECUTE,77751,CYCLES,BACKEND,SUB-EVENT,Input OpId_2 (cycles)
5379074537,EXECUTE,33261,CYCLES,BACKEND,SUB-EVENT,hidden_states_ncf:OpId_17 (cycles)
5379074537,EXECUTE,25781,CYCLES,BACKEND,SUB-EVENT,past_value_nchw:OpId_20 (cycles)
5379074537,EXECUTE,24879,CYCLES,BACKEND,SUB-EVENT,rms_norm__Mul_1_output_0:OpId_24 (cycles)
5379074537,EXECUTE,43065,CYCLES,BACKEND,SUB-EVENT,_MatMul:OpId_29 (cycles)
5379074537,EXECUTE,0,CYCLES,BACKEND,SUB-EVENT,_MatMul_post_reshape:OpId_31 (cycles)
5379074537,EXECUTE,19446,CYCLES,BACKEND,SUB-EVENT,_MatMul_1:OpId_34 (cycles)
5379074537,EXECUTE,28093,CYCLES,BACKEND,SUB-EVENT,_MatMul_1_post_reshape:OpId_36 (cycles)
5379074537,EXECUTE,2873,CYCLES,BACKEND,SUB-EVENT,_MatMul_2:OpId_39 (cycles)
5379074537,EXECUTE,26345,CYCLES,BACKEND,SUB-EVENT,_MatMul_2_post_reshape:OpId_41 (cycles)
5379074537,EXECUTE,486,CYCLES,BACKEND,SUB-EVENT,_Transpose:OpId_43 (cycles)
5379074537,EXECUTE,3368,CYCLES,BACKEND,SUB-EVENT,_Transpose_1:OpId_45 (cycles)
5379074537,EXECUTE,3098,CYCLES,BACKEND,SUB-EVENT,_Transpose_2:OpId_47 (cycles)
5379074537,EXECUTE,40212,CYCLES,BACKEND,SUB-EVENT,_Slice:OpId_49 (cycles)
5379074537,EXECUTE,7855,CYCLES,BACKEND,SUB-EVENT,_Slice_1:OpId_55 (cycles)
5379074537,EXECUTE,2637,CYCLES,BACKEND,SUB-EVENT,_Mul_2:OpId_61 (cycles)
5379074537,EXECUTE,1271,CYCLES,BACKEND,SUB-EVENT,_Mul_3:OpId_64 (cycles)
5379074537,EXECUTE,250,CYCLES,BACKEND,SUB-EVENT,_Sub:OpId_66 (cycles)
5379074537,EXECUTE,4239,CYCLES,BACKEND,SUB-EVENT,_Mul_4:OpId_68 (cycles)
5379074537,EXECUTE,1336,CYCLES,BACKEND,SUB-EVENT,_Mul_5:OpId_70 (cycles)
5379074537,EXECUTE,4863,CYCLES,BACKEND,SUB-EVENT,_Add_4:OpId_72 (cycles)
5379074537,EXECUTE,0,CYCLES,BACKEND,SUB-EVENT,_Unsqueeze:OpId_74 (cycles)
5379074537,EXECUTE,0,CYCLES,BACKEND,SUB-EVENT,_Unsqueeze_1:OpId_75 (cycles)
5379074537,EXECUTE,832,CYCLES,BACKEND,SUB-EVENT,_Concat:OpId_76 (cycles)
5379074537,EXECUTE,578,CYCLES,BACKEND,SUB-EVENT,_Reshape_3:OpId_78 (cycles)
5379074537,EXECUTE,55766,CYCLES,BACKEND,SUB-EVENT,_Slice_3:OpId_80 (cycles)
5379074537,EXECUTE,14098,CYCLES,BACKEND,SUB-EVENT,_Slice_4:OpId_86 (cycles)
5379074537,EXECUTE,30224,CYCLES,BACKEND,SUB-EVENT,_Mul_6:OpId_91 (cycles)
5379074537,EXECUTE,27334,CYCLES,BACKEND,SUB-EVENT,_Mul_7:OpId_93 (cycles)
5379074537,EXECUTE,6425,CYCLES,BACKEND,SUB-EVENT,_Sub_1:OpId_95 (cycles)
5379074537,EXECUTE,27638,CYCLES,BACKEND,SUB-EVENT,_Mul_8:OpId_97 (cycles)
5379074537,EXECUTE,26681,CYCLES,BACKEND,SUB-EVENT,_Mul_9:OpId_99 (cycles)
5379074537,EXECUTE,6094,CYCLES,BACKEND,SUB-EVENT,_Add_5:OpId_101 (cycles)
5379074537,EXECUTE,0,CYCLES,BACKEND,SUB-EVENT,_Unsqueeze_2:OpId_103 (cycles)
5379074537,EXECUTE,0,CYCLES,BACKEND,SUB-EVENT,_Unsqueeze_3:OpId_104 (cycles)
5379074537,EXECUTE,15848,CYCLES,BACKEND,SUB-EVENT,_Concat_2:OpId_105 (cycles)
5379074537,EXECUTE,0,CYCLES,BACKEND,SUB-EVENT,_Reshape_4:OpId_107 (cycles)
5379074537,EXECUTE,4909,CYCLES,BACKEND,SUB-EVENT,current_key_nhwc:OpId_109 (cycles)
5379074537,EXECUTE,4330,CYCLES,BACKEND,SUB-EVENT,_Concat_4:OpId_110 (cycles)
5379074537,EXECUTE,372315,CYCLES,BACKEND,SUB-EVENT,_Concat_4_output_0_nchw:OpId_113 (cycles)
5379074537,EXECUTE,9729,CYCLES,BACKEND,SUB-EVENT,_Concat_5:OpId_114 (cycles)
5379074537,EXECUTE,0,CYCLES,BACKEND,SUB-EVENT,_Unsqueeze_4:OpId_116 (cycles)
5379074537,EXECUTE,34745,CYCLES,BACKEND,SUB-EVENT,_MatMul_3:OpId_117 (cycles)
5379074537,EXECUTE,17240,CYCLES,BACKEND,SUB-EVENT,_Div_1:OpId_122 (cycles)
5379074537,EXECUTE,0,CYCLES,BACKEND,SUB-EVENT,_Add_6:OpId_125 (cycles)
5379074537,EXECUTE,23623,CYCLES,BACKEND,SUB-EVENT,_Softmax:OpId_127 (cycles)
5379074537,EXECUTE,0,CYCLES,BACKEND,SUB-EVENT,_Unsqueeze_5:OpId_130 (cycles)
5379074537,EXECUTE,60744,CYCLES,BACKEND,SUB-EVENT,_MatMul_4:OpId_131 (cycles)
5379074537,EXECUTE,0,CYCLES,BACKEND,SUB-EVENT,_Reshape_6:OpId_135 (cycles)
5379074537,EXECUTE,0,CYCLES,BACKEND,SUB-EVENT,_Transpose_4:OpId_137 (cycles)
5379074537,EXECUTE,19104,CYCLES,BACKEND,SUB-EVENT,_MatMul_5:OpId_139 (cycles)
5379074537,EXECUTE,0,CYCLES,BACKEND,SUB-EVENT,_MatMul_5_post_reshape:OpId_142 (cycles)
5379074537,EXECUTE,0,CYCLES,BACKEND,SUB-EVENT,_MatMul_5_output_0_nfc:OpId_144 (cycles)
5379074537,EXECUTE,167222,CYCLES,BACKEND,SUB-EVENT,_Add_7:OpId_146 (cycles)
5379074537,EXECUTE,286,CYCLES,BACKEND,SUB-EVENT,_Add_7_output_0_ncf:OpId_149 (cycles)
5379074537,EXECUTE,3531,CYCLES,BACKEND,SUB-EVENT,rms_norm__Mul_11_output_0:OpId_154 (cycles)
5379074537,EXECUTE,0,CYCLES,BACKEND,SUB-EVENT,_MatMul_6:OpId_158 (cycles)
5379074537,EXECUTE,0,CYCLES,BACKEND,SUB-EVENT,_MatMul_6_post_reshape:OpId_161 (cycles)
5379074537,EXECUTE,303134,CYCLES,BACKEND,SUB-EVENT,_MatMul_7:OpId_163 (cycles)
5379074537,EXECUTE,0,CYCLES,BACKEND,SUB-EVENT,_MatMul_7_post_reshape:OpId_166 (cycles)
5379074537,EXECUTE,0,CYCLES,BACKEND,SUB-EVENT,_Sigmoid:OpId_167 (cycles)
5379074537,EXECUTE,239923,CYCLES,BACKEND,SUB-EVENT,_Mul_12:OpId_174 (cycles)
5379074537,EXECUTE,28995,CYCLES,BACKEND,SUB-EVENT,_Mul_13:OpId_176 (cycles)
5379074537,EXECUTE,401570,CYCLES,BACKEND,SUB-EVENT,_MatMul_8:OpId_179 (cycles)
5379074537,EXECUTE,0,CYCLES,BACKEND,SUB-EVENT,_MatMul_8_post_reshape:OpId_182 (cycles)
5379074537,EXECUTE,0,CYCLES,BACKEND,SUB-EVENT,_MatMul_8_output_0_nfc:OpId_184 (cycles)
5379074537,EXECUTE,14637,CYCLES,BACKEND,SUB-EVENT,_Add_9:OpId_186 (cycles)
5379074537,EXECUTE,6465,CYCLES,BACKEND,SUB-EVENT,Output OpId_3 (cycles)
5379074537,EXECUTE,4588,US,BACKEND,ROOT,Accelerator (execute) time
5379074537,EXECUTE,4453,US,BACKEND,ROOT,Accelerator (execute excluding wait) time
5379074537,EXECUTE,12009,US,BACKEND,ROOT,QNN (execute) time
5379089503,EXECUTE,12048,US,NETRUN,ROOT,Graph 0: qwen2_0_5b_layer0_decode_past128_grouped_gqa_delta_kv
5379089503,EXECUTE,4,COUNT,BACKEND,ROOT,Number of HVX threads used
5379089503,EXECUTE,10906,US,BACKEND,ROOT,RPC (execute) time
5379089503,EXECUTE,9548,US,BACKEND,ROOT,QNN accelerator (execute) time
5379089503,EXECUTE,0,COUNT,BACKEND,ROOT,Num times yield occured
5379089503,EXECUTE,695,US,BACKEND,ROOT,Time for initial VTCM acquire
5379089503,EXECUTE,278,US,BACKEND,ROOT,Time for HVX + HMX power on and acquire
5379089503,EXECUTE,2248308,CYCLES,BACKEND,ROOT,Accelerator (execute) time (cycles)
5379089503,EXECUTE,66704,CYCLES,BACKEND,SUB-EVENT,Input OpId_2 (cycles)
5379089503,EXECUTE,35167,CYCLES,BACKEND,SUB-EVENT,hidden_states_ncf:OpId_17 (cycles)
5379089503,EXECUTE,31476,CYCLES,BACKEND,SUB-EVENT,past_value_nchw:OpId_20 (cycles)
5379089503,EXECUTE,20659,CYCLES,BACKEND,SUB-EVENT,rms_norm__Mul_1_output_0:OpId_24 (cycles)
5379089503,EXECUTE,37318,CYCLES,BACKEND,SUB-EVENT,_MatMul:OpId_29 (cycles)
5379089503,EXECUTE,0,CYCLES,BACKEND,SUB-EVENT,_MatMul_post_reshape:OpId_31 (cycles)
5379089503,EXECUTE,17322,CYCLES,BACKEND,SUB-EVENT,_MatMul_1:OpId_34 (cycles)
5379089503,EXECUTE,32379,CYCLES,BACKEND,SUB-EVENT,_MatMul_1_post_reshape:OpId_36 (cycles)
5379089503,EXECUTE,4666,CYCLES,BACKEND,SUB-EVENT,_MatMul_2:OpId_39 (cycles)
5379089503,EXECUTE,30596,CYCLES,BACKEND,SUB-EVENT,_MatMul_2_post_reshape:OpId_41 (cycles)
5379089503,EXECUTE,463,CYCLES,BACKEND,SUB-EVENT,_Transpose:OpId_43 (cycles)
5379089503,EXECUTE,3476,CYCLES,BACKEND,SUB-EVENT,_Transpose_1:OpId_45 (cycles)
5379089503,EXECUTE,3220,CYCLES,BACKEND,SUB-EVENT,_Transpose_2:OpId_47 (cycles)
5379089503,EXECUTE,47190,CYCLES,BACKEND,SUB-EVENT,_Slice:OpId_49 (cycles)
5379089503,EXECUTE,15896,CYCLES,BACKEND,SUB-EVENT,_Slice_1:OpId_55 (cycles)
5379089503,EXECUTE,3662,CYCLES,BACKEND,SUB-EVENT,_Mul_2:OpId_61 (cycles)
5379089503,EXECUTE,1354,CYCLES,BACKEND,SUB-EVENT,_Mul_3:OpId_64 (cycles)
5379089503,EXECUTE,245,CYCLES,BACKEND,SUB-EVENT,_Sub:OpId_66 (cycles)
5379089503,EXECUTE,2955,CYCLES,BACKEND,SUB-EVENT,_Mul_4:OpId_68 (cycles)
5379089503,EXECUTE,1205,CYCLES,BACKEND,SUB-EVENT,_Mul_5:OpId_70 (cycles)
5379089503,EXECUTE,10632,CYCLES,BACKEND,SUB-EVENT,_Add_4:OpId_72 (cycles)
5379089503,EXECUTE,0,CYCLES,BACKEND,SUB-EVENT,_Unsqueeze:OpId_74 (cycles)
5379089503,EXECUTE,0,CYCLES,BACKEND,SUB-EVENT,_Unsqueeze_1:OpId_75 (cycles)
5379089503,EXECUTE,793,CYCLES,BACKEND,SUB-EVENT,_Concat:OpId_76 (cycles)
5379089503,EXECUTE,621,CYCLES,BACKEND,SUB-EVENT,_Reshape_3:OpId_78 (cycles)
5379089503,EXECUTE,60231,CYCLES,BACKEND,SUB-EVENT,_Slice_3:OpId_80 (cycles)
5379089503,EXECUTE,10863,CYCLES,BACKEND,SUB-EVENT,_Slice_4:OpId_86 (cycles)
5379089503,EXECUTE,28834,CYCLES,BACKEND,SUB-EVENT,_Mul_6:OpId_91 (cycles)
5379089503,EXECUTE,25992,CYCLES,BACKEND,SUB-EVENT,_Mul_7:OpId_93 (cycles)
5379089503,EXECUTE,7727,CYCLES,BACKEND,SUB-EVENT,_Sub_1:OpId_95 (cycles)
5379089503,EXECUTE,28686,CYCLES,BACKEND,SUB-EVENT,_Mul_8:OpId_97 (cycles)
5379089503,EXECUTE,25760,CYCLES,BACKEND,SUB-EVENT,_Mul_9:OpId_99 (cycles)
5379089503,EXECUTE,3804,CYCLES,BACKEND,SUB-EVENT,_Add_5:OpId_101 (cycles)
5379089503,EXECUTE,0,CYCLES,BACKEND,SUB-EVENT,_Unsqueeze_2:OpId_103 (cycles)
5379089503,EXECUTE,0,CYCLES,BACKEND,SUB-EVENT,_Unsqueeze_3:OpId_104 (cycles)
5379089503,EXECUTE,14098,CYCLES,BACKEND,SUB-EVENT,_Concat_2:OpId_105 (cycles)
5379089503,EXECUTE,0,CYCLES,BACKEND,SUB-EVENT,_Reshape_4:OpId_107 (cycles)
5379089503,EXECUTE,6366,CYCLES,BACKEND,SUB-EVENT,current_key_nhwc:OpId_109 (cycles)
5379089503,EXECUTE,4891,CYCLES,BACKEND,SUB-EVENT,_Concat_4:OpId_110 (cycles)
5379089503,EXECUTE,354214,CYCLES,BACKEND,SUB-EVENT,_Concat_4_output_0_nchw:OpId_113 (cycles)
5379089503,EXECUTE,2238,CYCLES,BACKEND,SUB-EVENT,_Concat_5:OpId_114 (cycles)
5379089503,EXECUTE,0,CYCLES,BACKEND,SUB-EVENT,_Unsqueeze_4:OpId_116 (cycles)
5379089503,EXECUTE,35178,CYCLES,BACKEND,SUB-EVENT,_MatMul_3:OpId_117 (cycles)
5379089503,EXECUTE,16862,CYCLES,BACKEND,SUB-EVENT,_Div_1:OpId_122 (cycles)
5379089503,EXECUTE,0,CYCLES,BACKEND,SUB-EVENT,_Add_6:OpId_125 (cycles)
5379089503,EXECUTE,21668,CYCLES,BACKEND,SUB-EVENT,_Softmax:OpId_127 (cycles)
5379089503,EXECUTE,0,CYCLES,BACKEND,SUB-EVENT,_Unsqueeze_5:OpId_130 (cycles)
5379089503,EXECUTE,60943,CYCLES,BACKEND,SUB-EVENT,_MatMul_4:OpId_131 (cycles)
5379089503,EXECUTE,0,CYCLES,BACKEND,SUB-EVENT,_Reshape_6:OpId_135 (cycles)
5379089503,EXECUTE,0,CYCLES,BACKEND,SUB-EVENT,_Transpose_4:OpId_137 (cycles)
5379089503,EXECUTE,16997,CYCLES,BACKEND,SUB-EVENT,_MatMul_5:OpId_139 (cycles)
5379089503,EXECUTE,0,CYCLES,BACKEND,SUB-EVENT,_MatMul_5_post_reshape:OpId_142 (cycles)
5379089503,EXECUTE,0,CYCLES,BACKEND,SUB-EVENT,_MatMul_5_output_0_nfc:OpId_144 (cycles)
5379089503,EXECUTE,161687,CYCLES,BACKEND,SUB-EVENT,_Add_7:OpId_146 (cycles)
5379089503,EXECUTE,286,CYCLES,BACKEND,SUB-EVENT,_Add_7_output_0_ncf:OpId_149 (cycles)
5379089503,EXECUTE,3500,CYCLES,BACKEND,SUB-EVENT,rms_norm__Mul_11_output_0:OpId_154 (cycles)
5379089503,EXECUTE,0,CYCLES,BACKEND,SUB-EVENT,_MatMul_6:OpId_158 (cycles)
5379089503,EXECUTE,0,CYCLES,BACKEND,SUB-EVENT,_MatMul_6_post_reshape:OpId_161 (cycles)
5379089503,EXECUTE,294999,CYCLES,BACKEND,SUB-EVENT,_MatMul_7:OpId_163 (cycles)
5379089503,EXECUTE,0,CYCLES,BACKEND,SUB-EVENT,_MatMul_7_post_reshape:OpId_166 (cycles)
5379089503,EXECUTE,0,CYCLES,BACKEND,SUB-EVENT,_Sigmoid:OpId_167 (cycles)
5379089503,EXECUTE,247108,CYCLES,BACKEND,SUB-EVENT,_Mul_12:OpId_174 (cycles)
5379089503,EXECUTE,26309,CYCLES,BACKEND,SUB-EVENT,_Mul_13:OpId_176 (cycles)
5379089503,EXECUTE,399287,CYCLES,BACKEND,SUB-EVENT,_MatMul_8:OpId_179 (cycles)
5379089503,EXECUTE,0,CYCLES,BACKEND,SUB-EVENT,_MatMul_8_post_reshape:OpId_182 (cycles)
5379089503,EXECUTE,0,CYCLES,BACKEND,SUB-EVENT,_MatMul_8_output_0_nfc:OpId_184 (cycles)
5379089503,EXECUTE,14680,CYCLES,BACKEND,SUB-EVENT,_Add_9:OpId_186 (cycles)
5379089503,EXECUTE,7101,CYCLES,BACKEND,SUB-EVENT,Output OpId_3 (cycles)
5379089503,EXECUTE,4517,US,BACKEND,ROOT,Accelerator (execute) time
5379089503,EXECUTE,4382,US,BACKEND,ROOT,Accelerator (execute excluding wait) time
5379089503,EXECUTE,12016,US,BACKEND,ROOT,QNN (execute) time
5379102824,EXECUTE,11564,US,NETRUN,ROOT,Graph 0: qwen2_0_5b_layer0_decode_past128_grouped_gqa_delta_kv
5379102824,EXECUTE,4,COUNT,BACKEND,ROOT,Number of HVX threads used
5379102824,EXECUTE,10530,US,BACKEND,ROOT,RPC (execute) time
5379102824,EXECUTE,9307,US,BACKEND,ROOT,QNN accelerator (execute) time
5379102824,EXECUTE,0,COUNT,BACKEND,ROOT,Num times yield occured
5379102824,EXECUTE,575,US,BACKEND,ROOT,Time for initial VTCM acquire
5379102824,EXECUTE,241,US,BACKEND,ROOT,Time for HVX + HMX power on and acquire
5379102824,EXECUTE,2222121,CYCLES,BACKEND,ROOT,Accelerator (execute) time (cycles)
5379102824,EXECUTE,63170,CYCLES,BACKEND,SUB-EVENT,Input OpId_2 (cycles)
5379102824,EXECUTE,25659,CYCLES,BACKEND,SUB-EVENT,hidden_states_ncf:OpId_17 (cycles)
5379102824,EXECUTE,36296,CYCLES,BACKEND,SUB-EVENT,past_value_nchw:OpId_20 (cycles)
5379102824,EXECUTE,16448,CYCLES,BACKEND,SUB-EVENT,rms_norm__Mul_1_output_0:OpId_24 (cycles)
5379102824,EXECUTE,66900,CYCLES,BACKEND,SUB-EVENT,_MatMul:OpId_29 (cycles)
5379102824,EXECUTE,0,CYCLES,BACKEND,SUB-EVENT,_MatMul_post_reshape:OpId_31 (cycles)
5379102824,EXECUTE,12979,CYCLES,BACKEND,SUB-EVENT,_MatMul_1:OpId_34 (cycles)
5379102824,EXECUTE,27364,CYCLES,BACKEND,SUB-EVENT,_MatMul_1_post_reshape:OpId_36 (cycles)
5379102824,EXECUTE,2995,CYCLES,BACKEND,SUB-EVENT,_MatMul_2:OpId_39 (cycles)
5379102824,EXECUTE,25765,CYCLES,BACKEND,SUB-EVENT,_MatMul_2_post_reshape:OpId_41 (cycles)
5379102824,EXECUTE,466,CYCLES,BACKEND,SUB-EVENT,_Transpose:OpId_43 (cycles)
5379102824,EXECUTE,6705,CYCLES,BACKEND,SUB-EVENT,_Transpose_1:OpId_45 (cycles)
5379102824,EXECUTE,6532,CYCLES,BACKEND,SUB-EVENT,_Transpose_2:OpId_47 (cycles)
5379102824,EXECUTE,54426,CYCLES,BACKEND,SUB-EVENT,_Slice:OpId_49 (cycles)
5379102824,EXECUTE,18985,CYCLES,BACKEND,SUB-EVENT,_Slice_1:OpId_55 (cycles)
5379102824,EXECUTE,3297,CYCLES,BACKEND,SUB-EVENT,_Mul_2:OpId_61 (cycles)
5379102824,EXECUTE,1313,CYCLES,BACKEND,SUB-EVENT,_Mul_3:OpId_64 (cycles)
5379102824,EXECUTE,257,CYCLES,BACKEND,SUB-EVENT,_Sub:OpId_66 (cycles)
5379102824,EXECUTE,7975,CYCLES,BACKEND,SUB-EVENT,_Mul_4:OpId_68 (cycles)
5379102824,EXECUTE,1338,CYCLES,BACKEND,SUB-EVENT,_Mul_5:OpId_70 (cycles)
5379102824,EXECUTE,5711,CYCLES,BACKEND,SUB-EVENT,_Add_4:OpId_72 (cycles)
5379102824,EXECUTE,0,CYCLES,BACKEND,SUB-EVENT,_Unsqueeze:OpId_74 (cycles)
5379102824,EXECUTE,0,CYCLES,BACKEND,SUB-EVENT,_Unsqueeze_1:OpId_75 (cycles)
5379102824,EXECUTE,906,CYCLES,BACKEND,SUB-EVENT,_Concat:OpId_76 (cycles)
5379102824,EXECUTE,588,CYCLES,BACKEND,SUB-EVENT,_Reshape_3:OpId_78 (cycles)
5379102824,EXECUTE,62045,CYCLES,BACKEND,SUB-EVENT,_Slice_3:OpId_80 (cycles)
5379102824,EXECUTE,10718,CYCLES,BACKEND,SUB-EVENT,_Slice_4:OpId_86 (cycles)
5379102824,EXECUTE,21760,CYCLES,BACKEND,SUB-EVENT,_Mul_6:OpId_91 (cycles)
5379102824,EXECUTE,20141,CYCLES,BACKEND,SUB-EVENT,_Mul_7:OpId_93 (cycles)
5379102824,EXECUTE,4774,CYCLES,BACKEND,SUB-EVENT,_Sub_1:OpId_95 (cycles)
5379102824,EXECUTE,20177,CYCLES,BACKEND,SUB-EVENT,_Mul_8:OpId_97 (cycles)
5379102824,EXECUTE,17359,CYCLES,BACKEND,SUB-EVENT,_Mul_9:OpId_99 (cycles)
5379102824,EXECUTE,3930,CYCLES,BACKEND,SUB-EVENT,_Add_5:OpId_101 (cycles)
5379102824,EXECUTE,0,CYCLES,BACKEND,SUB-EVENT,_Unsqueeze_2:OpId_103 (cycles)
5379102824,EXECUTE,0,CYCLES,BACKEND,SUB-EVENT,_Unsqueeze_3:OpId_104 (cycles)
5379102824,EXECUTE,8608,CYCLES,BACKEND,SUB-EVENT,_Concat_2:OpId_105 (cycles)
5379102824,EXECUTE,0,CYCLES,BACKEND,SUB-EVENT,_Reshape_4:OpId_107 (cycles)
5379102824,EXECUTE,4497,CYCLES,BACKEND,SUB-EVENT,current_key_nhwc:OpId_109 (cycles)
5379102824,EXECUTE,4521,CYCLES,BACKEND,SUB-EVENT,_Concat_4:OpId_110 (cycles)
5379102824,EXECUTE,379127,CYCLES,BACKEND,SUB-EVENT,_Concat_4_output_0_nchw:OpId_113 (cycles)
5379102824,EXECUTE,2088,CYCLES,BACKEND,SUB-EVENT,_Concat_5:OpId_114 (cycles)
5379102824,EXECUTE,0,CYCLES,BACKEND,SUB-EVENT,_Unsqueeze_4:OpId_116 (cycles)
5379102824,EXECUTE,32541,CYCLES,BACKEND,SUB-EVENT,_MatMul_3:OpId_117 (cycles)
5379102824,EXECUTE,16370,CYCLES,BACKEND,SUB-EVENT,_Div_1:OpId_122 (cycles)
5379102824,EXECUTE,0,CYCLES,BACKEND,SUB-EVENT,_Add_6:OpId_125 (cycles)
5379102824,EXECUTE,19805,CYCLES,BACKEND,SUB-EVENT,_Softmax:OpId_127 (cycles)
5379102824,EXECUTE,0,CYCLES,BACKEND,SUB-EVENT,_Unsqueeze_5:OpId_130 (cycles)
5379102824,EXECUTE,64146,CYCLES,BACKEND,SUB-EVENT,_MatMul_4:OpId_131 (cycles)
5379102824,EXECUTE,0,CYCLES,BACKEND,SUB-EVENT,_Reshape_6:OpId_135 (cycles)
5379102824,EXECUTE,0,CYCLES,BACKEND,SUB-EVENT,_Transpose_4:OpId_137 (cycles)
5379102824,EXECUTE,17390,CYCLES,BACKEND,SUB-EVENT,_MatMul_5:OpId_139 (cycles)
5379102824,EXECUTE,0,CYCLES,BACKEND,SUB-EVENT,_MatMul_5_post_reshape:OpId_142 (cycles)
5379102824,EXECUTE,0,CYCLES,BACKEND,SUB-EVENT,_MatMul_5_output_0_nfc:OpId_144 (cycles)
5379102824,EXECUTE,107024,CYCLES,BACKEND,SUB-EVENT,_Add_7:OpId_146 (cycles)
5379102824,EXECUTE,246,CYCLES,BACKEND,SUB-EVENT,_Add_7_output_0_ncf:OpId_149 (cycles)
5379102824,EXECUTE,3015,CYCLES,BACKEND,SUB-EVENT,rms_norm__Mul_11_output_0:OpId_154 (cycles)
5379102824,EXECUTE,0,CYCLES,BACKEND,SUB-EVENT,_MatMul_6:OpId_158 (cycles)
5379102824,EXECUTE,0,CYCLES,BACKEND,SUB-EVENT,_MatMul_6_post_reshape:OpId_161 (cycles)
5379102824,EXECUTE,312853,CYCLES,BACKEND,SUB-EVENT,_MatMul_7:OpId_163 (cycles)
5379102824,EXECUTE,0,CYCLES,BACKEND,SUB-EVENT,_MatMul_7_post_reshape:OpId_166 (cycles)
5379102824,EXECUTE,0,CYCLES,BACKEND,SUB-EVENT,_Sigmoid:OpId_167 (cycles)
5379102824,EXECUTE,244733,CYCLES,BACKEND,SUB-EVENT,_Mul_12:OpId_174 (cycles)
5379102824,EXECUTE,25854,CYCLES,BACKEND,SUB-EVENT,_Mul_13:OpId_176 (cycles)
5379102824,EXECUTE,405312,CYCLES,BACKEND,SUB-EVENT,_MatMul_8:OpId_179 (cycles)
5379102824,EXECUTE,0,CYCLES,BACKEND,SUB-EVENT,_MatMul_8_post_reshape:OpId_182 (cycles)
5379102824,EXECUTE,0,CYCLES,BACKEND,SUB-EVENT,_MatMul_8_output_0_nfc:OpId_184 (cycles)
5379102824,EXECUTE,14439,CYCLES,BACKEND,SUB-EVENT,_Add_9:OpId_186 (cycles)
5379102824,EXECUTE,12573,CYCLES,BACKEND,SUB-EVENT,Output OpId_3 (cycles)
5379102824,EXECUTE,4508,US,BACKEND,ROOT,Accelerator (execute) time
5379102824,EXECUTE,4382,US,BACKEND,ROOT,Accelerator (execute excluding wait) time
5379102824,EXECUTE,11528,US,BACKEND,ROOT,QNN (execute) time
5379121895,EXECUTE,16224,US,NETRUN,ROOT,Graph 0: qwen2_0_5b_layer0_decode_past128_grouped_gqa_delta_kv
5379121895,EXECUTE,4,COUNT,BACKEND,ROOT,Number of HVX threads used
5379121895,EXECUTE,14874,US,BACKEND,ROOT,RPC (execute) time
5379121895,EXECUTE,9508,US,BACKEND,ROOT,QNN accelerator (execute) time
5379121895,EXECUTE,0,COUNT,BACKEND,ROOT,Num times yield occured
5379121895,EXECUTE,601,US,BACKEND,ROOT,Time for initial VTCM acquire
5379121895,EXECUTE,315,US,BACKEND,ROOT,Time for HVX + HMX power on and acquire
5379121895,EXECUTE,2292264,CYCLES,BACKEND,ROOT,Accelerator (execute) time (cycles)
5379121895,EXECUTE,30612,CYCLES,BACKEND,SUB-EVENT,Input OpId_2 (cycles)
5379121895,EXECUTE,7622,CYCLES,BACKEND,SUB-EVENT,hidden_states_ncf:OpId_17 (cycles)
5379121895,EXECUTE,40760,CYCLES,BACKEND,SUB-EVENT,past_value_nchw:OpId_20 (cycles)
5379121895,EXECUTE,7013,CYCLES,BACKEND,SUB-EVENT,rms_norm__Mul_1_output_0:OpId_24 (cycles)
5379121895,EXECUTE,128501,CYCLES,BACKEND,SUB-EVENT,_MatMul:OpId_29 (cycles)
5379121895,EXECUTE,0,CYCLES,BACKEND,SUB-EVENT,_MatMul_post_reshape:OpId_31 (cycles)
5379121895,EXECUTE,15157,CYCLES,BACKEND,SUB-EVENT,_MatMul_1:OpId_34 (cycles)
5379121895,EXECUTE,29318,CYCLES,BACKEND,SUB-EVENT,_MatMul_1_post_reshape:OpId_36 (cycles)
5379121895,EXECUTE,1905,CYCLES,BACKEND,SUB-EVENT,_MatMul_2:OpId_39 (cycles)
5379121895,EXECUTE,27661,CYCLES,BACKEND,SUB-EVENT,_MatMul_2_post_reshape:OpId_41 (cycles)
5379121895,EXECUTE,496,CYCLES,BACKEND,SUB-EVENT,_Transpose:OpId_43 (cycles)
5379121895,EXECUTE,6445,CYCLES,BACKEND,SUB-EVENT,_Transpose_1:OpId_45 (cycles)
5379121895,EXECUTE,6179,CYCLES,BACKEND,SUB-EVENT,_Transpose_2:OpId_47 (cycles)
5379121895,EXECUTE,69501,CYCLES,BACKEND,SUB-EVENT,_Slice:OpId_49 (cycles)
5379121895,EXECUTE,13079,CYCLES,BACKEND,SUB-EVENT,_Slice_1:OpId_55 (cycles)
5379121895,EXECUTE,3118,CYCLES,BACKEND,SUB-EVENT,_Mul_2:OpId_61 (cycles)
5379121895,EXECUTE,1229,CYCLES,BACKEND,SUB-EVENT,_Mul_3:OpId_64 (cycles)
5379121895,EXECUTE,254,CYCLES,BACKEND,SUB-EVENT,_Sub:OpId_66 (cycles)
5379121895,EXECUTE,2750,CYCLES,BACKEND,SUB-EVENT,_Mul_4:OpId_68 (cycles)
5379121895,EXECUTE,1308,CYCLES,BACKEND,SUB-EVENT,_Mul_5:OpId_70 (cycles)
5379121895,EXECUTE,2731,CYCLES,BACKEND,SUB-EVENT,_Add_4:OpId_72 (cycles)
5379121895,EXECUTE,0,CYCLES,BACKEND,SUB-EVENT,_Unsqueeze:OpId_74 (cycles)
5379121895,EXECUTE,0,CYCLES,BACKEND,SUB-EVENT,_Unsqueeze_1:OpId_75 (cycles)
5379121895,EXECUTE,757,CYCLES,BACKEND,SUB-EVENT,_Concat:OpId_76 (cycles)
5379121895,EXECUTE,610,CYCLES,BACKEND,SUB-EVENT,_Reshape_3:OpId_78 (cycles)
5379121895,EXECUTE,114351,CYCLES,BACKEND,SUB-EVENT,_Slice_3:OpId_80 (cycles)
5379121895,EXECUTE,10025,CYCLES,BACKEND,SUB-EVENT,_Slice_4:OpId_86 (cycles)
5379121895,EXECUTE,28138,CYCLES,BACKEND,SUB-EVENT,_Mul_6:OpId_91 (cycles)
5379121895,EXECUTE,24161,CYCLES,BACKEND,SUB-EVENT,_Mul_7:OpId_93 (cycles)
5379121895,EXECUTE,5912,CYCLES,BACKEND,SUB-EVENT,_Sub_1:OpId_95 (cycles)
5379121895,EXECUTE,27730,CYCLES,BACKEND,SUB-EVENT,_Mul_8:OpId_97 (cycles)
5379121895,EXECUTE,23871,CYCLES,BACKEND,SUB-EVENT,_Mul_9:OpId_99 (cycles)
5379121895,EXECUTE,6491,CYCLES,BACKEND,SUB-EVENT,_Add_5:OpId_101 (cycles)
5379121895,EXECUTE,0,CYCLES,BACKEND,SUB-EVENT,_Unsqueeze_2:OpId_103 (cycles)
5379121895,EXECUTE,0,CYCLES,BACKEND,SUB-EVENT,_Unsqueeze_3:OpId_104 (cycles)
5379121895,EXECUTE,11929,CYCLES,BACKEND,SUB-EVENT,_Concat_2:OpId_105 (cycles)
5379121895,EXECUTE,0,CYCLES,BACKEND,SUB-EVENT,_Reshape_4:OpId_107 (cycles)
5379121895,EXECUTE,4047,CYCLES,BACKEND,SUB-EVENT,current_key_nhwc:OpId_109 (cycles)
5379121895,EXECUTE,4345,CYCLES,BACKEND,SUB-EVENT,_Concat_4:OpId_110 (cycles)
5379121895,EXECUTE,348962,CYCLES,BACKEND,SUB-EVENT,_Concat_4_output_0_nchw:OpId_113 (cycles)
5379121895,EXECUTE,7815,CYCLES,BACKEND,SUB-EVENT,_Concat_5:OpId_114 (cycles)
5379121895,EXECUTE,0,CYCLES,BACKEND,SUB-EVENT,_Unsqueeze_4:OpId_116 (cycles)
5379121895,EXECUTE,33017,CYCLES,BACKEND,SUB-EVENT,_MatMul_3:OpId_117 (cycles)
5379121895,EXECUTE,16495,CYCLES,BACKEND,SUB-EVENT,_Div_1:OpId_122 (cycles)
5379121895,EXECUTE,0,CYCLES,BACKEND,SUB-EVENT,_Add_6:OpId_125 (cycles)
5379121895,EXECUTE,21052,CYCLES,BACKEND,SUB-EVENT,_Softmax:OpId_127 (cycles)
5379121895,EXECUTE,0,CYCLES,BACKEND,SUB-EVENT,_Unsqueeze_5:OpId_130 (cycles)
5379121895,EXECUTE,68669,CYCLES,BACKEND,SUB-EVENT,_MatMul_4:OpId_131 (cycles)
5379121895,EXECUTE,0,CYCLES,BACKEND,SUB-EVENT,_Reshape_6:OpId_135 (cycles)
5379121895,EXECUTE,0,CYCLES,BACKEND,SUB-EVENT,_Transpose_4:OpId_137 (cycles)
5379121895,EXECUTE,15778,CYCLES,BACKEND,SUB-EVENT,_MatMul_5:OpId_139 (cycles)
5379121895,EXECUTE,0,CYCLES,BACKEND,SUB-EVENT,_MatMul_5_post_reshape:OpId_142 (cycles)
5379121895,EXECUTE,0,CYCLES,BACKEND,SUB-EVENT,_MatMul_5_output_0_nfc:OpId_144 (cycles)
5379121895,EXECUTE,132542,CYCLES,BACKEND,SUB-EVENT,_Add_7:OpId_146 (cycles)
5379121895,EXECUTE,295,CYCLES,BACKEND,SUB-EVENT,_Add_7_output_0_ncf:OpId_149 (cycles)
5379121895,EXECUTE,2490,CYCLES,BACKEND,SUB-EVENT,rms_norm__Mul_11_output_0:OpId_154 (cycles)
5379121895,EXECUTE,0,CYCLES,BACKEND,SUB-EVENT,_MatMul_6:OpId_158 (cycles)
5379121895,EXECUTE,0,CYCLES,BACKEND,SUB-EVENT,_MatMul_6_post_reshape:OpId_161 (cycles)
5379121895,EXECUTE,296358,CYCLES,BACKEND,SUB-EVENT,_MatMul_7:OpId_163 (cycles)
5379121895,EXECUTE,0,CYCLES,BACKEND,SUB-EVENT,_MatMul_7_post_reshape:OpId_166 (cycles)
5379121895,EXECUTE,0,CYCLES,BACKEND,SUB-EVENT,_Sigmoid:OpId_167 (cycles)
5379121895,EXECUTE,234203,CYCLES,BACKEND,SUB-EVENT,_Mul_12:OpId_174 (cycles)
5379121895,EXECUTE,26420,CYCLES,BACKEND,SUB-EVENT,_Mul_13:OpId_176 (cycles)
5379121895,EXECUTE,400072,CYCLES,BACKEND,SUB-EVENT,_MatMul_8:OpId_179 (cycles)
5379121895,EXECUTE,0,CYCLES,BACKEND,SUB-EVENT,_MatMul_8_post_reshape:OpId_182 (cycles)
5379121895,EXECUTE,0,CYCLES,BACKEND,SUB-EVENT,_MatMul_8_output_0_nfc:OpId_184 (cycles)
5379121895,EXECUTE,14887,CYCLES,BACKEND,SUB-EVENT,_Add_9:OpId_186 (cycles)
5379121895,EXECUTE,15203,CYCLES,BACKEND,SUB-EVENT,Output OpId_3 (cycles)
5379121895,EXECUTE,4516,US,BACKEND,ROOT,Accelerator (execute) time
5379121895,EXECUTE,4380,US,BACKEND,ROOT,Accelerator (execute excluding wait) time
5379121895,EXECUTE,16149,US,BACKEND,ROOT,QNN (execute) time
5379139265,EXECUTE,15475,US,NETRUN,ROOT,Graph 0: qwen2_0_5b_layer0_decode_past128_grouped_gqa_delta_kv
5379139265,EXECUTE,4,COUNT,BACKEND,ROOT,Number of HVX threads used
5379139265,EXECUTE,13821,US,BACKEND,ROOT,RPC (execute) time
5379139265,EXECUTE,9331,US,BACKEND,ROOT,QNN accelerator (execute) time
5379139265,EXECUTE,0,COUNT,BACKEND,ROOT,Num times yield occured
5379139265,EXECUTE,585,US,BACKEND,ROOT,Time for initial VTCM acquire
5379139265,EXECUTE,293,US,BACKEND,ROOT,Time for HVX + HMX power on and acquire
5379139265,EXECUTE,2406310,CYCLES,BACKEND,ROOT,Accelerator (execute) time (cycles)
5379139265,EXECUTE,70551,CYCLES,BACKEND,SUB-EVENT,Input OpId_2 (cycles)
5379139265,EXECUTE,32132,CYCLES,BACKEND,SUB-EVENT,hidden_states_ncf:OpId_17 (cycles)
5379139265,EXECUTE,65996,CYCLES,BACKEND,SUB-EVENT,past_value_nchw:OpId_20 (cycles)
5379139265,EXECUTE,5260,CYCLES,BACKEND,SUB-EVENT,rms_norm__Mul_1_output_0:OpId_24 (cycles)
5379139265,EXECUTE,54169,CYCLES,BACKEND,SUB-EVENT,_MatMul:OpId_29 (cycles)
5379139265,EXECUTE,0,CYCLES,BACKEND,SUB-EVENT,_MatMul_post_reshape:OpId_31 (cycles)
5379139265,EXECUTE,5766,CYCLES,BACKEND,SUB-EVENT,_MatMul_1:OpId_34 (cycles)
5379139265,EXECUTE,7394,CYCLES,BACKEND,SUB-EVENT,_MatMul_1_post_reshape:OpId_36 (cycles)
5379139265,EXECUTE,4393,CYCLES,BACKEND,SUB-EVENT,_MatMul_2:OpId_39 (cycles)
5379139265,EXECUTE,5631,CYCLES,BACKEND,SUB-EVENT,_MatMul_2_post_reshape:OpId_41 (cycles)
5379139265,EXECUTE,466,CYCLES,BACKEND,SUB-EVENT,_Transpose:OpId_43 (cycles)
5379139265,EXECUTE,6032,CYCLES,BACKEND,SUB-EVENT,_Transpose_1:OpId_45 (cycles)
5379139265,EXECUTE,5841,CYCLES,BACKEND,SUB-EVENT,_Transpose_2:OpId_47 (cycles)
5379139265,EXECUTE,86313,CYCLES,BACKEND,SUB-EVENT,_Slice:OpId_49 (cycles)
5379139265,EXECUTE,23027,CYCLES,BACKEND,SUB-EVENT,_Slice_1:OpId_55 (cycles)
5379139265,EXECUTE,3010,CYCLES,BACKEND,SUB-EVENT,_Mul_2:OpId_61 (cycles)
5379139265,EXECUTE,1190,CYCLES,BACKEND,SUB-EVENT,_Mul_3:OpId_64 (cycles)
5379139265,EXECUTE,255,CYCLES,BACKEND,SUB-EVENT,_Sub:OpId_66 (cycles)
5379139265,EXECUTE,2885,CYCLES,BACKEND,SUB-EVENT,_Mul_4:OpId_68 (cycles)
5379139265,EXECUTE,1340,CYCLES,BACKEND,SUB-EVENT,_Mul_5:OpId_70 (cycles)
5379139265,EXECUTE,4859,CYCLES,BACKEND,SUB-EVENT,_Add_4:OpId_72 (cycles)
5379139265,EXECUTE,0,CYCLES,BACKEND,SUB-EVENT,_Unsqueeze:OpId_74 (cycles)
5379139265,EXECUTE,0,CYCLES,BACKEND,SUB-EVENT,_Unsqueeze_1:OpId_75 (cycles)
5379139265,EXECUTE,917,CYCLES,BACKEND,SUB-EVENT,_Concat:OpId_76 (cycles)
5379139265,EXECUTE,599,CYCLES,BACKEND,SUB-EVENT,_Reshape_3:OpId_78 (cycles)
5379139265,EXECUTE,144806,CYCLES,BACKEND,SUB-EVENT,_Slice_3:OpId_80 (cycles)
5379139265,EXECUTE,27349,CYCLES,BACKEND,SUB-EVENT,_Slice_4:OpId_86 (cycles)
5379139265,EXECUTE,34916,CYCLES,BACKEND,SUB-EVENT,_Mul_6:OpId_91 (cycles)
5379139265,EXECUTE,31591,CYCLES,BACKEND,SUB-EVENT,_Mul_7:OpId_93 (cycles)
5379139265,EXECUTE,4922,CYCLES,BACKEND,SUB-EVENT,_Sub_1:OpId_95 (cycles)
5379139265,EXECUTE,34518,CYCLES,BACKEND,SUB-EVENT,_Mul_8:OpId_97 (cycles)
5379139265,EXECUTE,30223,CYCLES,BACKEND,SUB-EVENT,_Mul_9:OpId_99 (cycles)
5379139265,EXECUTE,6545,CYCLES,BACKEND,SUB-EVENT,_Add_5:OpId_101 (cycles)
5379139265,EXECUTE,0,CYCLES,BACKEND,SUB-EVENT,_Unsqueeze_2:OpId_103 (cycles)
5379139265,EXECUTE,0,CYCLES,BACKEND,SUB-EVENT,_Unsqueeze_3:OpId_104 (cycles)
5379139265,EXECUTE,12533,CYCLES,BACKEND,SUB-EVENT,_Concat_2:OpId_105 (cycles)
5379139265,EXECUTE,0,CYCLES,BACKEND,SUB-EVENT,_Reshape_4:OpId_107 (cycles)
5379139265,EXECUTE,4915,CYCLES,BACKEND,SUB-EVENT,current_key_nhwc:OpId_109 (cycles)
5379139265,EXECUTE,4967,CYCLES,BACKEND,SUB-EVENT,_Concat_4:OpId_110 (cycles)
5379139265,EXECUTE,374520,CYCLES,BACKEND,SUB-EVENT,_Concat_4_output_0_nchw:OpId_113 (cycles)
5379139265,EXECUTE,4877,CYCLES,BACKEND,SUB-EVENT,_Concat_5:OpId_114 (cycles)
5379139265,EXECUTE,0,CYCLES,BACKEND,SUB-EVENT,_Unsqueeze_4:OpId_116 (cycles)
5379139265,EXECUTE,34447,CYCLES,BACKEND,SUB-EVENT,_MatMul_3:OpId_117 (cycles)
5379139265,EXECUTE,17504,CYCLES,BACKEND,SUB-EVENT,_Div_1:OpId_122 (cycles)
5379139265,EXECUTE,0,CYCLES,BACKEND,SUB-EVENT,_Add_6:OpId_125 (cycles)
5379139265,EXECUTE,21554,CYCLES,BACKEND,SUB-EVENT,_Softmax:OpId_127 (cycles)
5379139265,EXECUTE,0,CYCLES,BACKEND,SUB-EVENT,_Unsqueeze_5:OpId_130 (cycles)
5379139265,EXECUTE,76428,CYCLES,BACKEND,SUB-EVENT,_MatMul_4:OpId_131 (cycles)
5379139265,EXECUTE,0,CYCLES,BACKEND,SUB-EVENT,_Reshape_6:OpId_135 (cycles)
5379139265,EXECUTE,0,CYCLES,BACKEND,SUB-EVENT,_Transpose_4:OpId_137 (cycles)
5379139265,EXECUTE,18494,CYCLES,BACKEND,SUB-EVENT,_MatMul_5:OpId_139 (cycles)
5379139265,EXECUTE,0,CYCLES,BACKEND,SUB-EVENT,_MatMul_5_post_reshape:OpId_142 (cycles)
5379139265,EXECUTE,0,CYCLES,BACKEND,SUB-EVENT,_MatMul_5_output_0_nfc:OpId_144 (cycles)
5379139265,EXECUTE,145358,CYCLES,BACKEND,SUB-EVENT,_Add_7:OpId_146 (cycles)
5379139265,EXECUTE,267,CYCLES,BACKEND,SUB-EVENT,_Add_7_output_0_ncf:OpId_149 (cycles)
5379139265,EXECUTE,3481,CYCLES,BACKEND,SUB-EVENT,rms_norm__Mul_11_output_0:OpId_154 (cycles)
5379139265,EXECUTE,0,CYCLES,BACKEND,SUB-EVENT,_MatMul_6:OpId_158 (cycles)
5379139265,EXECUTE,0,CYCLES,BACKEND,SUB-EVENT,_MatMul_6_post_reshape:OpId_161 (cycles)
5379139265,EXECUTE,299256,CYCLES,BACKEND,SUB-EVENT,_MatMul_7:OpId_163 (cycles)
5379139265,EXECUTE,0,CYCLES,BACKEND,SUB-EVENT,_MatMul_7_post_reshape:OpId_166 (cycles)
5379139265,EXECUTE,0,CYCLES,BACKEND,SUB-EVENT,_Sigmoid:OpId_167 (cycles)
5379139265,EXECUTE,230542,CYCLES,BACKEND,SUB-EVENT,_Mul_12:OpId_174 (cycles)
5379139265,EXECUTE,27348,CYCLES,BACKEND,SUB-EVENT,_Mul_13:OpId_176 (cycles)
5379139265,EXECUTE,399976,CYCLES,BACKEND,SUB-EVENT,_MatMul_8:OpId_179 (cycles)
5379139265,EXECUTE,0,CYCLES,BACKEND,SUB-EVENT,_MatMul_8_post_reshape:OpId_182 (cycles)
5379139265,EXECUTE,0,CYCLES,BACKEND,SUB-EVENT,_MatMul_8_output_0_nfc:OpId_184 (cycles)
5379139265,EXECUTE,15464,CYCLES,BACKEND,SUB-EVENT,_Add_9:OpId_186 (cycles)
5379139265,EXECUTE,11483,CYCLES,BACKEND,SUB-EVENT,Output OpId_3 (cycles)
5379139265,EXECUTE,4629,US,BACKEND,ROOT,Accelerator (execute) time
5379139265,EXECUTE,4492,US,BACKEND,ROOT,Accelerator (execute excluding wait) time
5379139265,EXECUTE,15426,US,BACKEND,ROOT,QNN (execute) time
5379153895,EXECUTE,12693,US,NETRUN,ROOT,Graph 0: qwen2_0_5b_layer0_decode_past128_grouped_gqa_delta_kv
5379153895,EXECUTE,4,COUNT,BACKEND,ROOT,Number of HVX threads used
5379153895,EXECUTE,11238,US,BACKEND,ROOT,RPC (execute) time
5379153895,EXECUTE,9952,US,BACKEND,ROOT,QNN accelerator (execute) time
5379153895,EXECUTE,0,COUNT,BACKEND,ROOT,Num times yield occured
5379153895,EXECUTE,613,US,BACKEND,ROOT,Time for initial VTCM acquire
5379153895,EXECUTE,298,US,BACKEND,ROOT,Time for HVX + HMX power on and acquire
5379153895,EXECUTE,2180032,CYCLES,BACKEND,ROOT,Accelerator (execute) time (cycles)
5379153895,EXECUTE,58315,CYCLES,BACKEND,SUB-EVENT,Input OpId_2 (cycles)
5379153895,EXECUTE,28249,CYCLES,BACKEND,SUB-EVENT,hidden_states_ncf:OpId_17 (cycles)
5379153895,EXECUTE,13341,CYCLES,BACKEND,SUB-EVENT,past_value_nchw:OpId_20 (cycles)
5379153895,EXECUTE,22123,CYCLES,BACKEND,SUB-EVENT,rms_norm__Mul_1_output_0:OpId_24 (cycles)
5379153895,EXECUTE,28086,CYCLES,BACKEND,SUB-EVENT,_MatMul:OpId_29 (cycles)
5379153895,EXECUTE,0,CYCLES,BACKEND,SUB-EVENT,_MatMul_post_reshape:OpId_31 (cycles)
5379153895,EXECUTE,5704,CYCLES,BACKEND,SUB-EVENT,_MatMul_1:OpId_34 (cycles)
5379153895,EXECUTE,6890,CYCLES,BACKEND,SUB-EVENT,_MatMul_1_post_reshape:OpId_36 (cycles)
5379153895,EXECUTE,2980,CYCLES,BACKEND,SUB-EVENT,_MatMul_2:OpId_39 (cycles)
5379153895,EXECUTE,5169,CYCLES,BACKEND,SUB-EVENT,_MatMul_2_post_reshape:OpId_41 (cycles)
5379153895,EXECUTE,468,CYCLES,BACKEND,SUB-EVENT,_Transpose:OpId_43 (cycles)
5379153895,EXECUTE,1169,CYCLES,BACKEND,SUB-EVENT,_Transpose_1:OpId_45 (cycles)
5379153895,EXECUTE,957,CYCLES,BACKEND,SUB-EVENT,_Transpose_2:OpId_47 (cycles)
5379153895,EXECUTE,23705,CYCLES,BACKEND,SUB-EVENT,_Slice:OpId_49 (cycles)
5379153895,EXECUTE,5360,CYCLES,BACKEND,SUB-EVENT,_Slice_1:OpId_55 (cycles)
5379153895,EXECUTE,1668,CYCLES,BACKEND,SUB-EVENT,_Mul_2:OpId_61 (cycles)
5379153895,EXECUTE,1221,CYCLES,BACKEND,SUB-EVENT,_Mul_3:OpId_64 (cycles)
5379153895,EXECUTE,240,CYCLES,BACKEND,SUB-EVENT,_Sub:OpId_66 (cycles)
5379153895,EXECUTE,1837,CYCLES,BACKEND,SUB-EVENT,_Mul_4:OpId_68 (cycles)
5379153895,EXECUTE,1273,CYCLES,BACKEND,SUB-EVENT,_Mul_5:OpId_70 (cycles)
5379153895,EXECUTE,5047,CYCLES,BACKEND,SUB-EVENT,_Add_4:OpId_72 (cycles)
5379153895,EXECUTE,0,CYCLES,BACKEND,SUB-EVENT,_Unsqueeze:OpId_74 (cycles)
5379153895,EXECUTE,0,CYCLES,BACKEND,SUB-EVENT,_Unsqueeze_1:OpId_75 (cycles)
5379153895,EXECUTE,741,CYCLES,BACKEND,SUB-EVENT,_Concat:OpId_76 (cycles)
5379153895,EXECUTE,548,CYCLES,BACKEND,SUB-EVENT,_Reshape_3:OpId_78 (cycles)
5379153895,EXECUTE,25744,CYCLES,BACKEND,SUB-EVENT,_Slice_3:OpId_80 (cycles)
5379153895,EXECUTE,5420,CYCLES,BACKEND,SUB-EVENT,_Slice_4:OpId_86 (cycles)
5379153895,EXECUTE,7254,CYCLES,BACKEND,SUB-EVENT,_Mul_6:OpId_91 (cycles)
5379153895,EXECUTE,3069,CYCLES,BACKEND,SUB-EVENT,_Mul_7:OpId_93 (cycles)
5379153895,EXECUTE,945,CYCLES,BACKEND,SUB-EVENT,_Sub_1:OpId_95 (cycles)
5379153895,EXECUTE,7200,CYCLES,BACKEND,SUB-EVENT,_Mul_8:OpId_97 (cycles)
5379153895,EXECUTE,3010,CYCLES,BACKEND,SUB-EVENT,_Mul_9:OpId_99 (cycles)
5379153895,EXECUTE,1388,CYCLES,BACKEND,SUB-EVENT,_Add_5:OpId_101 (cycles)
5379153895,EXECUTE,0,CYCLES,BACKEND,SUB-EVENT,_Unsqueeze_2:OpId_103 (cycles)
5379153895,EXECUTE,0,CYCLES,BACKEND,SUB-EVENT,_Unsqueeze_3:OpId_104 (cycles)
5379153895,EXECUTE,3464,CYCLES,BACKEND,SUB-EVENT,_Concat_2:OpId_105 (cycles)
5379153895,EXECUTE,0,CYCLES,BACKEND,SUB-EVENT,_Reshape_4:OpId_107 (cycles)
5379153895,EXECUTE,1013,CYCLES,BACKEND,SUB-EVENT,current_key_nhwc:OpId_109 (cycles)
5379153895,EXECUTE,3259,CYCLES,BACKEND,SUB-EVENT,_Concat_4:OpId_110 (cycles)
5379153895,EXECUTE,353619,CYCLES,BACKEND,SUB-EVENT,_Concat_4_output_0_nchw:OpId_113 (cycles)
5379153895,EXECUTE,1680,CYCLES,BACKEND,SUB-EVENT,_Concat_5:OpId_114 (cycles)
5379153895,EXECUTE,0,CYCLES,BACKEND,SUB-EVENT,_Unsqueeze_4:OpId_116 (cycles)
5379153895,EXECUTE,34343,CYCLES,BACKEND,SUB-EVENT,_MatMul_3:OpId_117 (cycles)
5379153895,EXECUTE,6653,CYCLES,BACKEND,SUB-EVENT,_Div_1:OpId_122 (cycles)
5379153895,EXECUTE,0,CYCLES,BACKEND,SUB-EVENT,_Add_6:OpId_125 (cycles)
5379153895,EXECUTE,23053,CYCLES,BACKEND,SUB-EVENT,_Softmax:OpId_127 (cycles)
5379153895,EXECUTE,0,CYCLES,BACKEND,SUB-EVENT,_Unsqueeze_5:OpId_130 (cycles)
5379153895,EXECUTE,35232,CYCLES,BACKEND,SUB-EVENT,_MatMul_4:OpId_131 (cycles)
5379153895,EXECUTE,0,CYCLES,BACKEND,SUB-EVENT,_Reshape_6:OpId_135 (cycles)
5379153895,EXECUTE,0,CYCLES,BACKEND,SUB-EVENT,_Transpose_4:OpId_137 (cycles)
5379153895,EXECUTE,58102,CYCLES,BACKEND,SUB-EVENT,_MatMul_5:OpId_139 (cycles)
5379153895,EXECUTE,0,CYCLES,BACKEND,SUB-EVENT,_MatMul_5_post_reshape:OpId_142 (cycles)
5379153895,EXECUTE,0,CYCLES,BACKEND,SUB-EVENT,_MatMul_5_output_0_nfc:OpId_144 (cycles)
5379153895,EXECUTE,166352,CYCLES,BACKEND,SUB-EVENT,_Add_7:OpId_146 (cycles)
5379153895,EXECUTE,318,CYCLES,BACKEND,SUB-EVENT,_Add_7_output_0_ncf:OpId_149 (cycles)
5379153895,EXECUTE,3441,CYCLES,BACKEND,SUB-EVENT,rms_norm__Mul_11_output_0:OpId_154 (cycles)
5379153895,EXECUTE,0,CYCLES,BACKEND,SUB-EVENT,_MatMul_6:OpId_158 (cycles)
5379153895,EXECUTE,0,CYCLES,BACKEND,SUB-EVENT,_MatMul_6_post_reshape:OpId_161 (cycles)
5379153895,EXECUTE,427658,CYCLES,BACKEND,SUB-EVENT,_MatMul_7:OpId_163 (cycles)
5379153895,EXECUTE,0,CYCLES,BACKEND,SUB-EVENT,_MatMul_7_post_reshape:OpId_166 (cycles)
5379153895,EXECUTE,0,CYCLES,BACKEND,SUB-EVENT,_Sigmoid:OpId_167 (cycles)
5379153895,EXECUTE,352665,CYCLES,BACKEND,SUB-EVENT,_Mul_12:OpId_174 (cycles)
5379153895,EXECUTE,22712,CYCLES,BACKEND,SUB-EVENT,_Mul_13:OpId_176 (cycles)
5379153895,EXECUTE,398720,CYCLES,BACKEND,SUB-EVENT,_MatMul_8:OpId_179 (cycles)
5379153895,EXECUTE,0,CYCLES,BACKEND,SUB-EVENT,_MatMul_8_post_reshape:OpId_182 (cycles)
5379153895,EXECUTE,0,CYCLES,BACKEND,SUB-EVENT,_MatMul_8_output_0_nfc:OpId_184 (cycles)
5379153895,EXECUTE,14857,CYCLES,BACKEND,SUB-EVENT,_Add_9:OpId_186 (cycles)
5379153895,EXECUTE,3770,CYCLES,BACKEND,SUB-EVENT,Output OpId_3 (cycles)
5379153895,EXECUTE,4934,US,BACKEND,ROOT,Accelerator (execute) time
5379153895,EXECUTE,4795,US,BACKEND,ROOT,Accelerator (execute excluding wait) time
5379153895,EXECUTE,12574,US,BACKEND,ROOT,QNN (execute) time
5379167806,EXECUTE,12176,US,NETRUN,ROOT,Graph 0: qwen2_0_5b_layer0_decode_past128_grouped_gqa_delta_kv
5379167806,EXECUTE,4,COUNT,BACKEND,ROOT,Number of HVX threads used
5379167806,EXECUTE,11089,US,BACKEND,ROOT,RPC (execute) time
5379167806,EXECUTE,9803,US,BACKEND,ROOT,QNN accelerator (execute) time
5379167806,EXECUTE,0,COUNT,BACKEND,ROOT,Num times yield occured
5379167806,EXECUTE,637,US,BACKEND,ROOT,Time for initial VTCM acquire
5379167806,EXECUTE,310,US,BACKEND,ROOT,Time for HVX + HMX power on and acquire
5379167806,EXECUTE,2416086,CYCLES,BACKEND,ROOT,Accelerator (execute) time (cycles)
5379167806,EXECUTE,66148,CYCLES,BACKEND,SUB-EVENT,Input OpId_2 (cycles)
5379167806,EXECUTE,40424,CYCLES,BACKEND,SUB-EVENT,hidden_states_ncf:OpId_17 (cycles)
5379167806,EXECUTE,38451,CYCLES,BACKEND,SUB-EVENT,past_value_nchw:OpId_20 (cycles)
5379167806,EXECUTE,22763,CYCLES,BACKEND,SUB-EVENT,rms_norm__Mul_1_output_0:OpId_24 (cycles)
5379167806,EXECUTE,52168,CYCLES,BACKEND,SUB-EVENT,_MatMul:OpId_29 (cycles)
5379167806,EXECUTE,0,CYCLES,BACKEND,SUB-EVENT,_MatMul_post_reshape:OpId_31 (cycles)
5379167806,EXECUTE,13626,CYCLES,BACKEND,SUB-EVENT,_MatMul_1:OpId_34 (cycles)
5379167806,EXECUTE,36520,CYCLES,BACKEND,SUB-EVENT,_MatMul_1_post_reshape:OpId_36 (cycles)
5379167806,EXECUTE,2906,CYCLES,BACKEND,SUB-EVENT,_MatMul_2:OpId_39 (cycles)
5379167806,EXECUTE,34819,CYCLES,BACKEND,SUB-EVENT,_MatMul_2_post_reshape:OpId_41 (cycles)
5379167806,EXECUTE,484,CYCLES,BACKEND,SUB-EVENT,_Transpose:OpId_43 (cycles)
5379167806,EXECUTE,4465,CYCLES,BACKEND,SUB-EVENT,_Transpose_1:OpId_45 (cycles)
5379167806,EXECUTE,4175,CYCLES,BACKEND,SUB-EVENT,_Transpose_2:OpId_47 (cycles)
5379167806,EXECUTE,48826,CYCLES,BACKEND,SUB-EVENT,_Slice:OpId_49 (cycles)
5379167806,EXECUTE,13539,CYCLES,BACKEND,SUB-EVENT,_Slice_1:OpId_55 (cycles)
5379167806,EXECUTE,2681,CYCLES,BACKEND,SUB-EVENT,_Mul_2:OpId_61 (cycles)
5379167806,EXECUTE,1131,CYCLES,BACKEND,SUB-EVENT,_Mul_3:OpId_64 (cycles)
5379167806,EXECUTE,241,CYCLES,BACKEND,SUB-EVENT,_Sub:OpId_66 (cycles)
5379167806,EXECUTE,2882,CYCLES,BACKEND,SUB-EVENT,_Mul_4:OpId_68 (cycles)
5379167806,EXECUTE,1146,CYCLES,BACKEND,SUB-EVENT,_Mul_5:OpId_70 (cycles)
5379167806,EXECUTE,4644,CYCLES,BACKEND,SUB-EVENT,_Add_4:OpId_72 (cycles)
5379167806,EXECUTE,0,CYCLES,BACKEND,SUB-EVENT,_Unsqueeze:OpId_74 (cycles)
5379167806,EXECUTE,0,CYCLES,BACKEND,SUB-EVENT,_Unsqueeze_1:OpId_75 (cycles)
5379167806,EXECUTE,770,CYCLES,BACKEND,SUB-EVENT,_Concat:OpId_76 (cycles)
5379167806,EXECUTE,593,CYCLES,BACKEND,SUB-EVENT,_Reshape_3:OpId_78 (cycles)
5379167806,EXECUTE,90040,CYCLES,BACKEND,SUB-EVENT,_Slice_3:OpId_80 (cycles)
5379167806,EXECUTE,16287,CYCLES,BACKEND,SUB-EVENT,_Slice_4:OpId_86 (cycles)
5379167806,EXECUTE,34715,CYCLES,BACKEND,SUB-EVENT,_Mul_6:OpId_91 (cycles)
5379167806,EXECUTE,25592,CYCLES,BACKEND,SUB-EVENT,_Mul_7:OpId_93 (cycles)
5379167806,EXECUTE,7770,CYCLES,BACKEND,SUB-EVENT,_Sub_1:OpId_95 (cycles)
5379167806,EXECUTE,29558,CYCLES,BACKEND,SUB-EVENT,_Mul_8:OpId_97 (cycles)
5379167806,EXECUTE,25482,CYCLES,BACKEND,SUB-EVENT,_Mul_9:OpId_99 (cycles)
5379167806,EXECUTE,8975,CYCLES,BACKEND,SUB-EVENT,_Add_5:OpId_101 (cycles)
5379167806,EXECUTE,0,CYCLES,BACKEND,SUB-EVENT,_Unsqueeze_2:OpId_103 (cycles)
5379167806,EXECUTE,0,CYCLES,BACKEND,SUB-EVENT,_Unsqueeze_3:OpId_104 (cycles)
5379167806,EXECUTE,20556,CYCLES,BACKEND,SUB-EVENT,_Concat_2:OpId_105 (cycles)
5379167806,EXECUTE,0,CYCLES,BACKEND,SUB-EVENT,_Reshape_4:OpId_107 (cycles)
5379167806,EXECUTE,4578,CYCLES,BACKEND,SUB-EVENT,current_key_nhwc:OpId_109 (cycles)
5379167806,EXECUTE,4554,CYCLES,BACKEND,SUB-EVENT,_Concat_4:OpId_110 (cycles)
5379167806,EXECUTE,407961,CYCLES,BACKEND,SUB-EVENT,_Concat_4_output_0_nchw:OpId_113 (cycles)
5379167806,EXECUTE,6623,CYCLES,BACKEND,SUB-EVENT,_Concat_5:OpId_114 (cycles)
5379167806,EXECUTE,0,CYCLES,BACKEND,SUB-EVENT,_Unsqueeze_4:OpId_116 (cycles)
5379167806,EXECUTE,35193,CYCLES,BACKEND,SUB-EVENT,_MatMul_3:OpId_117 (cycles)
5379167806,EXECUTE,19279,CYCLES,BACKEND,SUB-EVENT,_Div_1:OpId_122 (cycles)
5379167806,EXECUTE,0,CYCLES,BACKEND,SUB-EVENT,_Add_6:OpId_125 (cycles)
5379167806,EXECUTE,22869,CYCLES,BACKEND,SUB-EVENT,_Softmax:OpId_127 (cycles)
5379167806,EXECUTE,0,CYCLES,BACKEND,SUB-EVENT,_Unsqueeze_5:OpId_130 (cycles)
5379167806,EXECUTE,82638,CYCLES,BACKEND,SUB-EVENT,_MatMul_4:OpId_131 (cycles)
5379167806,EXECUTE,0,CYCLES,BACKEND,SUB-EVENT,_Reshape_6:OpId_135 (cycles)
5379167806,EXECUTE,0,CYCLES,BACKEND,SUB-EVENT,_Transpose_4:OpId_137 (cycles)
5379167806,EXECUTE,20632,CYCLES,BACKEND,SUB-EVENT,_MatMul_5:OpId_139 (cycles)
5379167806,EXECUTE,0,CYCLES,BACKEND,SUB-EVENT,_MatMul_5_post_reshape:OpId_142 (cycles)
5379167806,EXECUTE,0,CYCLES,BACKEND,SUB-EVENT,_MatMul_5_output_0_nfc:OpId_144 (cycles)
5379167806,EXECUTE,152646,CYCLES,BACKEND,SUB-EVENT,_Add_7:OpId_146 (cycles)
5379167806,EXECUTE,247,CYCLES,BACKEND,SUB-EVENT,_Add_7_output_0_ncf:OpId_149 (cycles)
5379167806,EXECUTE,3465,CYCLES,BACKEND,SUB-EVENT,rms_norm__Mul_11_output_0:OpId_154 (cycles)
5379167806,EXECUTE,0,CYCLES,BACKEND,SUB-EVENT,_MatMul_6:OpId_158 (cycles)
5379167806,EXECUTE,0,CYCLES,BACKEND,SUB-EVENT,_MatMul_6_post_reshape:OpId_161 (cycles)
5379167806,EXECUTE,308513,CYCLES,BACKEND,SUB-EVENT,_MatMul_7:OpId_163 (cycles)
5379167806,EXECUTE,0,CYCLES,BACKEND,SUB-EVENT,_MatMul_7_post_reshape:OpId_166 (cycles)
5379167806,EXECUTE,0,CYCLES,BACKEND,SUB-EVENT,_Sigmoid:OpId_167 (cycles)
5379167806,EXECUTE,245501,CYCLES,BACKEND,SUB-EVENT,_Mul_12:OpId_174 (cycles)
5379167806,EXECUTE,28643,CYCLES,BACKEND,SUB-EVENT,_Mul_13:OpId_176 (cycles)
5379167806,EXECUTE,399116,CYCLES,BACKEND,SUB-EVENT,_MatMul_8:OpId_179 (cycles)
5379167806,EXECUTE,0,CYCLES,BACKEND,SUB-EVENT,_MatMul_8_post_reshape:OpId_182 (cycles)
5379167806,EXECUTE,0,CYCLES,BACKEND,SUB-EVENT,_MatMul_8_output_0_nfc:OpId_184 (cycles)
5379167806,EXECUTE,14872,CYCLES,BACKEND,SUB-EVENT,_Add_9:OpId_186 (cycles)
5379167806,EXECUTE,6379,CYCLES,BACKEND,SUB-EVENT,Output OpId_3 (cycles)
5379167806,EXECUTE,4731,US,BACKEND,ROOT,Accelerator (execute) time
5379167806,EXECUTE,4593,US,BACKEND,ROOT,Accelerator (execute excluding wait) time
5379167806,EXECUTE,12145,US,BACKEND,ROOT,QNN (execute) time
5379187757,EXECUTE,17824,US,NETRUN,ROOT,Graph 0: qwen2_0_5b_layer0_decode_past128_grouped_gqa_delta_kv
5379187757,EXECUTE,4,COUNT,BACKEND,ROOT,Number of HVX threads used
5379187757,EXECUTE,15103,US,BACKEND,ROOT,RPC (execute) time
5379187757,EXECUTE,9663,US,BACKEND,ROOT,QNN accelerator (execute) time
5379187757,EXECUTE,0,COUNT,BACKEND,ROOT,Num times yield occured
5379187757,EXECUTE,613,US,BACKEND,ROOT,Time for initial VTCM acquire
5379187757,EXECUTE,273,US,BACKEND,ROOT,Time for HVX + HMX power on and acquire
5379187757,EXECUTE,2348104,CYCLES,BACKEND,ROOT,Accelerator (execute) time (cycles)
5379187757,EXECUTE,66125,CYCLES,BACKEND,SUB-EVENT,Input OpId_2 (cycles)
5379187757,EXECUTE,26595,CYCLES,BACKEND,SUB-EVENT,hidden_states_ncf:OpId_17 (cycles)
5379187757,EXECUTE,20818,CYCLES,BACKEND,SUB-EVENT,past_value_nchw:OpId_20 (cycles)
5379187757,EXECUTE,20973,CYCLES,BACKEND,SUB-EVENT,rms_norm__Mul_1_output_0:OpId_24 (cycles)
5379187757,EXECUTE,41750,CYCLES,BACKEND,SUB-EVENT,_MatMul:OpId_29 (cycles)
5379187757,EXECUTE,0,CYCLES,BACKEND,SUB-EVENT,_MatMul_post_reshape:OpId_31 (cycles)
5379187757,EXECUTE,26015,CYCLES,BACKEND,SUB-EVENT,_MatMul_1:OpId_34 (cycles)
5379187757,EXECUTE,34154,CYCLES,BACKEND,SUB-EVENT,_MatMul_1_post_reshape:OpId_36 (cycles)
5379187757,EXECUTE,2837,CYCLES,BACKEND,SUB-EVENT,_MatMul_2:OpId_39 (cycles)
5379187757,EXECUTE,32527,CYCLES,BACKEND,SUB-EVENT,_MatMul_2_post_reshape:OpId_41 (cycles)
5379187757,EXECUTE,490,CYCLES,BACKEND,SUB-EVENT,_Transpose:OpId_43 (cycles)
5379187757,EXECUTE,3198,CYCLES,BACKEND,SUB-EVENT,_Transpose_1:OpId_45 (cycles)
5379187757,EXECUTE,2930,CYCLES,BACKEND,SUB-EVENT,_Transpose_2:OpId_47 (cycles)
5379187757,EXECUTE,48075,CYCLES,BACKEND,SUB-EVENT,_Slice:OpId_49 (cycles)
5379187757,EXECUTE,15656,CYCLES,BACKEND,SUB-EVENT,_Slice_1:OpId_55 (cycles)
5379187757,EXECUTE,5664,CYCLES,BACKEND,SUB-EVENT,_Mul_2:OpId_61 (cycles)
5379187757,EXECUTE,1231,CYCLES,BACKEND,SUB-EVENT,_Mul_3:OpId_64 (cycles)
5379187757,EXECUTE,261,CYCLES,BACKEND,SUB-EVENT,_Sub:OpId_66 (cycles)
5379187757,EXECUTE,2924,CYCLES,BACKEND,SUB-EVENT,_Mul_4:OpId_68 (cycles)
5379187757,EXECUTE,2582,CYCLES,BACKEND,SUB-EVENT,_Mul_5:OpId_70 (cycles)
5379187757,EXECUTE,4546,CYCLES,BACKEND,SUB-EVENT,_Add_4:OpId_72 (cycles)
5379187757,EXECUTE,0,CYCLES,BACKEND,SUB-EVENT,_Unsqueeze:OpId_74 (cycles)
5379187757,EXECUTE,0,CYCLES,BACKEND,SUB-EVENT,_Unsqueeze_1:OpId_75 (cycles)
5379187757,EXECUTE,835,CYCLES,BACKEND,SUB-EVENT,_Concat:OpId_76 (cycles)
5379187757,EXECUTE,557,CYCLES,BACKEND,SUB-EVENT,_Reshape_3:OpId_78 (cycles)
5379187757,EXECUTE,74222,CYCLES,BACKEND,SUB-EVENT,_Slice_3:OpId_80 (cycles)
5379187757,EXECUTE,24244,CYCLES,BACKEND,SUB-EVENT,_Slice_4:OpId_86 (cycles)
5379187757,EXECUTE,28271,CYCLES,BACKEND,SUB-EVENT,_Mul_6:OpId_91 (cycles)
5379187757,EXECUTE,25583,CYCLES,BACKEND,SUB-EVENT,_Mul_7:OpId_93 (cycles)
5379187757,EXECUTE,6140,CYCLES,BACKEND,SUB-EVENT,_Sub_1:OpId_95 (cycles)
5379187757,EXECUTE,28225,CYCLES,BACKEND,SUB-EVENT,_Mul_8:OpId_97 (cycles)
5379187757,EXECUTE,25041,CYCLES,BACKEND,SUB-EVENT,_Mul_9:OpId_99 (cycles)
5379187757,EXECUTE,4247,CYCLES,BACKEND,SUB-EVENT,_Add_5:OpId_101 (cycles)
5379187757,EXECUTE,0,CYCLES,BACKEND,SUB-EVENT,_Unsqueeze_2:OpId_103 (cycles)
5379187757,EXECUTE,0,CYCLES,BACKEND,SUB-EVENT,_Unsqueeze_3:OpId_104 (cycles)
5379187757,EXECUTE,16350,CYCLES,BACKEND,SUB-EVENT,_Concat_2:OpId_105 (cycles)
5379187757,EXECUTE,0,CYCLES,BACKEND,SUB-EVENT,_Reshape_4:OpId_107 (cycles)
5379187757,EXECUTE,4401,CYCLES,BACKEND,SUB-EVENT,current_key_nhwc:OpId_109 (cycles)
5379187757,EXECUTE,4339,CYCLES,BACKEND,SUB-EVENT,_Concat_4:OpId_110 (cycles)
5379187757,EXECUTE,385809,CYCLES,BACKEND,SUB-EVENT,_Concat_4_output_0_nchw:OpId_113 (cycles)
5379187757,EXECUTE,11068,CYCLES,BACKEND,SUB-EVENT,_Concat_5:OpId_114 (cycles)
5379187757,EXECUTE,0,CYCLES,BACKEND,SUB-EVENT,_Unsqueeze_4:OpId_116 (cycles)
5379187757,EXECUTE,35039,CYCLES,BACKEND,SUB-EVENT,_MatMul_3:OpId_117 (cycles)
5379187757,EXECUTE,16307,CYCLES,BACKEND,SUB-EVENT,_Div_1:OpId_122 (cycles)
5379187757,EXECUTE,0,CYCLES,BACKEND,SUB-EVENT,_Add_6:OpId_125 (cycles)
5379187757,EXECUTE,21138,CYCLES,BACKEND,SUB-EVENT,_Softmax:OpId_127 (cycles)
5379187757,EXECUTE,0,CYCLES,BACKEND,SUB-EVENT,_Unsqueeze_5:OpId_130 (cycles)
5379187757,EXECUTE,65163,CYCLES,BACKEND,SUB-EVENT,_MatMul_4:OpId_131 (cycles)
5379187757,EXECUTE,0,CYCLES,BACKEND,SUB-EVENT,_Reshape_6:OpId_135 (cycles)
5379187757,EXECUTE,0,CYCLES,BACKEND,SUB-EVENT,_Transpose_4:OpId_137 (cycles)
5379187757,EXECUTE,21307,CYCLES,BACKEND,SUB-EVENT,_MatMul_5:OpId_139 (cycles)
5379187757,EXECUTE,0,CYCLES,BACKEND,SUB-EVENT,_MatMul_5_post_reshape:OpId_142 (cycles)
5379187757,EXECUTE,0,CYCLES,BACKEND,SUB-EVENT,_MatMul_5_output_0_nfc:OpId_144 (cycles)
5379187757,EXECUTE,166790,CYCLES,BACKEND,SUB-EVENT,_Add_7:OpId_146 (cycles)
5379187757,EXECUTE,278,CYCLES,BACKEND,SUB-EVENT,_Add_7_output_0_ncf:OpId_149 (cycles)
5379187757,EXECUTE,3424,CYCLES,BACKEND,SUB-EVENT,rms_norm__Mul_11_output_0:OpId_154 (cycles)
5379187757,EXECUTE,0,CYCLES,BACKEND,SUB-EVENT,_MatMul_6:OpId_158 (cycles)
5379187757,EXECUTE,0,CYCLES,BACKEND,SUB-EVENT,_MatMul_6_post_reshape:OpId_161 (cycles)
5379187757,EXECUTE,290425,CYCLES,BACKEND,SUB-EVENT,_MatMul_7:OpId_163 (cycles)
5379187757,EXECUTE,0,CYCLES,BACKEND,SUB-EVENT,_MatMul_7_post_reshape:OpId_166 (cycles)
5379187757,EXECUTE,0,CYCLES,BACKEND,SUB-EVENT,_Sigmoid:OpId_167 (cycles)
5379187757,EXECUTE,251705,CYCLES,BACKEND,SUB-EVENT,_Mul_12:OpId_174 (cycles)
5379187757,EXECUTE,26535,CYCLES,BACKEND,SUB-EVENT,_Mul_13:OpId_176 (cycles)
5379187757,EXECUTE,431215,CYCLES,BACKEND,SUB-EVENT,_MatMul_8:OpId_179 (cycles)
5379187757,EXECUTE,0,CYCLES,BACKEND,SUB-EVENT,_MatMul_8_post_reshape:OpId_182 (cycles)
5379187757,EXECUTE,0,CYCLES,BACKEND,SUB-EVENT,_MatMul_8_output_0_nfc:OpId_184 (cycles)
5379187757,EXECUTE,14735,CYCLES,BACKEND,SUB-EVENT,_Add_9:OpId_186 (cycles)
5379187757,EXECUTE,5360,CYCLES,BACKEND,SUB-EVENT,Output OpId_3 (cycles)
5379187757,EXECUTE,4617,US,BACKEND,ROOT,Accelerator (execute) time
5379187757,EXECUTE,4490,US,BACKEND,ROOT,Accelerator (execute excluding wait) time
5379187757,EXECUTE,17750,US,BACKEND,ROOT,QNN (execute) time
5379188741,EXECUTE IPS,66.273003,INF/SEC,NETRUN,ROOT,null
