input log file location, qwen_block_custom_qnn/device_output/decode_delta_baseline_repeat30/qnn-profiling-data_0.log
qnn-profile-viewer version, v2.47.0.260601114230
qnn-net-run version, v2.47.0.260601114230
Backend version, v2.47.0.260601114230
Msg Timestamp, Message, Time, Unit of Measurement, Timing Source, Event Level, Event Identifier
5329113860,INIT,523940,US,NETRUN,ROOT,null
5329313964,COMPOSE GRAPHS,198497,US,NETRUN,ROOT,null
5329640397,FINALIZE,325396,US,NETRUN,ROOT,Graph 0: qwen2_0_5b_layer0_decode_past128_grouped_gqa_delta_kv
5329640397,FINALIZE,6416,US,BACKEND,ROOT,RPC (finalize) time
5329640397,FINALIZE,4755,US,BACKEND,ROOT,QNN accelerator (finalize) time
5329640397,FINALIZE,4640,US,BACKEND,ROOT,Accelerator (finalize) time
5329640397,FINALIZE,325344,US,BACKEND,ROOT,QNN (finalize) time
5329640397,FINALIZE,256,US,BACKEND,SUB-EVENT,Graph Preparation Initializing
5329640397,FINALIZE,245086,US,BACKEND,SUB-EVENT,Graph Optimizations
5329640397,FINALIZE,2725,US,BACKEND,SUB-EVENT,Post Graph Optimization
5329640397,FINALIZE,16702,US,BACKEND,SUB-EVENT,Graph Sequencing for Target
5329640397,FINALIZE,2000,US,BACKEND,SUB-EVENT,VTCM Allocation
5329640397,FINALIZE,1336,US,BACKEND,SUB-EVENT,Parallelization Optimization
5329640397,FINALIZE,1917,US,BACKEND,SUB-EVENT,Finalizing Graph Sequence
5329640397,FINALIZE,73,US,BACKEND,SUB-EVENT,Completion
5330087485,DE-INIT,62137,US,NETRUN,ROOT,null
5330087485,DE-INIT,8915,US,BACKEND,ROOT,RPC (deinit) time
5330087485,DE-INIT,7560,US,BACKEND,ROOT,QNN Accelerator (deinit) time
5330087485,DE-INIT,7441,US,BACKEND,ROOT,Accelerator (deinit) time
5330087485,DE-INIT,62116,US,BACKEND,ROOT,QNN (deinit) time
5329663664,EXECUTE,22365,US,NETRUN,ROOT,Graph 0: qwen2_0_5b_layer0_decode_past128_grouped_gqa_delta_kv
5329663664,EXECUTE,4,COUNT,BACKEND,ROOT,Number of HVX threads used
5329663664,EXECUTE,21955,US,BACKEND,ROOT,RPC (execute) time
5329663664,EXECUTE,18701,US,BACKEND,ROOT,QNN accelerator (execute) time
5329663664,EXECUTE,0,COUNT,BACKEND,ROOT,Num times yield occured
5329663664,EXECUTE,860,US,BACKEND,ROOT,Time for initial VTCM acquire
5329663664,EXECUTE,39258,US,BACKEND,ROOT,Time for HVX + HMX power on and acquire
5329663664,EXECUTE,1234820,CYCLES,BACKEND,ROOT,Accelerator (execute) time (cycles)
5329663664,EXECUTE,24767,CYCLES,BACKEND,SUB-EVENT,Input OpId_2 (cycles)
5329663664,EXECUTE,6053,CYCLES,BACKEND,SUB-EVENT,hidden_states_ncf:OpId_17 (cycles)
5329663664,EXECUTE,18373,CYCLES,BACKEND,SUB-EVENT,past_value_nchw:OpId_20 (cycles)
5329663664,EXECUTE,8631,CYCLES,BACKEND,SUB-EVENT,rms_norm__Mul_1_output_0:OpId_24 (cycles)
5329663664,EXECUTE,40448,CYCLES,BACKEND,SUB-EVENT,_MatMul:OpId_29 (cycles)
5329663664,EXECUTE,0,CYCLES,BACKEND,SUB-EVENT,_MatMul_post_reshape:OpId_31 (cycles)
5329663664,EXECUTE,7091,CYCLES,BACKEND,SUB-EVENT,_MatMul_1:OpId_34 (cycles)
5329663664,EXECUTE,10512,CYCLES,BACKEND,SUB-EVENT,_MatMul_1_post_reshape:OpId_36 (cycles)
5329663664,EXECUTE,1572,CYCLES,BACKEND,SUB-EVENT,_MatMul_2:OpId_39 (cycles)
5329663664,EXECUTE,8700,CYCLES,BACKEND,SUB-EVENT,_MatMul_2_post_reshape:OpId_41 (cycles)
5329663664,EXECUTE,585,CYCLES,BACKEND,SUB-EVENT,_Transpose:OpId_43 (cycles)
5329663664,EXECUTE,2223,CYCLES,BACKEND,SUB-EVENT,_Transpose_1:OpId_45 (cycles)
5329663664,EXECUTE,1912,CYCLES,BACKEND,SUB-EVENT,_Transpose_2:OpId_47 (cycles)
5329663664,EXECUTE,21995,CYCLES,BACKEND,SUB-EVENT,_Slice:OpId_49 (cycles)
5329663664,EXECUTE,6300,CYCLES,BACKEND,SUB-EVENT,_Slice_1:OpId_55 (cycles)
5329663664,EXECUTE,1407,CYCLES,BACKEND,SUB-EVENT,_Mul_2:OpId_61 (cycles)
5329663664,EXECUTE,1251,CYCLES,BACKEND,SUB-EVENT,_Mul_3:OpId_64 (cycles)
5329663664,EXECUTE,237,CYCLES,BACKEND,SUB-EVENT,_Sub:OpId_66 (cycles)
5329663664,EXECUTE,1760,CYCLES,BACKEND,SUB-EVENT,_Mul_4:OpId_68 (cycles)
5329663664,EXECUTE,1246,CYCLES,BACKEND,SUB-EVENT,_Mul_5:OpId_70 (cycles)
5329663664,EXECUTE,2050,CYCLES,BACKEND,SUB-EVENT,_Add_4:OpId_72 (cycles)
5329663664,EXECUTE,0,CYCLES,BACKEND,SUB-EVENT,_Unsqueeze:OpId_74 (cycles)
5329663664,EXECUTE,0,CYCLES,BACKEND,SUB-EVENT,_Unsqueeze_1:OpId_75 (cycles)
5329663664,EXECUTE,801,CYCLES,BACKEND,SUB-EVENT,_Concat:OpId_76 (cycles)
5329663664,EXECUTE,615,CYCLES,BACKEND,SUB-EVENT,_Reshape_3:OpId_78 (cycles)
5329663664,EXECUTE,21130,CYCLES,BACKEND,SUB-EVENT,_Slice_3:OpId_80 (cycles)
5329663664,EXECUTE,5063,CYCLES,BACKEND,SUB-EVENT,_Slice_4:OpId_86 (cycles)
5329663664,EXECUTE,5288,CYCLES,BACKEND,SUB-EVENT,_Mul_6:OpId_91 (cycles)
5329663664,EXECUTE,2213,CYCLES,BACKEND,SUB-EVENT,_Mul_7:OpId_93 (cycles)
5329663664,EXECUTE,550,CYCLES,BACKEND,SUB-EVENT,_Sub_1:OpId_95 (cycles)
5329663664,EXECUTE,5246,CYCLES,BACKEND,SUB-EVENT,_Mul_8:OpId_97 (cycles)
5329663664,EXECUTE,1806,CYCLES,BACKEND,SUB-EVENT,_Mul_9:OpId_99 (cycles)
5329663664,EXECUTE,796,CYCLES,BACKEND,SUB-EVENT,_Add_5:OpId_101 (cycles)
5329663664,EXECUTE,0,CYCLES,BACKEND,SUB-EVENT,_Unsqueeze_2:OpId_103 (cycles)
5329663664,EXECUTE,0,CYCLES,BACKEND,SUB-EVENT,_Unsqueeze_3:OpId_104 (cycles)
5329663664,EXECUTE,3001,CYCLES,BACKEND,SUB-EVENT,_Concat_2:OpId_105 (cycles)
5329663664,EXECUTE,0,CYCLES,BACKEND,SUB-EVENT,_Reshape_4:OpId_107 (cycles)
5329663664,EXECUTE,895,CYCLES,BACKEND,SUB-EVENT,current_key_nhwc:OpId_109 (cycles)
5329663664,EXECUTE,3115,CYCLES,BACKEND,SUB-EVENT,_Concat_4:OpId_110 (cycles)
5329663664,EXECUTE,367848,CYCLES,BACKEND,SUB-EVENT,_Concat_4_output_0_nchw:OpId_113 (cycles)
5329663664,EXECUTE,1740,CYCLES,BACKEND,SUB-EVENT,_Concat_5:OpId_114 (cycles)
5329663664,EXECUTE,0,CYCLES,BACKEND,SUB-EVENT,_Unsqueeze_4:OpId_116 (cycles)
5329663664,EXECUTE,31964,CYCLES,BACKEND,SUB-EVENT,_MatMul_3:OpId_117 (cycles)
5329663664,EXECUTE,5540,CYCLES,BACKEND,SUB-EVENT,_Div_1:OpId_122 (cycles)
5329663664,EXECUTE,0,CYCLES,BACKEND,SUB-EVENT,_Add_6:OpId_125 (cycles)
5329663664,EXECUTE,17724,CYCLES,BACKEND,SUB-EVENT,_Softmax:OpId_127 (cycles)
5329663664,EXECUTE,0,CYCLES,BACKEND,SUB-EVENT,_Unsqueeze_5:OpId_130 (cycles)
5329663664,EXECUTE,32949,CYCLES,BACKEND,SUB-EVENT,_MatMul_4:OpId_131 (cycles)
5329663664,EXECUTE,0,CYCLES,BACKEND,SUB-EVENT,_Reshape_6:OpId_135 (cycles)
5329663664,EXECUTE,0,CYCLES,BACKEND,SUB-EVENT,_Transpose_4:OpId_137 (cycles)
5329663664,EXECUTE,24867,CYCLES,BACKEND,SUB-EVENT,_MatMul_5:OpId_139 (cycles)
5329663664,EXECUTE,0,CYCLES,BACKEND,SUB-EVENT,_MatMul_5_post_reshape:OpId_142 (cycles)
5329663664,EXECUTE,0,CYCLES,BACKEND,SUB-EVENT,_MatMul_5_output_0_nfc:OpId_144 (cycles)
5329663664,EXECUTE,64054,CYCLES,BACKEND,SUB-EVENT,_Add_7:OpId_146 (cycles)
5329663664,EXECUTE,261,CYCLES,BACKEND,SUB-EVENT,_Add_7_output_0_ncf:OpId_149 (cycles)
5329663664,EXECUTE,1991,CYCLES,BACKEND,SUB-EVENT,rms_norm__Mul_11_output_0:OpId_154 (cycles)
5329663664,EXECUTE,0,CYCLES,BACKEND,SUB-EVENT,_MatMul_6:OpId_158 (cycles)
5329663664,EXECUTE,0,CYCLES,BACKEND,SUB-EVENT,_MatMul_6_post_reshape:OpId_161 (cycles)
5329663664,EXECUTE,153696,CYCLES,BACKEND,SUB-EVENT,_MatMul_7:OpId_163 (cycles)
5329663664,EXECUTE,0,CYCLES,BACKEND,SUB-EVENT,_MatMul_7_post_reshape:OpId_166 (cycles)
5329663664,EXECUTE,0,CYCLES,BACKEND,SUB-EVENT,_Sigmoid:OpId_167 (cycles)
5329663664,EXECUTE,122141,CYCLES,BACKEND,SUB-EVENT,_Mul_12:OpId_174 (cycles)
5329663664,EXECUTE,17687,CYCLES,BACKEND,SUB-EVENT,_Mul_13:OpId_176 (cycles)
5329663664,EXECUTE,155948,CYCLES,BACKEND,SUB-EVENT,_MatMul_8:OpId_179 (cycles)
5329663664,EXECUTE,0,CYCLES,BACKEND,SUB-EVENT,_MatMul_8_post_reshape:OpId_182 (cycles)
5329663664,EXECUTE,0,CYCLES,BACKEND,SUB-EVENT,_MatMul_8_output_0_nfc:OpId_184 (cycles)
5329663664,EXECUTE,15404,CYCLES,BACKEND,SUB-EVENT,_Add_9:OpId_186 (cycles)
5329663664,EXECUTE,3374,CYCLES,BACKEND,SUB-EVENT,Output OpId_3 (cycles)
5329663664,EXECUTE,4815,US,BACKEND,ROOT,Accelerator (execute) time
5329663664,EXECUTE,2639,US,BACKEND,ROOT,Accelerator (execute excluding wait) time
5329663664,EXECUTE,22341,US,BACKEND,ROOT,QNN (execute) time
5329674342,EXECUTE,8563,US,NETRUN,ROOT,Graph 0: qwen2_0_5b_layer0_decode_past128_grouped_gqa_delta_kv
5329674342,EXECUTE,4,COUNT,BACKEND,ROOT,Number of HVX threads used
5329674342,EXECUTE,8132,US,BACKEND,ROOT,RPC (execute) time
5329674342,EXECUTE,7208,US,BACKEND,ROOT,QNN accelerator (execute) time
5329674342,EXECUTE,0,COUNT,BACKEND,ROOT,Num times yield occured
5329674342,EXECUTE,646,US,BACKEND,ROOT,Time for initial VTCM acquire
5329674342,EXECUTE,265,US,BACKEND,ROOT,Time for HVX + HMX power on and acquire
5329674342,EXECUTE,1247429,CYCLES,BACKEND,ROOT,Accelerator (execute) time (cycles)
5329674342,EXECUTE,48358,CYCLES,BACKEND,SUB-EVENT,Input OpId_2 (cycles)
5329674342,EXECUTE,13519,CYCLES,BACKEND,SUB-EVENT,hidden_states_ncf:OpId_17 (cycles)
5329674342,EXECUTE,21151,CYCLES,BACKEND,SUB-EVENT,past_value_nchw:OpId_20 (cycles)
5329674342,EXECUTE,12764,CYCLES,BACKEND,SUB-EVENT,rms_norm__Mul_1_output_0:OpId_24 (cycles)
5329674342,EXECUTE,36916,CYCLES,BACKEND,SUB-EVENT,_MatMul:OpId_29 (cycles)
5329674342,EXECUTE,0,CYCLES,BACKEND,SUB-EVENT,_MatMul_post_reshape:OpId_31 (cycles)
5329674342,EXECUTE,5785,CYCLES,BACKEND,SUB-EVENT,_MatMul_1:OpId_34 (cycles)
5329674342,EXECUTE,14350,CYCLES,BACKEND,SUB-EVENT,_MatMul_1_post_reshape:OpId_36 (cycles)
5329674342,EXECUTE,2110,CYCLES,BACKEND,SUB-EVENT,_MatMul_2:OpId_39 (cycles)
5329674342,EXECUTE,12630,CYCLES,BACKEND,SUB-EVENT,_MatMul_2_post_reshape:OpId_41 (cycles)
5329674342,EXECUTE,480,CYCLES,BACKEND,SUB-EVENT,_Transpose:OpId_43 (cycles)
5329674342,EXECUTE,2733,CYCLES,BACKEND,SUB-EVENT,_Transpose_1:OpId_45 (cycles)
5329674342,EXECUTE,2549,CYCLES,BACKEND,SUB-EVENT,_Transpose_2:OpId_47 (cycles)
5329674342,EXECUTE,27727,CYCLES,BACKEND,SUB-EVENT,_Slice:OpId_49 (cycles)
5329674342,EXECUTE,6454,CYCLES,BACKEND,SUB-EVENT,_Slice_1:OpId_55 (cycles)
5329674342,EXECUTE,1451,CYCLES,BACKEND,SUB-EVENT,_Mul_2:OpId_61 (cycles)
5329674342,EXECUTE,1271,CYCLES,BACKEND,SUB-EVENT,_Mul_3:OpId_64 (cycles)
5329674342,EXECUTE,237,CYCLES,BACKEND,SUB-EVENT,_Sub:OpId_66 (cycles)
5329674342,EXECUTE,1764,CYCLES,BACKEND,SUB-EVENT,_Mul_4:OpId_68 (cycles)
5329674342,EXECUTE,1265,CYCLES,BACKEND,SUB-EVENT,_Mul_5:OpId_70 (cycles)
5329674342,EXECUTE,3324,CYCLES,BACKEND,SUB-EVENT,_Add_4:OpId_72 (cycles)
5329674342,EXECUTE,0,CYCLES,BACKEND,SUB-EVENT,_Unsqueeze:OpId_74 (cycles)
5329674342,EXECUTE,0,CYCLES,BACKEND,SUB-EVENT,_Unsqueeze_1:OpId_75 (cycles)
5329674342,EXECUTE,777,CYCLES,BACKEND,SUB-EVENT,_Concat:OpId_76 (cycles)
5329674342,EXECUTE,613,CYCLES,BACKEND,SUB-EVENT,_Reshape_3:OpId_78 (cycles)
5329674342,EXECUTE,35723,CYCLES,BACKEND,SUB-EVENT,_Slice_3:OpId_80 (cycles)
5329674342,EXECUTE,6979,CYCLES,BACKEND,SUB-EVENT,_Slice_4:OpId_86 (cycles)
5329674342,EXECUTE,9732,CYCLES,BACKEND,SUB-EVENT,_Mul_6:OpId_91 (cycles)
5329674342,EXECUTE,3394,CYCLES,BACKEND,SUB-EVENT,_Mul_7:OpId_93 (cycles)
5329674342,EXECUTE,607,CYCLES,BACKEND,SUB-EVENT,_Sub_1:OpId_95 (cycles)
5329674342,EXECUTE,9171,CYCLES,BACKEND,SUB-EVENT,_Mul_8:OpId_97 (cycles)
5329674342,EXECUTE,3164,CYCLES,BACKEND,SUB-EVENT,_Mul_9:OpId_99 (cycles)
5329674342,EXECUTE,890,CYCLES,BACKEND,SUB-EVENT,_Add_5:OpId_101 (cycles)
5329674342,EXECUTE,0,CYCLES,BACKEND,SUB-EVENT,_Unsqueeze_2:OpId_103 (cycles)
5329674342,EXECUTE,0,CYCLES,BACKEND,SUB-EVENT,_Unsqueeze_3:OpId_104 (cycles)
5329674342,EXECUTE,3036,CYCLES,BACKEND,SUB-EVENT,_Concat_2:OpId_105 (cycles)
5329674342,EXECUTE,0,CYCLES,BACKEND,SUB-EVENT,_Reshape_4:OpId_107 (cycles)
5329674342,EXECUTE,990,CYCLES,BACKEND,SUB-EVENT,current_key_nhwc:OpId_109 (cycles)
5329674342,EXECUTE,3107,CYCLES,BACKEND,SUB-EVENT,_Concat_4:OpId_110 (cycles)
5329674342,EXECUTE,377029,CYCLES,BACKEND,SUB-EVENT,_Concat_4_output_0_nchw:OpId_113 (cycles)
5329674342,EXECUTE,3267,CYCLES,BACKEND,SUB-EVENT,_Concat_5:OpId_114 (cycles)
5329674342,EXECUTE,0,CYCLES,BACKEND,SUB-EVENT,_Unsqueeze_4:OpId_116 (cycles)
5329674342,EXECUTE,32986,CYCLES,BACKEND,SUB-EVENT,_MatMul_3:OpId_117 (cycles)
5329674342,EXECUTE,7565,CYCLES,BACKEND,SUB-EVENT,_Div_1:OpId_122 (cycles)
5329674342,EXECUTE,0,CYCLES,BACKEND,SUB-EVENT,_Add_6:OpId_125 (cycles)
5329674342,EXECUTE,21563,CYCLES,BACKEND,SUB-EVENT,_Softmax:OpId_127 (cycles)
5329674342,EXECUTE,0,CYCLES,BACKEND,SUB-EVENT,_Unsqueeze_5:OpId_130 (cycles)
5329674342,EXECUTE,42183,CYCLES,BACKEND,SUB-EVENT,_MatMul_4:OpId_131 (cycles)
5329674342,EXECUTE,0,CYCLES,BACKEND,SUB-EVENT,_Reshape_6:OpId_135 (cycles)
5329674342,EXECUTE,0,CYCLES,BACKEND,SUB-EVENT,_Transpose_4:OpId_137 (cycles)
5329674342,EXECUTE,16881,CYCLES,BACKEND,SUB-EVENT,_MatMul_5:OpId_139 (cycles)
5329674342,EXECUTE,0,CYCLES,BACKEND,SUB-EVENT,_MatMul_5_post_reshape:OpId_142 (cycles)
5329674342,EXECUTE,0,CYCLES,BACKEND,SUB-EVENT,_MatMul_5_output_0_nfc:OpId_144 (cycles)
5329674342,EXECUTE,73745,CYCLES,BACKEND,SUB-EVENT,_Add_7:OpId_146 (cycles)
5329674342,EXECUTE,251,CYCLES,BACKEND,SUB-EVENT,_Add_7_output_0_ncf:OpId_149 (cycles)
5329674342,EXECUTE,2552,CYCLES,BACKEND,SUB-EVENT,rms_norm__Mul_11_output_0:OpId_154 (cycles)
5329674342,EXECUTE,0,CYCLES,BACKEND,SUB-EVENT,_MatMul_6:OpId_158 (cycles)
5329674342,EXECUTE,0,CYCLES,BACKEND,SUB-EVENT,_MatMul_6_post_reshape:OpId_161 (cycles)
5329674342,EXECUTE,90512,CYCLES,BACKEND,SUB-EVENT,_MatMul_7:OpId_163 (cycles)
5329674342,EXECUTE,0,CYCLES,BACKEND,SUB-EVENT,_MatMul_7_post_reshape:OpId_166 (cycles)
5329674342,EXECUTE,0,CYCLES,BACKEND,SUB-EVENT,_Sigmoid:OpId_167 (cycles)
5329674342,EXECUTE,91883,CYCLES,BACKEND,SUB-EVENT,_Mul_12:OpId_174 (cycles)
5329674342,EXECUTE,17816,CYCLES,BACKEND,SUB-EVENT,_Mul_13:OpId_176 (cycles)
5329674342,EXECUTE,155845,CYCLES,BACKEND,SUB-EVENT,_MatMul_8:OpId_179 (cycles)
5329674342,EXECUTE,0,CYCLES,BACKEND,SUB-EVENT,_MatMul_8_post_reshape:OpId_182 (cycles)
5329674342,EXECUTE,0,CYCLES,BACKEND,SUB-EVENT,_MatMul_8_output_0_nfc:OpId_184 (cycles)
5329674342,EXECUTE,14946,CYCLES,BACKEND,SUB-EVENT,_Add_9:OpId_186 (cycles)
5329674342,EXECUTE,3384,CYCLES,BACKEND,SUB-EVENT,Output OpId_3 (cycles)
5329674342,EXECUTE,2646,US,BACKEND,ROOT,Accelerator (execute) time
5329674342,EXECUTE,2504,US,BACKEND,ROOT,Accelerator (execute excluding wait) time
5329674342,EXECUTE,8541,US,BACKEND,ROOT,QNN (execute) time
5329683577,EXECUTE,8225,US,NETRUN,ROOT,Graph 0: qwen2_0_5b_layer0_decode_past128_grouped_gqa_delta_kv
5329683577,EXECUTE,4,COUNT,BACKEND,ROOT,Number of HVX threads used
5329683577,EXECUTE,7892,US,BACKEND,ROOT,RPC (execute) time
5329683577,EXECUTE,7038,US,BACKEND,ROOT,QNN accelerator (execute) time
5329683577,EXECUTE,0,COUNT,BACKEND,ROOT,Num times yield occured
5329683577,EXECUTE,513,US,BACKEND,ROOT,Time for initial VTCM acquire
5329683577,EXECUTE,224,US,BACKEND,ROOT,Time for HVX + HMX power on and acquire
5329683577,EXECUTE,1176175,CYCLES,BACKEND,ROOT,Accelerator (execute) time (cycles)
5329683577,EXECUTE,38725,CYCLES,BACKEND,SUB-EVENT,Input OpId_2 (cycles)
5329683577,EXECUTE,11746,CYCLES,BACKEND,SUB-EVENT,hidden_states_ncf:OpId_17 (cycles)
5329683577,EXECUTE,15940,CYCLES,BACKEND,SUB-EVENT,past_value_nchw:OpId_20 (cycles)
5329683577,EXECUTE,6107,CYCLES,BACKEND,SUB-EVENT,rms_norm__Mul_1_output_0:OpId_24 (cycles)
5329683577,EXECUTE,31334,CYCLES,BACKEND,SUB-EVENT,_MatMul:OpId_29 (cycles)
5329683577,EXECUTE,0,CYCLES,BACKEND,SUB-EVENT,_MatMul_post_reshape:OpId_31 (cycles)
5329683577,EXECUTE,4560,CYCLES,BACKEND,SUB-EVENT,_MatMul_1:OpId_34 (cycles)
5329683577,EXECUTE,9953,CYCLES,BACKEND,SUB-EVENT,_MatMul_1_post_reshape:OpId_36 (cycles)
5329683577,EXECUTE,2927,CYCLES,BACKEND,SUB-EVENT,_MatMul_2:OpId_39 (cycles)
5329683577,EXECUTE,8218,CYCLES,BACKEND,SUB-EVENT,_MatMul_2_post_reshape:OpId_41 (cycles)
5329683577,EXECUTE,526,CYCLES,BACKEND,SUB-EVENT,_Transpose:OpId_43 (cycles)
5329683577,EXECUTE,1810,CYCLES,BACKEND,SUB-EVENT,_Transpose_1:OpId_45 (cycles)
5329683577,EXECUTE,1525,CYCLES,BACKEND,SUB-EVENT,_Transpose_2:OpId_47 (cycles)
5329683577,EXECUTE,26399,CYCLES,BACKEND,SUB-EVENT,_Slice:OpId_49 (cycles)
5329683577,EXECUTE,7765,CYCLES,BACKEND,SUB-EVENT,_Slice_1:OpId_55 (cycles)
5329683577,EXECUTE,1874,CYCLES,BACKEND,SUB-EVENT,_Mul_2:OpId_61 (cycles)
5329683577,EXECUTE,1252,CYCLES,BACKEND,SUB-EVENT,_Mul_3:OpId_64 (cycles)
5329683577,EXECUTE,245,CYCLES,BACKEND,SUB-EVENT,_Sub:OpId_66 (cycles)
5329683577,EXECUTE,1783,CYCLES,BACKEND,SUB-EVENT,_Mul_4:OpId_68 (cycles)
5329683577,EXECUTE,1749,CYCLES,BACKEND,SUB-EVENT,_Mul_5:OpId_70 (cycles)
5329683577,EXECUTE,2579,CYCLES,BACKEND,SUB-EVENT,_Add_4:OpId_72 (cycles)
5329683577,EXECUTE,0,CYCLES,BACKEND,SUB-EVENT,_Unsqueeze:OpId_74 (cycles)
5329683577,EXECUTE,0,CYCLES,BACKEND,SUB-EVENT,_Unsqueeze_1:OpId_75 (cycles)
5329683577,EXECUTE,799,CYCLES,BACKEND,SUB-EVENT,_Concat:OpId_76 (cycles)
5329683577,EXECUTE,581,CYCLES,BACKEND,SUB-EVENT,_Reshape_3:OpId_78 (cycles)
5329683577,EXECUTE,28646,CYCLES,BACKEND,SUB-EVENT,_Slice_3:OpId_80 (cycles)
5329683577,EXECUTE,6081,CYCLES,BACKEND,SUB-EVENT,_Slice_4:OpId_86 (cycles)
5329683577,EXECUTE,10606,CYCLES,BACKEND,SUB-EVENT,_Mul_6:OpId_91 (cycles)
5329683577,EXECUTE,7240,CYCLES,BACKEND,SUB-EVENT,_Mul_7:OpId_93 (cycles)
5329683577,EXECUTE,1750,CYCLES,BACKEND,SUB-EVENT,_Sub_1:OpId_95 (cycles)
5329683577,EXECUTE,10553,CYCLES,BACKEND,SUB-EVENT,_Mul_8:OpId_97 (cycles)
5329683577,EXECUTE,7151,CYCLES,BACKEND,SUB-EVENT,_Mul_9:OpId_99 (cycles)
5329683577,EXECUTE,2357,CYCLES,BACKEND,SUB-EVENT,_Add_5:OpId_101 (cycles)
5329683577,EXECUTE,0,CYCLES,BACKEND,SUB-EVENT,_Unsqueeze_2:OpId_103 (cycles)
5329683577,EXECUTE,0,CYCLES,BACKEND,SUB-EVENT,_Unsqueeze_3:OpId_104 (cycles)
5329683577,EXECUTE,3243,CYCLES,BACKEND,SUB-EVENT,_Concat_2:OpId_105 (cycles)
5329683577,EXECUTE,0,CYCLES,BACKEND,SUB-EVENT,_Reshape_4:OpId_107 (cycles)
5329683577,EXECUTE,2810,CYCLES,BACKEND,SUB-EVENT,current_key_nhwc:OpId_109 (cycles)
5329683577,EXECUTE,3648,CYCLES,BACKEND,SUB-EVENT,_Concat_4:OpId_110 (cycles)
5329683577,EXECUTE,366554,CYCLES,BACKEND,SUB-EVENT,_Concat_4_output_0_nchw:OpId_113 (cycles)
5329683577,EXECUTE,2061,CYCLES,BACKEND,SUB-EVENT,_Concat_5:OpId_114 (cycles)
5329683577,EXECUTE,0,CYCLES,BACKEND,SUB-EVENT,_Unsqueeze_4:OpId_116 (cycles)
5329683577,EXECUTE,32764,CYCLES,BACKEND,SUB-EVENT,_MatMul_3:OpId_117 (cycles)
5329683577,EXECUTE,8284,CYCLES,BACKEND,SUB-EVENT,_Div_1:OpId_122 (cycles)
5329683577,EXECUTE,0,CYCLES,BACKEND,SUB-EVENT,_Add_6:OpId_125 (cycles)
5329683577,EXECUTE,17911,CYCLES,BACKEND,SUB-EVENT,_Softmax:OpId_127 (cycles)
5329683577,EXECUTE,0,CYCLES,BACKEND,SUB-EVENT,_Unsqueeze_5:OpId_130 (cycles)
5329683577,EXECUTE,42164,CYCLES,BACKEND,SUB-EVENT,_MatMul_4:OpId_131 (cycles)
5329683577,EXECUTE,0,CYCLES,BACKEND,SUB-EVENT,_Reshape_6:OpId_135 (cycles)
5329683577,EXECUTE,0,CYCLES,BACKEND,SUB-EVENT,_Transpose_4:OpId_137 (cycles)
5329683577,EXECUTE,14627,CYCLES,BACKEND,SUB-EVENT,_MatMul_5:OpId_139 (cycles)
5329683577,EXECUTE,0,CYCLES,BACKEND,SUB-EVENT,_MatMul_5_post_reshape:OpId_142 (cycles)
5329683577,EXECUTE,0,CYCLES,BACKEND,SUB-EVENT,_MatMul_5_output_0_nfc:OpId_144 (cycles)
5329683577,EXECUTE,50126,CYCLES,BACKEND,SUB-EVENT,_Add_7:OpId_146 (cycles)
5329683577,EXECUTE,254,CYCLES,BACKEND,SUB-EVENT,_Add_7_output_0_ncf:OpId_149 (cycles)
5329683577,EXECUTE,2922,CYCLES,BACKEND,SUB-EVENT,rms_norm__Mul_11_output_0:OpId_154 (cycles)
5329683577,EXECUTE,0,CYCLES,BACKEND,SUB-EVENT,_MatMul_6:OpId_158 (cycles)
5329683577,EXECUTE,0,CYCLES,BACKEND,SUB-EVENT,_MatMul_6_post_reshape:OpId_161 (cycles)
5329683577,EXECUTE,90861,CYCLES,BACKEND,SUB-EVENT,_MatMul_7:OpId_163 (cycles)
5329683577,EXECUTE,0,CYCLES,BACKEND,SUB-EVENT,_MatMul_7_post_reshape:OpId_166 (cycles)
5329683577,EXECUTE,0,CYCLES,BACKEND,SUB-EVENT,_Sigmoid:OpId_167 (cycles)
5329683577,EXECUTE,91719,CYCLES,BACKEND,SUB-EVENT,_Mul_12:OpId_174 (cycles)
5329683577,EXECUTE,19906,CYCLES,BACKEND,SUB-EVENT,_Mul_13:OpId_176 (cycles)
5329683577,EXECUTE,156190,CYCLES,BACKEND,SUB-EVENT,_MatMul_8:OpId_179 (cycles)
5329683577,EXECUTE,0,CYCLES,BACKEND,SUB-EVENT,_MatMul_8_post_reshape:OpId_182 (cycles)
5329683577,EXECUTE,0,CYCLES,BACKEND,SUB-EVENT,_MatMul_8_output_0_nfc:OpId_184 (cycles)
5329683577,EXECUTE,14612,CYCLES,BACKEND,SUB-EVENT,_Add_9:OpId_186 (cycles)
5329683577,EXECUTE,2738,CYCLES,BACKEND,SUB-EVENT,Output OpId_3 (cycles)
5329683577,EXECUTE,2512,US,BACKEND,ROOT,Accelerator (execute) time
5329683577,EXECUTE,2403,US,BACKEND,ROOT,Accelerator (execute excluding wait) time
5329683577,EXECUTE,8207,US,BACKEND,ROOT,QNN (execute) time
5329693231,EXECUTE,8624,US,NETRUN,ROOT,Graph 0: qwen2_0_5b_layer0_decode_past128_grouped_gqa_delta_kv
5329693231,EXECUTE,4,COUNT,BACKEND,ROOT,Number of HVX threads used
5329693231,EXECUTE,7832,US,BACKEND,ROOT,RPC (execute) time
5329693231,EXECUTE,6965,US,BACKEND,ROOT,QNN accelerator (execute) time
5329693231,EXECUTE,0,COUNT,BACKEND,ROOT,Num times yield occured
5329693231,EXECUTE,564,US,BACKEND,ROOT,Time for initial VTCM acquire
5329693231,EXECUTE,227,US,BACKEND,ROOT,Time for HVX + HMX power on and acquire
5329693231,EXECUTE,1160510,CYCLES,BACKEND,ROOT,Accelerator (execute) time (cycles)
5329693231,EXECUTE,39271,CYCLES,BACKEND,SUB-EVENT,Input OpId_2 (cycles)
5329693231,EXECUTE,12446,CYCLES,BACKEND,SUB-EVENT,hidden_states_ncf:OpId_17 (cycles)
5329693231,EXECUTE,16296,CYCLES,BACKEND,SUB-EVENT,past_value_nchw:OpId_20 (cycles)
5329693231,EXECUTE,6227,CYCLES,BACKEND,SUB-EVENT,rms_norm__Mul_1_output_0:OpId_24 (cycles)
5329693231,EXECUTE,32439,CYCLES,BACKEND,SUB-EVENT,_MatMul:OpId_29 (cycles)
5329693231,EXECUTE,0,CYCLES,BACKEND,SUB-EVENT,_MatMul_post_reshape:OpId_31 (cycles)
5329693231,EXECUTE,4512,CYCLES,BACKEND,SUB-EVENT,_MatMul_1:OpId_34 (cycles)
5329693231,EXECUTE,12341,CYCLES,BACKEND,SUB-EVENT,_MatMul_1_post_reshape:OpId_36 (cycles)
5329693231,EXECUTE,2528,CYCLES,BACKEND,SUB-EVENT,_MatMul_2:OpId_39 (cycles)
5329693231,EXECUTE,10556,CYCLES,BACKEND,SUB-EVENT,_MatMul_2_post_reshape:OpId_41 (cycles)
5329693231,EXECUTE,520,CYCLES,BACKEND,SUB-EVENT,_Transpose:OpId_43 (cycles)
5329693231,EXECUTE,2885,CYCLES,BACKEND,SUB-EVENT,_Transpose_1:OpId_45 (cycles)
5329693231,EXECUTE,2674,CYCLES,BACKEND,SUB-EVENT,_Transpose_2:OpId_47 (cycles)
5329693231,EXECUTE,24815,CYCLES,BACKEND,SUB-EVENT,_Slice:OpId_49 (cycles)
5329693231,EXECUTE,7368,CYCLES,BACKEND,SUB-EVENT,_Slice_1:OpId_55 (cycles)
5329693231,EXECUTE,1818,CYCLES,BACKEND,SUB-EVENT,_Mul_2:OpId_61 (cycles)
5329693231,EXECUTE,1329,CYCLES,BACKEND,SUB-EVENT,_Mul_3:OpId_64 (cycles)
5329693231,EXECUTE,243,CYCLES,BACKEND,SUB-EVENT,_Sub:OpId_66 (cycles)
5329693231,EXECUTE,1897,CYCLES,BACKEND,SUB-EVENT,_Mul_4:OpId_68 (cycles)
5329693231,EXECUTE,1465,CYCLES,BACKEND,SUB-EVENT,_Mul_5:OpId_70 (cycles)
5329693231,EXECUTE,3205,CYCLES,BACKEND,SUB-EVENT,_Add_4:OpId_72 (cycles)
5329693231,EXECUTE,0,CYCLES,BACKEND,SUB-EVENT,_Unsqueeze:OpId_74 (cycles)
5329693231,EXECUTE,0,CYCLES,BACKEND,SUB-EVENT,_Unsqueeze_1:OpId_75 (cycles)
5329693231,EXECUTE,771,CYCLES,BACKEND,SUB-EVENT,_Concat:OpId_76 (cycles)
5329693231,EXECUTE,574,CYCLES,BACKEND,SUB-EVENT,_Reshape_3:OpId_78 (cycles)
5329693231,EXECUTE,31019,CYCLES,BACKEND,SUB-EVENT,_Slice_3:OpId_80 (cycles)
5329693231,EXECUTE,5711,CYCLES,BACKEND,SUB-EVENT,_Slice_4:OpId_86 (cycles)
5329693231,EXECUTE,10356,CYCLES,BACKEND,SUB-EVENT,_Mul_6:OpId_91 (cycles)
5329693231,EXECUTE,4998,CYCLES,BACKEND,SUB-EVENT,_Mul_7:OpId_93 (cycles)
5329693231,EXECUTE,1617,CYCLES,BACKEND,SUB-EVENT,_Sub_1:OpId_95 (cycles)
5329693231,EXECUTE,8939,CYCLES,BACKEND,SUB-EVENT,_Mul_8:OpId_97 (cycles)
5329693231,EXECUTE,4790,CYCLES,BACKEND,SUB-EVENT,_Mul_9:OpId_99 (cycles)
5329693231,EXECUTE,2314,CYCLES,BACKEND,SUB-EVENT,_Add_5:OpId_101 (cycles)
5329693231,EXECUTE,0,CYCLES,BACKEND,SUB-EVENT,_Unsqueeze_2:OpId_103 (cycles)
5329693231,EXECUTE,0,CYCLES,BACKEND,SUB-EVENT,_Unsqueeze_3:OpId_104 (cycles)
5329693231,EXECUTE,3649,CYCLES,BACKEND,SUB-EVENT,_Concat_2:OpId_105 (cycles)
5329693231,EXECUTE,0,CYCLES,BACKEND,SUB-EVENT,_Reshape_4:OpId_107 (cycles)
5329693231,EXECUTE,2729,CYCLES,BACKEND,SUB-EVENT,current_key_nhwc:OpId_109 (cycles)
5329693231,EXECUTE,3692,CYCLES,BACKEND,SUB-EVENT,_Concat_4:OpId_110 (cycles)
5329693231,EXECUTE,344048,CYCLES,BACKEND,SUB-EVENT,_Concat_4_output_0_nchw:OpId_113 (cycles)
5329693231,EXECUTE,2623,CYCLES,BACKEND,SUB-EVENT,_Concat_5:OpId_114 (cycles)
5329693231,EXECUTE,0,CYCLES,BACKEND,SUB-EVENT,_Unsqueeze_4:OpId_116 (cycles)
5329693231,EXECUTE,31561,CYCLES,BACKEND,SUB-EVENT,_MatMul_3:OpId_117 (cycles)
5329693231,EXECUTE,8213,CYCLES,BACKEND,SUB-EVENT,_Div_1:OpId_122 (cycles)
5329693231,EXECUTE,0,CYCLES,BACKEND,SUB-EVENT,_Add_6:OpId_125 (cycles)
5329693231,EXECUTE,15912,CYCLES,BACKEND,SUB-EVENT,_Softmax:OpId_127 (cycles)
5329693231,EXECUTE,0,CYCLES,BACKEND,SUB-EVENT,_Unsqueeze_5:OpId_130 (cycles)
5329693231,EXECUTE,42975,CYCLES,BACKEND,SUB-EVENT,_MatMul_4:OpId_131 (cycles)
5329693231,EXECUTE,0,CYCLES,BACKEND,SUB-EVENT,_Reshape_6:OpId_135 (cycles)
5329693231,EXECUTE,0,CYCLES,BACKEND,SUB-EVENT,_Transpose_4:OpId_137 (cycles)
5329693231,EXECUTE,15295,CYCLES,BACKEND,SUB-EVENT,_MatMul_5:OpId_139 (cycles)
5329693231,EXECUTE,0,CYCLES,BACKEND,SUB-EVENT,_MatMul_5_post_reshape:OpId_142 (cycles)
5329693231,EXECUTE,0,CYCLES,BACKEND,SUB-EVENT,_MatMul_5_output_0_nfc:OpId_144 (cycles)
5329693231,EXECUTE,56202,CYCLES,BACKEND,SUB-EVENT,_Add_7:OpId_146 (cycles)
5329693231,EXECUTE,292,CYCLES,BACKEND,SUB-EVENT,_Add_7_output_0_ncf:OpId_149 (cycles)
5329693231,EXECUTE,2729,CYCLES,BACKEND,SUB-EVENT,rms_norm__Mul_11_output_0:OpId_154 (cycles)
5329693231,EXECUTE,0,CYCLES,BACKEND,SUB-EVENT,_MatMul_6:OpId_158 (cycles)
5329693231,EXECUTE,0,CYCLES,BACKEND,SUB-EVENT,_MatMul_6_post_reshape:OpId_161 (cycles)
5329693231,EXECUTE,91419,CYCLES,BACKEND,SUB-EVENT,_MatMul_7:OpId_163 (cycles)
5329693231,EXECUTE,0,CYCLES,BACKEND,SUB-EVENT,_MatMul_7_post_reshape:OpId_166 (cycles)
5329693231,EXECUTE,0,CYCLES,BACKEND,SUB-EVENT,_Sigmoid:OpId_167 (cycles)
5329693231,EXECUTE,90701,CYCLES,BACKEND,SUB-EVENT,_Mul_12:OpId_174 (cycles)
5329693231,EXECUTE,19482,CYCLES,BACKEND,SUB-EVENT,_Mul_13:OpId_176 (cycles)
5329693231,EXECUTE,155744,CYCLES,BACKEND,SUB-EVENT,_MatMul_8:OpId_179 (cycles)
5329693231,EXECUTE,0,CYCLES,BACKEND,SUB-EVENT,_MatMul_8_post_reshape:OpId_182 (cycles)
5329693231,EXECUTE,0,CYCLES,BACKEND,SUB-EVENT,_MatMul_8_output_0_nfc:OpId_184 (cycles)
5329693231,EXECUTE,14635,CYCLES,BACKEND,SUB-EVENT,_Add_9:OpId_186 (cycles)
5329693231,EXECUTE,2685,CYCLES,BACKEND,SUB-EVENT,Output OpId_3 (cycles)
5329693231,EXECUTE,2459,US,BACKEND,ROOT,Accelerator (execute) time
5329693231,EXECUTE,2346,US,BACKEND,ROOT,Accelerator (execute excluding wait) time
5329693231,EXECUTE,8607,US,BACKEND,ROOT,QNN (execute) time
5329706513,EXECUTE,12262,US,NETRUN,ROOT,Graph 0: qwen2_0_5b_layer0_decode_past128_grouped_gqa_delta_kv
5329706513,EXECUTE,4,COUNT,BACKEND,ROOT,Number of HVX threads used
5329706513,EXECUTE,11896,US,BACKEND,ROOT,RPC (execute) time
5329706513,EXECUTE,9662,US,BACKEND,ROOT,QNN accelerator (execute) time
5329706513,EXECUTE,0,COUNT,BACKEND,ROOT,Num times yield occured
5329706513,EXECUTE,593,US,BACKEND,ROOT,Time for initial VTCM acquire
5329706513,EXECUTE,346,US,BACKEND,ROOT,Time for HVX + HMX power on and acquire
5329706513,EXECUTE,2399742,CYCLES,BACKEND,ROOT,Accelerator (execute) time (cycles)
5329706513,EXECUTE,135592,CYCLES,BACKEND,SUB-EVENT,Input OpId_2 (cycles)
5329706513,EXECUTE,45794,CYCLES,BACKEND,SUB-EVENT,hidden_states_ncf:OpId_17 (cycles)
5329706513,EXECUTE,32079,CYCLES,BACKEND,SUB-EVENT,past_value_nchw:OpId_20 (cycles)
5329706513,EXECUTE,11811,CYCLES,BACKEND,SUB-EVENT,rms_norm__Mul_1_output_0:OpId_24 (cycles)
5329706513,EXECUTE,63854,CYCLES,BACKEND,SUB-EVENT,_MatMul:OpId_29 (cycles)
5329706513,EXECUTE,0,CYCLES,BACKEND,SUB-EVENT,_MatMul_post_reshape:OpId_31 (cycles)
5329706513,EXECUTE,9432,CYCLES,BACKEND,SUB-EVENT,_MatMul_1:OpId_34 (cycles)
5329706513,EXECUTE,39851,CYCLES,BACKEND,SUB-EVENT,_MatMul_1_post_reshape:OpId_36 (cycles)
5329706513,EXECUTE,10502,CYCLES,BACKEND,SUB-EVENT,_MatMul_2:OpId_39 (cycles)
5329706513,EXECUTE,38089,CYCLES,BACKEND,SUB-EVENT,_MatMul_2_post_reshape:OpId_41 (cycles)
5329706513,EXECUTE,489,CYCLES,BACKEND,SUB-EVENT,_Transpose:OpId_43 (cycles)
5329706513,EXECUTE,13177,CYCLES,BACKEND,SUB-EVENT,_Transpose_1:OpId_45 (cycles)
5329706513,EXECUTE,12893,CYCLES,BACKEND,SUB-EVENT,_Transpose_2:OpId_47 (cycles)
5329706513,EXECUTE,56637,CYCLES,BACKEND,SUB-EVENT,_Slice:OpId_49 (cycles)
5329706513,EXECUTE,14127,CYCLES,BACKEND,SUB-EVENT,_Slice_1:OpId_55 (cycles)
5329706513,EXECUTE,2606,CYCLES,BACKEND,SUB-EVENT,_Mul_2:OpId_61 (cycles)
5329706513,EXECUTE,1221,CYCLES,BACKEND,SUB-EVENT,_Mul_3:OpId_64 (cycles)
5329706513,EXECUTE,255,CYCLES,BACKEND,SUB-EVENT,_Sub:OpId_66 (cycles)
5329706513,EXECUTE,2899,CYCLES,BACKEND,SUB-EVENT,_Mul_4:OpId_68 (cycles)
5329706513,EXECUTE,1402,CYCLES,BACKEND,SUB-EVENT,_Mul_5:OpId_70 (cycles)
5329706513,EXECUTE,13348,CYCLES,BACKEND,SUB-EVENT,_Add_4:OpId_72 (cycles)
5329706513,EXECUTE,0,CYCLES,BACKEND,SUB-EVENT,_Unsqueeze:OpId_74 (cycles)
5329706513,EXECUTE,0,CYCLES,BACKEND,SUB-EVENT,_Unsqueeze_1:OpId_75 (cycles)
5329706513,EXECUTE,801,CYCLES,BACKEND,SUB-EVENT,_Concat:OpId_76 (cycles)
5329706513,EXECUTE,602,CYCLES,BACKEND,SUB-EVENT,_Reshape_3:OpId_78 (cycles)
5329706513,EXECUTE,76070,CYCLES,BACKEND,SUB-EVENT,_Slice_3:OpId_80 (cycles)
5329706513,EXECUTE,11117,CYCLES,BACKEND,SUB-EVENT,_Slice_4:OpId_86 (cycles)
5329706513,EXECUTE,26617,CYCLES,BACKEND,SUB-EVENT,_Mul_6:OpId_91 (cycles)
5329706513,EXECUTE,25030,CYCLES,BACKEND,SUB-EVENT,_Mul_7:OpId_93 (cycles)
5329706513,EXECUTE,5271,CYCLES,BACKEND,SUB-EVENT,_Sub_1:OpId_95 (cycles)
5329706513,EXECUTE,26578,CYCLES,BACKEND,SUB-EVENT,_Mul_8:OpId_97 (cycles)
5329706513,EXECUTE,23693,CYCLES,BACKEND,SUB-EVENT,_Mul_9:OpId_99 (cycles)
5329706513,EXECUTE,4130,CYCLES,BACKEND,SUB-EVENT,_Add_5:OpId_101 (cycles)
5329706513,EXECUTE,0,CYCLES,BACKEND,SUB-EVENT,_Unsqueeze_2:OpId_103 (cycles)
5329706513,EXECUTE,0,CYCLES,BACKEND,SUB-EVENT,_Unsqueeze_3:OpId_104 (cycles)
5329706513,EXECUTE,9578,CYCLES,BACKEND,SUB-EVENT,_Concat_2:OpId_105 (cycles)
5329706513,EXECUTE,0,CYCLES,BACKEND,SUB-EVENT,_Reshape_4:OpId_107 (cycles)
5329706513,EXECUTE,3697,CYCLES,BACKEND,SUB-EVENT,current_key_nhwc:OpId_109 (cycles)
5329706513,EXECUTE,4233,CYCLES,BACKEND,SUB-EVENT,_Concat_4:OpId_110 (cycles)
5329706513,EXECUTE,371954,CYCLES,BACKEND,SUB-EVENT,_Concat_4_output_0_nchw:OpId_113 (cycles)
5329706513,EXECUTE,4201,CYCLES,BACKEND,SUB-EVENT,_Concat_5:OpId_114 (cycles)
5329706513,EXECUTE,0,CYCLES,BACKEND,SUB-EVENT,_Unsqueeze_4:OpId_116 (cycles)
5329706513,EXECUTE,33980,CYCLES,BACKEND,SUB-EVENT,_MatMul_3:OpId_117 (cycles)
5329706513,EXECUTE,19393,CYCLES,BACKEND,SUB-EVENT,_Div_1:OpId_122 (cycles)
5329706513,EXECUTE,0,CYCLES,BACKEND,SUB-EVENT,_Add_6:OpId_125 (cycles)
5329706513,EXECUTE,23480,CYCLES,BACKEND,SUB-EVENT,_Softmax:OpId_127 (cycles)
5329706513,EXECUTE,0,CYCLES,BACKEND,SUB-EVENT,_Unsqueeze_5:OpId_130 (cycles)
5329706513,EXECUTE,60129,CYCLES,BACKEND,SUB-EVENT,_MatMul_4:OpId_131 (cycles)
5329706513,EXECUTE,0,CYCLES,BACKEND,SUB-EVENT,_Reshape_6:OpId_135 (cycles)
5329706513,EXECUTE,0,CYCLES,BACKEND,SUB-EVENT,_Transpose_4:OpId_137 (cycles)
5329706513,EXECUTE,22432,CYCLES,BACKEND,SUB-EVENT,_MatMul_5:OpId_139 (cycles)
5329706513,EXECUTE,0,CYCLES,BACKEND,SUB-EVENT,_MatMul_5_post_reshape:OpId_142 (cycles)
5329706513,EXECUTE,0,CYCLES,BACKEND,SUB-EVENT,_MatMul_5_output_0_nfc:OpId_144 (cycles)
5329706513,EXECUTE,132570,CYCLES,BACKEND,SUB-EVENT,_Add_7:OpId_146 (cycles)
5329706513,EXECUTE,318,CYCLES,BACKEND,SUB-EVENT,_Add_7_output_0_ncf:OpId_149 (cycles)
5329706513,EXECUTE,4781,CYCLES,BACKEND,SUB-EVENT,rms_norm__Mul_11_output_0:OpId_154 (cycles)
5329706513,EXECUTE,0,CYCLES,BACKEND,SUB-EVENT,_MatMul_6:OpId_158 (cycles)
5329706513,EXECUTE,0,CYCLES,BACKEND,SUB-EVENT,_MatMul_6_post_reshape:OpId_161 (cycles)
5329706513,EXECUTE,283708,CYCLES,BACKEND,SUB-EVENT,_MatMul_7:OpId_163 (cycles)
5329706513,EXECUTE,0,CYCLES,BACKEND,SUB-EVENT,_MatMul_7_post_reshape:OpId_166 (cycles)
5329706513,EXECUTE,0,CYCLES,BACKEND,SUB-EVENT,_Sigmoid:OpId_167 (cycles)
5329706513,EXECUTE,254575,CYCLES,BACKEND,SUB-EVENT,_Mul_12:OpId_174 (cycles)
5329706513,EXECUTE,39644,CYCLES,BACKEND,SUB-EVENT,_Mul_13:OpId_176 (cycles)
5329706513,EXECUTE,401529,CYCLES,BACKEND,SUB-EVENT,_MatMul_8:OpId_179 (cycles)
5329706513,EXECUTE,0,CYCLES,BACKEND,SUB-EVENT,_MatMul_8_post_reshape:OpId_182 (cycles)
5329706513,EXECUTE,0,CYCLES,BACKEND,SUB-EVENT,_MatMul_8_output_0_nfc:OpId_184 (cycles)
5329706513,EXECUTE,15040,CYCLES,BACKEND,SUB-EVENT,_Add_9:OpId_186 (cycles)
5329706513,EXECUTE,8533,CYCLES,BACKEND,SUB-EVENT,Output OpId_3 (cycles)
5329706513,EXECUTE,4654,US,BACKEND,ROOT,Accelerator (execute) time
5329706513,EXECUTE,4509,US,BACKEND,ROOT,Accelerator (execute excluding wait) time
5329706513,EXECUTE,12239,US,BACKEND,ROOT,QNN (execute) time
5329719855,EXECUTE,12188,US,NETRUN,ROOT,Graph 0: qwen2_0_5b_layer0_decode_past128_grouped_gqa_delta_kv
5329719855,EXECUTE,4,COUNT,BACKEND,ROOT,Number of HVX threads used
5329719855,EXECUTE,11804,US,BACKEND,ROOT,RPC (execute) time
5329719855,EXECUTE,9654,US,BACKEND,ROOT,QNN accelerator (execute) time
5329719855,EXECUTE,0,COUNT,BACKEND,ROOT,Num times yield occured
5329719855,EXECUTE,912,US,BACKEND,ROOT,Time for initial VTCM acquire
5329719855,EXECUTE,275,US,BACKEND,ROOT,Time for HVX + HMX power on and acquire
5329719855,EXECUTE,2388479,CYCLES,BACKEND,ROOT,Accelerator (execute) time (cycles)
5329719855,EXECUTE,93622,CYCLES,BACKEND,SUB-EVENT,Input OpId_2 (cycles)
5329719855,EXECUTE,32719,CYCLES,BACKEND,SUB-EVENT,hidden_states_ncf:OpId_17 (cycles)
5329719855,EXECUTE,50089,CYCLES,BACKEND,SUB-EVENT,past_value_nchw:OpId_20 (cycles)
5329719855,EXECUTE,17815,CYCLES,BACKEND,SUB-EVENT,rms_norm__Mul_1_output_0:OpId_24 (cycles)
5329719855,EXECUTE,74272,CYCLES,BACKEND,SUB-EVENT,_MatMul:OpId_29 (cycles)
5329719855,EXECUTE,0,CYCLES,BACKEND,SUB-EVENT,_MatMul_post_reshape:OpId_31 (cycles)
5329719855,EXECUTE,9495,CYCLES,BACKEND,SUB-EVENT,_MatMul_1:OpId_34 (cycles)
5329719855,EXECUTE,41605,CYCLES,BACKEND,SUB-EVENT,_MatMul_1_post_reshape:OpId_36 (cycles)
5329719855,EXECUTE,4857,CYCLES,BACKEND,SUB-EVENT,_MatMul_2:OpId_39 (cycles)
5329719855,EXECUTE,39834,CYCLES,BACKEND,SUB-EVENT,_MatMul_2_post_reshape:OpId_41 (cycles)
5329719855,EXECUTE,476,CYCLES,BACKEND,SUB-EVENT,_Transpose:OpId_43 (cycles)
5329719855,EXECUTE,8957,CYCLES,BACKEND,SUB-EVENT,_Transpose_1:OpId_45 (cycles)
5329719855,EXECUTE,8713,CYCLES,BACKEND,SUB-EVENT,_Transpose_2:OpId_47 (cycles)
5329719855,EXECUTE,49845,CYCLES,BACKEND,SUB-EVENT,_Slice:OpId_49 (cycles)
5329719855,EXECUTE,15706,CYCLES,BACKEND,SUB-EVENT,_Slice_1:OpId_55 (cycles)
5329719855,EXECUTE,2679,CYCLES,BACKEND,SUB-EVENT,_Mul_2:OpId_61 (cycles)
5329719855,EXECUTE,1240,CYCLES,BACKEND,SUB-EVENT,_Mul_3:OpId_64 (cycles)
5329719855,EXECUTE,263,CYCLES,BACKEND,SUB-EVENT,_Sub:OpId_66 (cycles)
5329719855,EXECUTE,3020,CYCLES,BACKEND,SUB-EVENT,_Mul_4:OpId_68 (cycles)
5329719855,EXECUTE,1337,CYCLES,BACKEND,SUB-EVENT,_Mul_5:OpId_70 (cycles)
5329719855,EXECUTE,10902,CYCLES,BACKEND,SUB-EVENT,_Add_4:OpId_72 (cycles)
5329719855,EXECUTE,0,CYCLES,BACKEND,SUB-EVENT,_Unsqueeze:OpId_74 (cycles)
5329719855,EXECUTE,0,CYCLES,BACKEND,SUB-EVENT,_Unsqueeze_1:OpId_75 (cycles)
5329719855,EXECUTE,764,CYCLES,BACKEND,SUB-EVENT,_Concat:OpId_76 (cycles)
5329719855,EXECUTE,553,CYCLES,BACKEND,SUB-EVENT,_Reshape_3:OpId_78 (cycles)
5329719855,EXECUTE,88226,CYCLES,BACKEND,SUB-EVENT,_Slice_3:OpId_80 (cycles)
5329719855,EXECUTE,12015,CYCLES,BACKEND,SUB-EVENT,_Slice_4:OpId_86 (cycles)
5329719855,EXECUTE,29495,CYCLES,BACKEND,SUB-EVENT,_Mul_6:OpId_91 (cycles)
5329719855,EXECUTE,23704,CYCLES,BACKEND,SUB-EVENT,_Mul_7:OpId_93 (cycles)
5329719855,EXECUTE,5006,CYCLES,BACKEND,SUB-EVENT,_Sub_1:OpId_95 (cycles)
5329719855,EXECUTE,28849,CYCLES,BACKEND,SUB-EVENT,_Mul_8:OpId_97 (cycles)
5329719855,EXECUTE,23130,CYCLES,BACKEND,SUB-EVENT,_Mul_9:OpId_99 (cycles)
5329719855,EXECUTE,4706,CYCLES,BACKEND,SUB-EVENT,_Add_5:OpId_101 (cycles)
5329719855,EXECUTE,0,CYCLES,BACKEND,SUB-EVENT,_Unsqueeze_2:OpId_103 (cycles)
5329719855,EXECUTE,0,CYCLES,BACKEND,SUB-EVENT,_Unsqueeze_3:OpId_104 (cycles)
5329719855,EXECUTE,6776,CYCLES,BACKEND,SUB-EVENT,_Concat_2:OpId_105 (cycles)
5329719855,EXECUTE,0,CYCLES,BACKEND,SUB-EVENT,_Reshape_4:OpId_107 (cycles)
5329719855,EXECUTE,2231,CYCLES,BACKEND,SUB-EVENT,current_key_nhwc:OpId_109 (cycles)
5329719855,EXECUTE,4371,CYCLES,BACKEND,SUB-EVENT,_Concat_4:OpId_110 (cycles)
5329719855,EXECUTE,371852,CYCLES,BACKEND,SUB-EVENT,_Concat_4_output_0_nchw:OpId_113 (cycles)
5329719855,EXECUTE,2029,CYCLES,BACKEND,SUB-EVENT,_Concat_5:OpId_114 (cycles)
5329719855,EXECUTE,0,CYCLES,BACKEND,SUB-EVENT,_Unsqueeze_4:OpId_116 (cycles)
5329719855,EXECUTE,36111,CYCLES,BACKEND,SUB-EVENT,_MatMul_3:OpId_117 (cycles)
5329719855,EXECUTE,19422,CYCLES,BACKEND,SUB-EVENT,_Div_1:OpId_122 (cycles)
5329719855,EXECUTE,0,CYCLES,BACKEND,SUB-EVENT,_Add_6:OpId_125 (cycles)
5329719855,EXECUTE,22189,CYCLES,BACKEND,SUB-EVENT,_Softmax:OpId_127 (cycles)
5329719855,EXECUTE,0,CYCLES,BACKEND,SUB-EVENT,_Unsqueeze_5:OpId_130 (cycles)
5329719855,EXECUTE,57763,CYCLES,BACKEND,SUB-EVENT,_MatMul_4:OpId_131 (cycles)
5329719855,EXECUTE,0,CYCLES,BACKEND,SUB-EVENT,_Reshape_6:OpId_135 (cycles)
5329719855,EXECUTE,0,CYCLES,BACKEND,SUB-EVENT,_Transpose_4:OpId_137 (cycles)
5329719855,EXECUTE,24349,CYCLES,BACKEND,SUB-EVENT,_MatMul_5:OpId_139 (cycles)
5329719855,EXECUTE,0,CYCLES,BACKEND,SUB-EVENT,_MatMul_5_post_reshape:OpId_142 (cycles)
5329719855,EXECUTE,0,CYCLES,BACKEND,SUB-EVENT,_MatMul_5_output_0_nfc:OpId_144 (cycles)
5329719855,EXECUTE,152123,CYCLES,BACKEND,SUB-EVENT,_Add_7:OpId_146 (cycles)
5329719855,EXECUTE,295,CYCLES,BACKEND,SUB-EVENT,_Add_7_output_0_ncf:OpId_149 (cycles)
5329719855,EXECUTE,5046,CYCLES,BACKEND,SUB-EVENT,rms_norm__Mul_11_output_0:OpId_154 (cycles)
5329719855,EXECUTE,0,CYCLES,BACKEND,SUB-EVENT,_MatMul_6:OpId_158 (cycles)
5329719855,EXECUTE,0,CYCLES,BACKEND,SUB-EVENT,_MatMul_6_post_reshape:OpId_161 (cycles)
5329719855,EXECUTE,291131,CYCLES,BACKEND,SUB-EVENT,_MatMul_7:OpId_163 (cycles)
5329719855,EXECUTE,0,CYCLES,BACKEND,SUB-EVENT,_MatMul_7_post_reshape:OpId_166 (cycles)
5329719855,EXECUTE,0,CYCLES,BACKEND,SUB-EVENT,_Sigmoid:OpId_167 (cycles)
5329719855,EXECUTE,250881,CYCLES,BACKEND,SUB-EVENT,_Mul_12:OpId_174 (cycles)
5329719855,EXECUTE,29053,CYCLES,BACKEND,SUB-EVENT,_Mul_13:OpId_176 (cycles)
5329719855,EXECUTE,403983,CYCLES,BACKEND,SUB-EVENT,_MatMul_8:OpId_179 (cycles)
5329719855,EXECUTE,0,CYCLES,BACKEND,SUB-EVENT,_MatMul_8_post_reshape:OpId_182 (cycles)
5329719855,EXECUTE,0,CYCLES,BACKEND,SUB-EVENT,_MatMul_8_output_0_nfc:OpId_184 (cycles)
5329719855,EXECUTE,14800,CYCLES,BACKEND,SUB-EVENT,_Add_9:OpId_186 (cycles)
5329719855,EXECUTE,10180,CYCLES,BACKEND,SUB-EVENT,Output OpId_3 (cycles)
5329719855,EXECUTE,4657,US,BACKEND,ROOT,Accelerator (execute) time
5329719855,EXECUTE,4512,US,BACKEND,ROOT,Accelerator (execute excluding wait) time
5329719855,EXECUTE,12165,US,BACKEND,ROOT,QNN (execute) time
5329733715,EXECUTE,12626,US,NETRUN,ROOT,Graph 0: qwen2_0_5b_layer0_decode_past128_grouped_gqa_delta_kv
5329733715,EXECUTE,4,COUNT,BACKEND,ROOT,Number of HVX threads used
5329733715,EXECUTE,12156,US,BACKEND,ROOT,RPC (execute) time
5329733715,EXECUTE,9840,US,BACKEND,ROOT,QNN accelerator (execute) time
5329733715,EXECUTE,0,COUNT,BACKEND,ROOT,Num times yield occured
5329733715,EXECUTE,742,US,BACKEND,ROOT,Time for initial VTCM acquire
5329733715,EXECUTE,266,US,BACKEND,ROOT,Time for HVX + HMX power on and acquire
5329733715,EXECUTE,2240388,CYCLES,BACKEND,ROOT,Accelerator (execute) time (cycles)
5329733715,EXECUTE,27842,CYCLES,BACKEND,SUB-EVENT,Input OpId_2 (cycles)
5329733715,EXECUTE,7890,CYCLES,BACKEND,SUB-EVENT,hidden_states_ncf:OpId_17 (cycles)
5329733715,EXECUTE,27167,CYCLES,BACKEND,SUB-EVENT,past_value_nchw:OpId_20 (cycles)
5329733715,EXECUTE,13939,CYCLES,BACKEND,SUB-EVENT,rms_norm__Mul_1_output_0:OpId_24 (cycles)
5329733715,EXECUTE,98630,CYCLES,BACKEND,SUB-EVENT,_MatMul:OpId_29 (cycles)
5329733715,EXECUTE,0,CYCLES,BACKEND,SUB-EVENT,_MatMul_post_reshape:OpId_31 (cycles)
5329733715,EXECUTE,14858,CYCLES,BACKEND,SUB-EVENT,_MatMul_1:OpId_34 (cycles)
5329733715,EXECUTE,17144,CYCLES,BACKEND,SUB-EVENT,_MatMul_1_post_reshape:OpId_36 (cycles)
5329733715,EXECUTE,2116,CYCLES,BACKEND,SUB-EVENT,_MatMul_2:OpId_39 (cycles)
5329733715,EXECUTE,51279,CYCLES,BACKEND,SUB-EVENT,_MatMul_2_post_reshape:OpId_41 (cycles)
5329733715,EXECUTE,479,CYCLES,BACKEND,SUB-EVENT,_Transpose:OpId_43 (cycles)
5329733715,EXECUTE,3317,CYCLES,BACKEND,SUB-EVENT,_Transpose_1:OpId_45 (cycles)
5329733715,EXECUTE,3091,CYCLES,BACKEND,SUB-EVENT,_Transpose_2:OpId_47 (cycles)
5329733715,EXECUTE,24540,CYCLES,BACKEND,SUB-EVENT,_Slice:OpId_49 (cycles)
5329733715,EXECUTE,6373,CYCLES,BACKEND,SUB-EVENT,_Slice_1:OpId_55 (cycles)
5329733715,EXECUTE,1508,CYCLES,BACKEND,SUB-EVENT,_Mul_2:OpId_61 (cycles)
5329733715,EXECUTE,1461,CYCLES,BACKEND,SUB-EVENT,_Mul_3:OpId_64 (cycles)
5329733715,EXECUTE,265,CYCLES,BACKEND,SUB-EVENT,_Sub:OpId_66 (cycles)
5329733715,EXECUTE,1811,CYCLES,BACKEND,SUB-EVENT,_Mul_4:OpId_68 (cycles)
5329733715,EXECUTE,1233,CYCLES,BACKEND,SUB-EVENT,_Mul_5:OpId_70 (cycles)
5329733715,EXECUTE,2558,CYCLES,BACKEND,SUB-EVENT,_Add_4:OpId_72 (cycles)
5329733715,EXECUTE,0,CYCLES,BACKEND,SUB-EVENT,_Unsqueeze:OpId_74 (cycles)
5329733715,EXECUTE,0,CYCLES,BACKEND,SUB-EVENT,_Unsqueeze_1:OpId_75 (cycles)
5329733715,EXECUTE,926,CYCLES,BACKEND,SUB-EVENT,_Concat:OpId_76 (cycles)
5329733715,EXECUTE,552,CYCLES,BACKEND,SUB-EVENT,_Reshape_3:OpId_78 (cycles)
5329733715,EXECUTE,24703,CYCLES,BACKEND,SUB-EVENT,_Slice_3:OpId_80 (cycles)
5329733715,EXECUTE,5132,CYCLES,BACKEND,SUB-EVENT,_Slice_4:OpId_86 (cycles)
5329733715,EXECUTE,7513,CYCLES,BACKEND,SUB-EVENT,_Mul_6:OpId_91 (cycles)
5329733715,EXECUTE,4651,CYCLES,BACKEND,SUB-EVENT,_Mul_7:OpId_93 (cycles)
5329733715,EXECUTE,867,CYCLES,BACKEND,SUB-EVENT,_Sub_1:OpId_95 (cycles)
5329733715,EXECUTE,7462,CYCLES,BACKEND,SUB-EVENT,_Mul_8:OpId_97 (cycles)
5329733715,EXECUTE,4139,CYCLES,BACKEND,SUB-EVENT,_Mul_9:OpId_99 (cycles)
5329733715,EXECUTE,1226,CYCLES,BACKEND,SUB-EVENT,_Add_5:OpId_101 (cycles)
5329733715,EXECUTE,0,CYCLES,BACKEND,SUB-EVENT,_Unsqueeze_2:OpId_103 (cycles)
5329733715,EXECUTE,0,CYCLES,BACKEND,SUB-EVENT,_Unsqueeze_3:OpId_104 (cycles)
5329733715,EXECUTE,3126,CYCLES,BACKEND,SUB-EVENT,_Concat_2:OpId_105 (cycles)
5329733715,EXECUTE,0,CYCLES,BACKEND,SUB-EVENT,_Reshape_4:OpId_107 (cycles)
5329733715,EXECUTE,961,CYCLES,BACKEND,SUB-EVENT,current_key_nhwc:OpId_109 (cycles)
5329733715,EXECUTE,3208,CYCLES,BACKEND,SUB-EVENT,_Concat_4:OpId_110 (cycles)
5329733715,EXECUTE,352850,CYCLES,BACKEND,SUB-EVENT,_Concat_4_output_0_nchw:OpId_113 (cycles)
5329733715,EXECUTE,1589,CYCLES,BACKEND,SUB-EVENT,_Concat_5:OpId_114 (cycles)
5329733715,EXECUTE,0,CYCLES,BACKEND,SUB-EVENT,_Unsqueeze_4:OpId_116 (cycles)
5329733715,EXECUTE,33334,CYCLES,BACKEND,SUB-EVENT,_MatMul_3:OpId_117 (cycles)
5329733715,EXECUTE,6668,CYCLES,BACKEND,SUB-EVENT,_Div_1:OpId_122 (cycles)
5329733715,EXECUTE,0,CYCLES,BACKEND,SUB-EVENT,_Add_6:OpId_125 (cycles)
5329733715,EXECUTE,22066,CYCLES,BACKEND,SUB-EVENT,_Softmax:OpId_127 (cycles)
5329733715,EXECUTE,0,CYCLES,BACKEND,SUB-EVENT,_Unsqueeze_5:OpId_130 (cycles)
5329733715,EXECUTE,32702,CYCLES,BACKEND,SUB-EVENT,_MatMul_4:OpId_131 (cycles)
5329733715,EXECUTE,0,CYCLES,BACKEND,SUB-EVENT,_Reshape_6:OpId_135 (cycles)
5329733715,EXECUTE,0,CYCLES,BACKEND,SUB-EVENT,_Transpose_4:OpId_137 (cycles)
5329733715,EXECUTE,56545,CYCLES,BACKEND,SUB-EVENT,_MatMul_5:OpId_139 (cycles)
5329733715,EXECUTE,0,CYCLES,BACKEND,SUB-EVENT,_MatMul_5_post_reshape:OpId_142 (cycles)
5329733715,EXECUTE,0,CYCLES,BACKEND,SUB-EVENT,_MatMul_5_output_0_nfc:OpId_144 (cycles)
5329733715,EXECUTE,117109,CYCLES,BACKEND,SUB-EVENT,_Add_7:OpId_146 (cycles)
5329733715,EXECUTE,292,CYCLES,BACKEND,SUB-EVENT,_Add_7_output_0_ncf:OpId_149 (cycles)
5329733715,EXECUTE,2435,CYCLES,BACKEND,SUB-EVENT,rms_norm__Mul_11_output_0:OpId_154 (cycles)
5329733715,EXECUTE,0,CYCLES,BACKEND,SUB-EVENT,_MatMul_6:OpId_158 (cycles)
5329733715,EXECUTE,0,CYCLES,BACKEND,SUB-EVENT,_MatMul_6_post_reshape:OpId_161 (cycles)
5329733715,EXECUTE,427869,CYCLES,BACKEND,SUB-EVENT,_MatMul_7:OpId_163 (cycles)
5329733715,EXECUTE,0,CYCLES,BACKEND,SUB-EVENT,_MatMul_7_post_reshape:OpId_166 (cycles)
5329733715,EXECUTE,0,CYCLES,BACKEND,SUB-EVENT,_Sigmoid:OpId_167 (cycles)
5329733715,EXECUTE,355421,CYCLES,BACKEND,SUB-EVENT,_Mul_12:OpId_174 (cycles)
5329733715,EXECUTE,38127,CYCLES,BACKEND,SUB-EVENT,_Mul_13:OpId_176 (cycles)
5329733715,EXECUTE,402838,CYCLES,BACKEND,SUB-EVENT,_MatMul_8:OpId_179 (cycles)
5329733715,EXECUTE,0,CYCLES,BACKEND,SUB-EVENT,_MatMul_8_post_reshape:OpId_182 (cycles)
5329733715,EXECUTE,0,CYCLES,BACKEND,SUB-EVENT,_MatMul_8_output_0_nfc:OpId_184 (cycles)
5329733715,EXECUTE,14925,CYCLES,BACKEND,SUB-EVENT,_Add_9:OpId_186 (cycles)
5329733715,EXECUTE,3651,CYCLES,BACKEND,SUB-EVENT,Output OpId_3 (cycles)
5329733715,EXECUTE,4975,US,BACKEND,ROOT,Accelerator (execute) time
5329733715,EXECUTE,4830,US,BACKEND,ROOT,Accelerator (execute excluding wait) time
5329733715,EXECUTE,12604,US,BACKEND,ROOT,QNN (execute) time
5329747084,EXECUTE,12318,US,NETRUN,ROOT,Graph 0: qwen2_0_5b_layer0_decode_past128_grouped_gqa_delta_kv
5329747084,EXECUTE,4,COUNT,BACKEND,ROOT,Number of HVX threads used
5329747084,EXECUTE,11858,US,BACKEND,ROOT,RPC (execute) time
5329747084,EXECUTE,9692,US,BACKEND,ROOT,QNN accelerator (execute) time
5329747084,EXECUTE,0,COUNT,BACKEND,ROOT,Num times yield occured
5329747084,EXECUTE,619,US,BACKEND,ROOT,Time for initial VTCM acquire
5329747084,EXECUTE,320,US,BACKEND,ROOT,Time for HVX + HMX power on and acquire
5329747084,EXECUTE,2385621,CYCLES,BACKEND,ROOT,Accelerator (execute) time (cycles)
5329747084,EXECUTE,69985,CYCLES,BACKEND,SUB-EVENT,Input OpId_2 (cycles)
5329747084,EXECUTE,22315,CYCLES,BACKEND,SUB-EVENT,hidden_states_ncf:OpId_17 (cycles)
5329747084,EXECUTE,41410,CYCLES,BACKEND,SUB-EVENT,past_value_nchw:OpId_20 (cycles)
5329747084,EXECUTE,15993,CYCLES,BACKEND,SUB-EVENT,rms_norm__Mul_1_output_0:OpId_24 (cycles)
5329747084,EXECUTE,94331,CYCLES,BACKEND,SUB-EVENT,_MatMul:OpId_29 (cycles)
5329747084,EXECUTE,0,CYCLES,BACKEND,SUB-EVENT,_MatMul_post_reshape:OpId_31 (cycles)
5329747084,EXECUTE,10242,CYCLES,BACKEND,SUB-EVENT,_MatMul_1:OpId_34 (cycles)
5329747084,EXECUTE,29303,CYCLES,BACKEND,SUB-EVENT,_MatMul_1_post_reshape:OpId_36 (cycles)
5329747084,EXECUTE,10927,CYCLES,BACKEND,SUB-EVENT,_MatMul_2:OpId_39 (cycles)
5329747084,EXECUTE,27574,CYCLES,BACKEND,SUB-EVENT,_MatMul_2_post_reshape:OpId_41 (cycles)
5329747084,EXECUTE,481,CYCLES,BACKEND,SUB-EVENT,_Transpose:OpId_43 (cycles)
5329747084,EXECUTE,7885,CYCLES,BACKEND,SUB-EVENT,_Transpose_1:OpId_45 (cycles)
5329747084,EXECUTE,7691,CYCLES,BACKEND,SUB-EVENT,_Transpose_2:OpId_47 (cycles)
5329747084,EXECUTE,61093,CYCLES,BACKEND,SUB-EVENT,_Slice:OpId_49 (cycles)
5329747084,EXECUTE,18536,CYCLES,BACKEND,SUB-EVENT,_Slice_1:OpId_55 (cycles)
5329747084,EXECUTE,2672,CYCLES,BACKEND,SUB-EVENT,_Mul_2:OpId_61 (cycles)
5329747084,EXECUTE,1365,CYCLES,BACKEND,SUB-EVENT,_Mul_3:OpId_64 (cycles)
5329747084,EXECUTE,270,CYCLES,BACKEND,SUB-EVENT,_Sub:OpId_66 (cycles)
5329747084,EXECUTE,2755,CYCLES,BACKEND,SUB-EVENT,_Mul_4:OpId_68 (cycles)
5329747084,EXECUTE,1378,CYCLES,BACKEND,SUB-EVENT,_Mul_5:OpId_70 (cycles)
5329747084,EXECUTE,6027,CYCLES,BACKEND,SUB-EVENT,_Add_4:OpId_72 (cycles)
5329747084,EXECUTE,0,CYCLES,BACKEND,SUB-EVENT,_Unsqueeze:OpId_74 (cycles)
5329747084,EXECUTE,0,CYCLES,BACKEND,SUB-EVENT,_Unsqueeze_1:OpId_75 (cycles)
5329747084,EXECUTE,840,CYCLES,BACKEND,SUB-EVENT,_Concat:OpId_76 (cycles)
5329747084,EXECUTE,554,CYCLES,BACKEND,SUB-EVENT,_Reshape_3:OpId_78 (cycles)
5329747084,EXECUTE,95477,CYCLES,BACKEND,SUB-EVENT,_Slice_3:OpId_80 (cycles)
5329747084,EXECUTE,16017,CYCLES,BACKEND,SUB-EVENT,_Slice_4:OpId_86 (cycles)
5329747084,EXECUTE,30560,CYCLES,BACKEND,SUB-EVENT,_Mul_6:OpId_91 (cycles)
5329747084,EXECUTE,30169,CYCLES,BACKEND,SUB-EVENT,_Mul_7:OpId_93 (cycles)
5329747084,EXECUTE,5131,CYCLES,BACKEND,SUB-EVENT,_Sub_1:OpId_95 (cycles)
5329747084,EXECUTE,30460,CYCLES,BACKEND,SUB-EVENT,_Mul_8:OpId_97 (cycles)
5329747084,EXECUTE,30069,CYCLES,BACKEND,SUB-EVENT,_Mul_9:OpId_99 (cycles)
5329747084,EXECUTE,5740,CYCLES,BACKEND,SUB-EVENT,_Add_5:OpId_101 (cycles)
5329747084,EXECUTE,0,CYCLES,BACKEND,SUB-EVENT,_Unsqueeze_2:OpId_103 (cycles)
5329747084,EXECUTE,0,CYCLES,BACKEND,SUB-EVENT,_Unsqueeze_3:OpId_104 (cycles)
5329747084,EXECUTE,5738,CYCLES,BACKEND,SUB-EVENT,_Concat_2:OpId_105 (cycles)
5329747084,EXECUTE,0,CYCLES,BACKEND,SUB-EVENT,_Reshape_4:OpId_107 (cycles)
5329747084,EXECUTE,2598,CYCLES,BACKEND,SUB-EVENT,current_key_nhwc:OpId_109 (cycles)
5329747084,EXECUTE,4211,CYCLES,BACKEND,SUB-EVENT,_Concat_4:OpId_110 (cycles)
5329747084,EXECUTE,371230,CYCLES,BACKEND,SUB-EVENT,_Concat_4_output_0_nchw:OpId_113 (cycles)
5329747084,EXECUTE,7806,CYCLES,BACKEND,SUB-EVENT,_Concat_5:OpId_114 (cycles)
5329747084,EXECUTE,0,CYCLES,BACKEND,SUB-EVENT,_Unsqueeze_4:OpId_116 (cycles)
5329747084,EXECUTE,35242,CYCLES,BACKEND,SUB-EVENT,_MatMul_3:OpId_117 (cycles)
5329747084,EXECUTE,19405,CYCLES,BACKEND,SUB-EVENT,_Div_1:OpId_122 (cycles)
5329747084,EXECUTE,0,CYCLES,BACKEND,SUB-EVENT,_Add_6:OpId_125 (cycles)
5329747084,EXECUTE,23438,CYCLES,BACKEND,SUB-EVENT,_Softmax:OpId_127 (cycles)
5329747084,EXECUTE,0,CYCLES,BACKEND,SUB-EVENT,_Unsqueeze_5:OpId_130 (cycles)
5329747084,EXECUTE,67194,CYCLES,BACKEND,SUB-EVENT,_MatMul_4:OpId_131 (cycles)
5329747084,EXECUTE,0,CYCLES,BACKEND,SUB-EVENT,_Reshape_6:OpId_135 (cycles)
5329747084,EXECUTE,0,CYCLES,BACKEND,SUB-EVENT,_Transpose_4:OpId_137 (cycles)
5329747084,EXECUTE,23860,CYCLES,BACKEND,SUB-EVENT,_MatMul_5:OpId_139 (cycles)
5329747084,EXECUTE,0,CYCLES,BACKEND,SUB-EVENT,_MatMul_5_post_reshape:OpId_142 (cycles)
5329747084,EXECUTE,0,CYCLES,BACKEND,SUB-EVENT,_MatMul_5_output_0_nfc:OpId_144 (cycles)
5329747084,EXECUTE,137279,CYCLES,BACKEND,SUB-EVENT,_Add_7:OpId_146 (cycles)
5329747084,EXECUTE,278,CYCLES,BACKEND,SUB-EVENT,_Add_7_output_0_ncf:OpId_149 (cycles)
5329747084,EXECUTE,4893,CYCLES,BACKEND,SUB-EVENT,rms_norm__Mul_11_output_0:OpId_154 (cycles)
5329747084,EXECUTE,0,CYCLES,BACKEND,SUB-EVENT,_MatMul_6:OpId_158 (cycles)
5329747084,EXECUTE,0,CYCLES,BACKEND,SUB-EVENT,_MatMul_6_post_reshape:OpId_161 (cycles)
5329747084,EXECUTE,292657,CYCLES,BACKEND,SUB-EVENT,_MatMul_7:OpId_163 (cycles)
5329747084,EXECUTE,0,CYCLES,BACKEND,SUB-EVENT,_MatMul_7_post_reshape:OpId_166 (cycles)
5329747084,EXECUTE,0,CYCLES,BACKEND,SUB-EVENT,_Sigmoid:OpId_167 (cycles)
5329747084,EXECUTE,241331,CYCLES,BACKEND,SUB-EVENT,_Mul_12:OpId_174 (cycles)
5329747084,EXECUTE,32010,CYCLES,BACKEND,SUB-EVENT,_Mul_13:OpId_176 (cycles)
5329747084,EXECUTE,408985,CYCLES,BACKEND,SUB-EVENT,_MatMul_8:OpId_179 (cycles)
5329747084,EXECUTE,0,CYCLES,BACKEND,SUB-EVENT,_MatMul_8_post_reshape:OpId_182 (cycles)
5329747084,EXECUTE,0,CYCLES,BACKEND,SUB-EVENT,_MatMul_8_output_0_nfc:OpId_184 (cycles)
5329747084,EXECUTE,14946,CYCLES,BACKEND,SUB-EVENT,_Add_9:OpId_186 (cycles)
5329747084,EXECUTE,15270,CYCLES,BACKEND,SUB-EVENT,Output OpId_3 (cycles)
5329747084,EXECUTE,4660,US,BACKEND,ROOT,Accelerator (execute) time
5329747084,EXECUTE,4525,US,BACKEND,ROOT,Accelerator (execute excluding wait) time
5329747084,EXECUTE,12297,US,BACKEND,ROOT,QNN (execute) time
5329760556,EXECUTE,12298,US,NETRUN,ROOT,Graph 0: qwen2_0_5b_layer0_decode_past128_grouped_gqa_delta_kv
5329760556,EXECUTE,4,COUNT,BACKEND,ROOT,Number of HVX threads used
5329760556,EXECUTE,11904,US,BACKEND,ROOT,RPC (execute) time
5329760556,EXECUTE,9707,US,BACKEND,ROOT,QNN accelerator (execute) time
5329760556,EXECUTE,0,COUNT,BACKEND,ROOT,Num times yield occured
5329760556,EXECUTE,599,US,BACKEND,ROOT,Time for initial VTCM acquire
5329760556,EXECUTE,280,US,BACKEND,ROOT,Time for HVX + HMX power on and acquire
5329760556,EXECUTE,2424631,CYCLES,BACKEND,ROOT,Accelerator (execute) time (cycles)
5329760556,EXECUTE,94737,CYCLES,BACKEND,SUB-EVENT,Input OpId_2 (cycles)
5329760556,EXECUTE,36480,CYCLES,BACKEND,SUB-EVENT,hidden_states_ncf:OpId_17 (cycles)
5329760556,EXECUTE,48549,CYCLES,BACKEND,SUB-EVENT,past_value_nchw:OpId_20 (cycles)
5329760556,EXECUTE,14276,CYCLES,BACKEND,SUB-EVENT,rms_norm__Mul_1_output_0:OpId_24 (cycles)
5329760556,EXECUTE,76078,CYCLES,BACKEND,SUB-EVENT,_MatMul:OpId_29 (cycles)
5329760556,EXECUTE,0,CYCLES,BACKEND,SUB-EVENT,_MatMul_post_reshape:OpId_31 (cycles)
5329760556,EXECUTE,9607,CYCLES,BACKEND,SUB-EVENT,_MatMul_1:OpId_34 (cycles)
5329760556,EXECUTE,24411,CYCLES,BACKEND,SUB-EVENT,_MatMul_1_post_reshape:OpId_36 (cycles)
5329760556,EXECUTE,3107,CYCLES,BACKEND,SUB-EVENT,_MatMul_2:OpId_39 (cycles)
5329760556,EXECUTE,22634,CYCLES,BACKEND,SUB-EVENT,_MatMul_2_post_reshape:OpId_41 (cycles)
5329760556,EXECUTE,482,CYCLES,BACKEND,SUB-EVENT,_Transpose:OpId_43 (cycles)
5329760556,EXECUTE,4698,CYCLES,BACKEND,SUB-EVENT,_Transpose_1:OpId_45 (cycles)
5329760556,EXECUTE,4502,CYCLES,BACKEND,SUB-EVENT,_Transpose_2:OpId_47 (cycles)
5329760556,EXECUTE,75464,CYCLES,BACKEND,SUB-EVENT,_Slice:OpId_49 (cycles)
5329760556,EXECUTE,17187,CYCLES,BACKEND,SUB-EVENT,_Slice_1:OpId_55 (cycles)
5329760556,EXECUTE,2480,CYCLES,BACKEND,SUB-EVENT,_Mul_2:OpId_61 (cycles)
5329760556,EXECUTE,1285,CYCLES,BACKEND,SUB-EVENT,_Mul_3:OpId_64 (cycles)
5329760556,EXECUTE,254,CYCLES,BACKEND,SUB-EVENT,_Sub:OpId_66 (cycles)
5329760556,EXECUTE,3172,CYCLES,BACKEND,SUB-EVENT,_Mul_4:OpId_68 (cycles)
5329760556,EXECUTE,1304,CYCLES,BACKEND,SUB-EVENT,_Mul_5:OpId_70 (cycles)
5329760556,EXECUTE,9888,CYCLES,BACKEND,SUB-EVENT,_Add_4:OpId_72 (cycles)
5329760556,EXECUTE,0,CYCLES,BACKEND,SUB-EVENT,_Unsqueeze:OpId_74 (cycles)
5329760556,EXECUTE,0,CYCLES,BACKEND,SUB-EVENT,_Unsqueeze_1:OpId_75 (cycles)
5329760556,EXECUTE,812,CYCLES,BACKEND,SUB-EVENT,_Concat:OpId_76 (cycles)
5329760556,EXECUTE,565,CYCLES,BACKEND,SUB-EVENT,_Reshape_3:OpId_78 (cycles)
5329760556,EXECUTE,117987,CYCLES,BACKEND,SUB-EVENT,_Slice_3:OpId_80 (cycles)
5329760556,EXECUTE,14922,CYCLES,BACKEND,SUB-EVENT,_Slice_4:OpId_86 (cycles)
5329760556,EXECUTE,31486,CYCLES,BACKEND,SUB-EVENT,_Mul_6:OpId_91 (cycles)
5329760556,EXECUTE,29356,CYCLES,BACKEND,SUB-EVENT,_Mul_7:OpId_93 (cycles)
5329760556,EXECUTE,4800,CYCLES,BACKEND,SUB-EVENT,_Sub_1:OpId_95 (cycles)
5329760556,EXECUTE,31223,CYCLES,BACKEND,SUB-EVENT,_Mul_8:OpId_97 (cycles)
5329760556,EXECUTE,27457,CYCLES,BACKEND,SUB-EVENT,_Mul_9:OpId_99 (cycles)
5329760556,EXECUTE,5724,CYCLES,BACKEND,SUB-EVENT,_Add_5:OpId_101 (cycles)
5329760556,EXECUTE,0,CYCLES,BACKEND,SUB-EVENT,_Unsqueeze_2:OpId_103 (cycles)
5329760556,EXECUTE,0,CYCLES,BACKEND,SUB-EVENT,_Unsqueeze_3:OpId_104 (cycles)
5329760556,EXECUTE,7089,CYCLES,BACKEND,SUB-EVENT,_Concat_2:OpId_105 (cycles)
5329760556,EXECUTE,0,CYCLES,BACKEND,SUB-EVENT,_Reshape_4:OpId_107 (cycles)
5329760556,EXECUTE,2905,CYCLES,BACKEND,SUB-EVENT,current_key_nhwc:OpId_109 (cycles)
5329760556,EXECUTE,4280,CYCLES,BACKEND,SUB-EVENT,_Concat_4:OpId_110 (cycles)
5329760556,EXECUTE,374318,CYCLES,BACKEND,SUB-EVENT,_Concat_4_output_0_nchw:OpId_113 (cycles)
5329760556,EXECUTE,5276,CYCLES,BACKEND,SUB-EVENT,_Concat_5:OpId_114 (cycles)
5329760556,EXECUTE,0,CYCLES,BACKEND,SUB-EVENT,_Unsqueeze_4:OpId_116 (cycles)
5329760556,EXECUTE,34956,CYCLES,BACKEND,SUB-EVENT,_MatMul_3:OpId_117 (cycles)
5329760556,EXECUTE,18946,CYCLES,BACKEND,SUB-EVENT,_Div_1:OpId_122 (cycles)
5329760556,EXECUTE,0,CYCLES,BACKEND,SUB-EVENT,_Add_6:OpId_125 (cycles)
5329760556,EXECUTE,22203,CYCLES,BACKEND,SUB-EVENT,_Softmax:OpId_127 (cycles)
5329760556,EXECUTE,0,CYCLES,BACKEND,SUB-EVENT,_Unsqueeze_5:OpId_130 (cycles)
5329760556,EXECUTE,68738,CYCLES,BACKEND,SUB-EVENT,_MatMul_4:OpId_131 (cycles)
5329760556,EXECUTE,0,CYCLES,BACKEND,SUB-EVENT,_Reshape_6:OpId_135 (cycles)
5329760556,EXECUTE,0,CYCLES,BACKEND,SUB-EVENT,_Transpose_4:OpId_137 (cycles)
5329760556,EXECUTE,18828,CYCLES,BACKEND,SUB-EVENT,_MatMul_5:OpId_139 (cycles)
5329760556,EXECUTE,0,CYCLES,BACKEND,SUB-EVENT,_MatMul_5_post_reshape:OpId_142 (cycles)
5329760556,EXECUTE,0,CYCLES,BACKEND,SUB-EVENT,_MatMul_5_output_0_nfc:OpId_144 (cycles)
5329760556,EXECUTE,137058,CYCLES,BACKEND,SUB-EVENT,_Add_7:OpId_146 (cycles)
5329760556,EXECUTE,255,CYCLES,BACKEND,SUB-EVENT,_Add_7_output_0_ncf:OpId_149 (cycles)
5329760556,EXECUTE,3338,CYCLES,BACKEND,SUB-EVENT,rms_norm__Mul_11_output_0:OpId_154 (cycles)
5329760556,EXECUTE,0,CYCLES,BACKEND,SUB-EVENT,_MatMul_6:OpId_158 (cycles)
5329760556,EXECUTE,0,CYCLES,BACKEND,SUB-EVENT,_MatMul_6_post_reshape:OpId_161 (cycles)
5329760556,EXECUTE,297054,CYCLES,BACKEND,SUB-EVENT,_MatMul_7:OpId_163 (cycles)
5329760556,EXECUTE,0,CYCLES,BACKEND,SUB-EVENT,_MatMul_7_post_reshape:OpId_166 (cycles)
5329760556,EXECUTE,0,CYCLES,BACKEND,SUB-EVENT,_Sigmoid:OpId_167 (cycles)
5329760556,EXECUTE,253279,CYCLES,BACKEND,SUB-EVENT,_Mul_12:OpId_174 (cycles)
5329760556,EXECUTE,29717,CYCLES,BACKEND,SUB-EVENT,_Mul_13:OpId_176 (cycles)
5329760556,EXECUTE,402314,CYCLES,BACKEND,SUB-EVENT,_MatMul_8:OpId_179 (cycles)
5329760556,EXECUTE,0,CYCLES,BACKEND,SUB-EVENT,_MatMul_8_post_reshape:OpId_182 (cycles)
5329760556,EXECUTE,0,CYCLES,BACKEND,SUB-EVENT,_MatMul_8_output_0_nfc:OpId_184 (cycles)
5329760556,EXECUTE,14750,CYCLES,BACKEND,SUB-EVENT,_Add_9:OpId_186 (cycles)
5329760556,EXECUTE,14400,CYCLES,BACKEND,SUB-EVENT,Output OpId_3 (cycles)
5329760556,EXECUTE,4670,US,BACKEND,ROOT,Accelerator (execute) time
5329760556,EXECUTE,4537,US,BACKEND,ROOT,Accelerator (execute excluding wait) time
5329760556,EXECUTE,12273,US,BACKEND,ROOT,QNN (execute) time
5329773778,EXECUTE,12154,US,NETRUN,ROOT,Graph 0: qwen2_0_5b_layer0_decode_past128_grouped_gqa_delta_kv
5329773778,EXECUTE,4,COUNT,BACKEND,ROOT,Number of HVX threads used
5329773778,EXECUTE,11740,US,BACKEND,ROOT,RPC (execute) time
5329773778,EXECUTE,9664,US,BACKEND,ROOT,QNN accelerator (execute) time
5329773778,EXECUTE,0,COUNT,BACKEND,ROOT,Num times yield occured
5329773778,EXECUTE,616,US,BACKEND,ROOT,Time for initial VTCM acquire
5329773778,EXECUTE,308,US,BACKEND,ROOT,Time for HVX + HMX power on and acquire
5329773778,EXECUTE,2339343,CYCLES,BACKEND,ROOT,Accelerator (execute) time (cycles)
5329773778,EXECUTE,98917,CYCLES,BACKEND,SUB-EVENT,Input OpId_2 (cycles)
5329773778,EXECUTE,35421,CYCLES,BACKEND,SUB-EVENT,hidden_states_ncf:OpId_17 (cycles)
5329773778,EXECUTE,35758,CYCLES,BACKEND,SUB-EVENT,past_value_nchw:OpId_20 (cycles)
5329773778,EXECUTE,10650,CYCLES,BACKEND,SUB-EVENT,rms_norm__Mul_1_output_0:OpId_24 (cycles)
5329773778,EXECUTE,90572,CYCLES,BACKEND,SUB-EVENT,_MatMul:OpId_29 (cycles)
5329773778,EXECUTE,0,CYCLES,BACKEND,SUB-EVENT,_MatMul_post_reshape:OpId_31 (cycles)
5329773778,EXECUTE,9688,CYCLES,BACKEND,SUB-EVENT,_MatMul_1:OpId_34 (cycles)
5329773778,EXECUTE,40581,CYCLES,BACKEND,SUB-EVENT,_MatMul_1_post_reshape:OpId_36 (cycles)
5329773778,EXECUTE,7141,CYCLES,BACKEND,SUB-EVENT,_MatMul_2:OpId_39 (cycles)
5329773778,EXECUTE,38802,CYCLES,BACKEND,SUB-EVENT,_MatMul_2_post_reshape:OpId_41 (cycles)
5329773778,EXECUTE,497,CYCLES,BACKEND,SUB-EVENT,_Transpose:OpId_43 (cycles)
5329773778,EXECUTE,6427,CYCLES,BACKEND,SUB-EVENT,_Transpose_1:OpId_45 (cycles)
5329773778,EXECUTE,6212,CYCLES,BACKEND,SUB-EVENT,_Transpose_2:OpId_47 (cycles)
5329773778,EXECUTE,48068,CYCLES,BACKEND,SUB-EVENT,_Slice:OpId_49 (cycles)
5329773778,EXECUTE,15563,CYCLES,BACKEND,SUB-EVENT,_Slice_1:OpId_55 (cycles)
5329773778,EXECUTE,2631,CYCLES,BACKEND,SUB-EVENT,_Mul_2:OpId_61 (cycles)
5329773778,EXECUTE,1223,CYCLES,BACKEND,SUB-EVENT,_Mul_3:OpId_64 (cycles)
5329773778,EXECUTE,269,CYCLES,BACKEND,SUB-EVENT,_Sub:OpId_66 (cycles)
5329773778,EXECUTE,2941,CYCLES,BACKEND,SUB-EVENT,_Mul_4:OpId_68 (cycles)
5329773778,EXECUTE,1330,CYCLES,BACKEND,SUB-EVENT,_Mul_5:OpId_70 (cycles)
5329773778,EXECUTE,8397,CYCLES,BACKEND,SUB-EVENT,_Add_4:OpId_72 (cycles)
5329773778,EXECUTE,0,CYCLES,BACKEND,SUB-EVENT,_Unsqueeze:OpId_74 (cycles)
5329773778,EXECUTE,0,CYCLES,BACKEND,SUB-EVENT,_Unsqueeze_1:OpId_75 (cycles)
5329773778,EXECUTE,931,CYCLES,BACKEND,SUB-EVENT,_Concat:OpId_76 (cycles)
5329773778,EXECUTE,587,CYCLES,BACKEND,SUB-EVENT,_Reshape_3:OpId_78 (cycles)
5329773778,EXECUTE,68055,CYCLES,BACKEND,SUB-EVENT,_Slice_3:OpId_80 (cycles)
5329773778,EXECUTE,13686,CYCLES,BACKEND,SUB-EVENT,_Slice_4:OpId_86 (cycles)
5329773778,EXECUTE,23582,CYCLES,BACKEND,SUB-EVENT,_Mul_6:OpId_91 (cycles)
5329773778,EXECUTE,19132,CYCLES,BACKEND,SUB-EVENT,_Mul_7:OpId_93 (cycles)
5329773778,EXECUTE,4684,CYCLES,BACKEND,SUB-EVENT,_Sub_1:OpId_95 (cycles)
5329773778,EXECUTE,23015,CYCLES,BACKEND,SUB-EVENT,_Mul_8:OpId_97 (cycles)
5329773778,EXECUTE,18527,CYCLES,BACKEND,SUB-EVENT,_Mul_9:OpId_99 (cycles)
5329773778,EXECUTE,4100,CYCLES,BACKEND,SUB-EVENT,_Add_5:OpId_101 (cycles)
5329773778,EXECUTE,0,CYCLES,BACKEND,SUB-EVENT,_Unsqueeze_2:OpId_103 (cycles)
5329773778,EXECUTE,0,CYCLES,BACKEND,SUB-EVENT,_Unsqueeze_3:OpId_104 (cycles)
5329773778,EXECUTE,5690,CYCLES,BACKEND,SUB-EVENT,_Concat_2:OpId_105 (cycles)
5329773778,EXECUTE,0,CYCLES,BACKEND,SUB-EVENT,_Reshape_4:OpId_107 (cycles)
5329773778,EXECUTE,2224,CYCLES,BACKEND,SUB-EVENT,current_key_nhwc:OpId_109 (cycles)
5329773778,EXECUTE,4417,CYCLES,BACKEND,SUB-EVENT,_Concat_4:OpId_110 (cycles)
5329773778,EXECUTE,369599,CYCLES,BACKEND,SUB-EVENT,_Concat_4_output_0_nchw:OpId_113 (cycles)
5329773778,EXECUTE,3403,CYCLES,BACKEND,SUB-EVENT,_Concat_5:OpId_114 (cycles)
5329773778,EXECUTE,0,CYCLES,BACKEND,SUB-EVENT,_Unsqueeze_4:OpId_116 (cycles)
5329773778,EXECUTE,35252,CYCLES,BACKEND,SUB-EVENT,_MatMul_3:OpId_117 (cycles)
5329773778,EXECUTE,18875,CYCLES,BACKEND,SUB-EVENT,_Div_1:OpId_122 (cycles)
5329773778,EXECUTE,0,CYCLES,BACKEND,SUB-EVENT,_Add_6:OpId_125 (cycles)
5329773778,EXECUTE,22315,CYCLES,BACKEND,SUB-EVENT,_Softmax:OpId_127 (cycles)
5329773778,EXECUTE,0,CYCLES,BACKEND,SUB-EVENT,_Unsqueeze_5:OpId_130 (cycles)
5329773778,EXECUTE,69058,CYCLES,BACKEND,SUB-EVENT,_MatMul_4:OpId_131 (cycles)
5329773778,EXECUTE,0,CYCLES,BACKEND,SUB-EVENT,_Reshape_6:OpId_135 (cycles)
5329773778,EXECUTE,0,CYCLES,BACKEND,SUB-EVENT,_Transpose_4:OpId_137 (cycles)
5329773778,EXECUTE,27691,CYCLES,BACKEND,SUB-EVENT,_MatMul_5:OpId_139 (cycles)
5329773778,EXECUTE,0,CYCLES,BACKEND,SUB-EVENT,_MatMul_5_post_reshape:OpId_142 (cycles)
5329773778,EXECUTE,0,CYCLES,BACKEND,SUB-EVENT,_MatMul_5_output_0_nfc:OpId_144 (cycles)
5329773778,EXECUTE,132637,CYCLES,BACKEND,SUB-EVENT,_Add_7:OpId_146 (cycles)
5329773778,EXECUTE,251,CYCLES,BACKEND,SUB-EVENT,_Add_7_output_0_ncf:OpId_149 (cycles)
5329773778,EXECUTE,4708,CYCLES,BACKEND,SUB-EVENT,rms_norm__Mul_11_output_0:OpId_154 (cycles)
5329773778,EXECUTE,0,CYCLES,BACKEND,SUB-EVENT,_MatMul_6:OpId_158 (cycles)
5329773778,EXECUTE,0,CYCLES,BACKEND,SUB-EVENT,_MatMul_6_post_reshape:OpId_161 (cycles)
5329773778,EXECUTE,291137,CYCLES,BACKEND,SUB-EVENT,_MatMul_7:OpId_163 (cycles)
5329773778,EXECUTE,0,CYCLES,BACKEND,SUB-EVENT,_MatMul_7_post_reshape:OpId_166 (cycles)
5329773778,EXECUTE,0,CYCLES,BACKEND,SUB-EVENT,_Sigmoid:OpId_167 (cycles)
5329773778,EXECUTE,255581,CYCLES,BACKEND,SUB-EVENT,_Mul_12:OpId_174 (cycles)
5329773778,EXECUTE,28009,CYCLES,BACKEND,SUB-EVENT,_Mul_13:OpId_176 (cycles)
5329773778,EXECUTE,401996,CYCLES,BACKEND,SUB-EVENT,_MatMul_8:OpId_179 (cycles)
5329773778,EXECUTE,0,CYCLES,BACKEND,SUB-EVENT,_MatMul_8_post_reshape:OpId_182 (cycles)
5329773778,EXECUTE,0,CYCLES,BACKEND,SUB-EVENT,_MatMul_8_output_0_nfc:OpId_184 (cycles)
5329773778,EXECUTE,15043,CYCLES,BACKEND,SUB-EVENT,_Add_9:OpId_186 (cycles)
5329773778,EXECUTE,14070,CYCLES,BACKEND,SUB-EVENT,Output OpId_3 (cycles)
5329773778,EXECUTE,4647,US,BACKEND,ROOT,Accelerator (execute) time
5329773778,EXECUTE,4508,US,BACKEND,ROOT,Accelerator (execute excluding wait) time
5329773778,EXECUTE,12131,US,BACKEND,ROOT,QNN (execute) time
5329787038,EXECUTE,12175,US,NETRUN,ROOT,Graph 0: qwen2_0_5b_layer0_decode_past128_grouped_gqa_delta_kv
5329787038,EXECUTE,4,COUNT,BACKEND,ROOT,Number of HVX threads used
5329787038,EXECUTE,11795,US,BACKEND,ROOT,RPC (execute) time
5329787038,EXECUTE,9705,US,BACKEND,ROOT,QNN accelerator (execute) time
5329787038,EXECUTE,0,COUNT,BACKEND,ROOT,Num times yield occured
5329787038,EXECUTE,565,US,BACKEND,ROOT,Time for initial VTCM acquire
5329787038,EXECUTE,275,US,BACKEND,ROOT,Time for HVX + HMX power on and acquire
5329787038,EXECUTE,2443240,CYCLES,BACKEND,ROOT,Accelerator (execute) time (cycles)
5329787038,EXECUTE,134856,CYCLES,BACKEND,SUB-EVENT,Input OpId_2 (cycles)
5329787038,EXECUTE,44283,CYCLES,BACKEND,SUB-EVENT,hidden_states_ncf:OpId_17 (cycles)
5329787038,EXECUTE,31391,CYCLES,BACKEND,SUB-EVENT,past_value_nchw:OpId_20 (cycles)
5329787038,EXECUTE,17779,CYCLES,BACKEND,SUB-EVENT,rms_norm__Mul_1_output_0:OpId_24 (cycles)
5329787038,EXECUTE,99396,CYCLES,BACKEND,SUB-EVENT,_MatMul:OpId_29 (cycles)
5329787038,EXECUTE,0,CYCLES,BACKEND,SUB-EVENT,_MatMul_post_reshape:OpId_31 (cycles)
5329787038,EXECUTE,15343,CYCLES,BACKEND,SUB-EVENT,_MatMul_1:OpId_34 (cycles)
5329787038,EXECUTE,30844,CYCLES,BACKEND,SUB-EVENT,_MatMul_1_post_reshape:OpId_36 (cycles)
5329787038,EXECUTE,6689,CYCLES,BACKEND,SUB-EVENT,_MatMul_2:OpId_39 (cycles)
5329787038,EXECUTE,29108,CYCLES,BACKEND,SUB-EVENT,_MatMul_2_post_reshape:OpId_41 (cycles)
5329787038,EXECUTE,543,CYCLES,BACKEND,SUB-EVENT,_Transpose:OpId_43 (cycles)
5329787038,EXECUTE,7845,CYCLES,BACKEND,SUB-EVENT,_Transpose_1:OpId_45 (cycles)
5329787038,EXECUTE,7582,CYCLES,BACKEND,SUB-EVENT,_Transpose_2:OpId_47 (cycles)
5329787038,EXECUTE,49887,CYCLES,BACKEND,SUB-EVENT,_Slice:OpId_49 (cycles)
5329787038,EXECUTE,14937,CYCLES,BACKEND,SUB-EVENT,_Slice_1:OpId_55 (cycles)
5329787038,EXECUTE,2627,CYCLES,BACKEND,SUB-EVENT,_Mul_2:OpId_61 (cycles)
5329787038,EXECUTE,1386,CYCLES,BACKEND,SUB-EVENT,_Mul_3:OpId_64 (cycles)
5329787038,EXECUTE,240,CYCLES,BACKEND,SUB-EVENT,_Sub:OpId_66 (cycles)
5329787038,EXECUTE,3181,CYCLES,BACKEND,SUB-EVENT,_Mul_4:OpId_68 (cycles)
5329787038,EXECUTE,1458,CYCLES,BACKEND,SUB-EVENT,_Mul_5:OpId_70 (cycles)
5329787038,EXECUTE,7685,CYCLES,BACKEND,SUB-EVENT,_Add_4:OpId_72 (cycles)
5329787038,EXECUTE,0,CYCLES,BACKEND,SUB-EVENT,_Unsqueeze:OpId_74 (cycles)
5329787038,EXECUTE,0,CYCLES,BACKEND,SUB-EVENT,_Unsqueeze_1:OpId_75 (cycles)
5329787038,EXECUTE,801,CYCLES,BACKEND,SUB-EVENT,_Concat:OpId_76 (cycles)
5329787038,EXECUTE,572,CYCLES,BACKEND,SUB-EVENT,_Reshape_3:OpId_78 (cycles)
5329787038,EXECUTE,109790,CYCLES,BACKEND,SUB-EVENT,_Slice_3:OpId_80 (cycles)
5329787038,EXECUTE,11409,CYCLES,BACKEND,SUB-EVENT,_Slice_4:OpId_86 (cycles)
5329787038,EXECUTE,23690,CYCLES,BACKEND,SUB-EVENT,_Mul_6:OpId_91 (cycles)
5329787038,EXECUTE,20484,CYCLES,BACKEND,SUB-EVENT,_Mul_7:OpId_93 (cycles)
5329787038,EXECUTE,5161,CYCLES,BACKEND,SUB-EVENT,_Sub_1:OpId_95 (cycles)
5329787038,EXECUTE,22496,CYCLES,BACKEND,SUB-EVENT,_Mul_8:OpId_97 (cycles)
5329787038,EXECUTE,20409,CYCLES,BACKEND,SUB-EVENT,_Mul_9:OpId_99 (cycles)
5329787038,EXECUTE,4192,CYCLES,BACKEND,SUB-EVENT,_Add_5:OpId_101 (cycles)
5329787038,EXECUTE,0,CYCLES,BACKEND,SUB-EVENT,_Unsqueeze_2:OpId_103 (cycles)
5329787038,EXECUTE,0,CYCLES,BACKEND,SUB-EVENT,_Unsqueeze_3:OpId_104 (cycles)
5329787038,EXECUTE,5832,CYCLES,BACKEND,SUB-EVENT,_Concat_2:OpId_105 (cycles)
5329787038,EXECUTE,0,CYCLES,BACKEND,SUB-EVENT,_Reshape_4:OpId_107 (cycles)
5329787038,EXECUTE,2201,CYCLES,BACKEND,SUB-EVENT,current_key_nhwc:OpId_109 (cycles)
5329787038,EXECUTE,4250,CYCLES,BACKEND,SUB-EVENT,_Concat_4:OpId_110 (cycles)
5329787038,EXECUTE,373703,CYCLES,BACKEND,SUB-EVENT,_Concat_4_output_0_nchw:OpId_113 (cycles)
5329787038,EXECUTE,2143,CYCLES,BACKEND,SUB-EVENT,_Concat_5:OpId_114 (cycles)
5329787038,EXECUTE,0,CYCLES,BACKEND,SUB-EVENT,_Unsqueeze_4:OpId_116 (cycles)
5329787038,EXECUTE,34215,CYCLES,BACKEND,SUB-EVENT,_MatMul_3:OpId_117 (cycles)
5329787038,EXECUTE,19834,CYCLES,BACKEND,SUB-EVENT,_Div_1:OpId_122 (cycles)
5329787038,EXECUTE,0,CYCLES,BACKEND,SUB-EVENT,_Add_6:OpId_125 (cycles)
5329787038,EXECUTE,22191,CYCLES,BACKEND,SUB-EVENT,_Softmax:OpId_127 (cycles)
5329787038,EXECUTE,0,CYCLES,BACKEND,SUB-EVENT,_Unsqueeze_5:OpId_130 (cycles)
5329787038,EXECUTE,61503,CYCLES,BACKEND,SUB-EVENT,_MatMul_4:OpId_131 (cycles)
5329787038,EXECUTE,0,CYCLES,BACKEND,SUB-EVENT,_Reshape_6:OpId_135 (cycles)
5329787038,EXECUTE,0,CYCLES,BACKEND,SUB-EVENT,_Transpose_4:OpId_137 (cycles)
5329787038,EXECUTE,22899,CYCLES,BACKEND,SUB-EVENT,_MatMul_5:OpId_139 (cycles)
5329787038,EXECUTE,0,CYCLES,BACKEND,SUB-EVENT,_MatMul_5_post_reshape:OpId_142 (cycles)
5329787038,EXECUTE,0,CYCLES,BACKEND,SUB-EVENT,_MatMul_5_output_0_nfc:OpId_144 (cycles)
5329787038,EXECUTE,148602,CYCLES,BACKEND,SUB-EVENT,_Add_7:OpId_146 (cycles)
5329787038,EXECUTE,276,CYCLES,BACKEND,SUB-EVENT,_Add_7_output_0_ncf:OpId_149 (cycles)
5329787038,EXECUTE,4677,CYCLES,BACKEND,SUB-EVENT,rms_norm__Mul_11_output_0:OpId_154 (cycles)
5329787038,EXECUTE,0,CYCLES,BACKEND,SUB-EVENT,_MatMul_6:OpId_158 (cycles)
5329787038,EXECUTE,0,CYCLES,BACKEND,SUB-EVENT,_MatMul_6_post_reshape:OpId_161 (cycles)
5329787038,EXECUTE,302485,CYCLES,BACKEND,SUB-EVENT,_MatMul_7:OpId_163 (cycles)
5329787038,EXECUTE,0,CYCLES,BACKEND,SUB-EVENT,_MatMul_7_post_reshape:OpId_166 (cycles)
5329787038,EXECUTE,0,CYCLES,BACKEND,SUB-EVENT,_Sigmoid:OpId_167 (cycles)
5329787038,EXECUTE,250098,CYCLES,BACKEND,SUB-EVENT,_Mul_12:OpId_174 (cycles)
5329787038,EXECUTE,36297,CYCLES,BACKEND,SUB-EVENT,_Mul_13:OpId_176 (cycles)
5329787038,EXECUTE,402936,CYCLES,BACKEND,SUB-EVENT,_MatMul_8:OpId_179 (cycles)
5329787038,EXECUTE,0,CYCLES,BACKEND,SUB-EVENT,_MatMul_8_post_reshape:OpId_182 (cycles)
5329787038,EXECUTE,0,CYCLES,BACKEND,SUB-EVENT,_MatMul_8_output_0_nfc:OpId_184 (cycles)
5329787038,EXECUTE,14617,CYCLES,BACKEND,SUB-EVENT,_Add_9:OpId_186 (cycles)
5329787038,EXECUTE,8417,CYCLES,BACKEND,SUB-EVENT,Output OpId_3 (cycles)
5329787038,EXECUTE,4699,US,BACKEND,ROOT,Accelerator (execute) time
5329787038,EXECUTE,4569,US,BACKEND,ROOT,Accelerator (execute excluding wait) time
5329787038,EXECUTE,12154,US,BACKEND,ROOT,QNN (execute) time
5329799877,EXECUTE,11758,US,NETRUN,ROOT,Graph 0: qwen2_0_5b_layer0_decode_past128_grouped_gqa_delta_kv
5329799877,EXECUTE,4,COUNT,BACKEND,ROOT,Number of HVX threads used
5329799877,EXECUTE,11322,US,BACKEND,ROOT,RPC (execute) time
5329799877,EXECUTE,9097,US,BACKEND,ROOT,QNN accelerator (execute) time
5329799877,EXECUTE,0,COUNT,BACKEND,ROOT,Num times yield occured
5329799877,EXECUTE,587,US,BACKEND,ROOT,Time for initial VTCM acquire
5329799877,EXECUTE,267,US,BACKEND,ROOT,Time for HVX + HMX power on and acquire
5329799877,EXECUTE,2350585,CYCLES,BACKEND,ROOT,Accelerator (execute) time (cycles)
5329799877,EXECUTE,67324,CYCLES,BACKEND,SUB-EVENT,Input OpId_2 (cycles)
5329799877,EXECUTE,24151,CYCLES,BACKEND,SUB-EVENT,hidden_states_ncf:OpId_17 (cycles)
5329799877,EXECUTE,27915,CYCLES,BACKEND,SUB-EVENT,past_value_nchw:OpId_20 (cycles)
5329799877,EXECUTE,14134,CYCLES,BACKEND,SUB-EVENT,rms_norm__Mul_1_output_0:OpId_24 (cycles)
5329799877,EXECUTE,51696,CYCLES,BACKEND,SUB-EVENT,_MatMul:OpId_29 (cycles)
5329799877,EXECUTE,0,CYCLES,BACKEND,SUB-EVENT,_MatMul_post_reshape:OpId_31 (cycles)
5329799877,EXECUTE,12232,CYCLES,BACKEND,SUB-EVENT,_MatMul_1:OpId_34 (cycles)
5329799877,EXECUTE,12496,CYCLES,BACKEND,SUB-EVENT,_MatMul_1_post_reshape:OpId_36 (cycles)
5329799877,EXECUTE,7620,CYCLES,BACKEND,SUB-EVENT,_MatMul_2:OpId_39 (cycles)
5329799877,EXECUTE,10840,CYCLES,BACKEND,SUB-EVENT,_MatMul_2_post_reshape:OpId_41 (cycles)
5329799877,EXECUTE,579,CYCLES,BACKEND,SUB-EVENT,_Transpose:OpId_43 (cycles)
5329799877,EXECUTE,3471,CYCLES,BACKEND,SUB-EVENT,_Transpose_1:OpId_45 (cycles)
5329799877,EXECUTE,3276,CYCLES,BACKEND,SUB-EVENT,_Transpose_2:OpId_47 (cycles)
5329799877,EXECUTE,70030,CYCLES,BACKEND,SUB-EVENT,_Slice:OpId_49 (cycles)
5329799877,EXECUTE,19302,CYCLES,BACKEND,SUB-EVENT,_Slice_1:OpId_55 (cycles)
5329799877,EXECUTE,2569,CYCLES,BACKEND,SUB-EVENT,_Mul_2:OpId_61 (cycles)
5329799877,EXECUTE,1263,CYCLES,BACKEND,SUB-EVENT,_Mul_3:OpId_64 (cycles)
5329799877,EXECUTE,254,CYCLES,BACKEND,SUB-EVENT,_Sub:OpId_66 (cycles)
5329799877,EXECUTE,2799,CYCLES,BACKEND,SUB-EVENT,_Mul_4:OpId_68 (cycles)
5329799877,EXECUTE,1308,CYCLES,BACKEND,SUB-EVENT,_Mul_5:OpId_70 (cycles)
5329799877,EXECUTE,7841,CYCLES,BACKEND,SUB-EVENT,_Add_4:OpId_72 (cycles)
5329799877,EXECUTE,0,CYCLES,BACKEND,SUB-EVENT,_Unsqueeze:OpId_74 (cycles)
5329799877,EXECUTE,0,CYCLES,BACKEND,SUB-EVENT,_Unsqueeze_1:OpId_75 (cycles)
5329799877,EXECUTE,813,CYCLES,BACKEND,SUB-EVENT,_Concat:OpId_76 (cycles)
5329799877,EXECUTE,605,CYCLES,BACKEND,SUB-EVENT,_Reshape_3:OpId_78 (cycles)
5329799877,EXECUTE,130265,CYCLES,BACKEND,SUB-EVENT,_Slice_3:OpId_80 (cycles)
5329799877,EXECUTE,10944,CYCLES,BACKEND,SUB-EVENT,_Slice_4:OpId_86 (cycles)
5329799877,EXECUTE,39242,CYCLES,BACKEND,SUB-EVENT,_Mul_6:OpId_91 (cycles)
5329799877,EXECUTE,38004,CYCLES,BACKEND,SUB-EVENT,_Mul_7:OpId_93 (cycles)
5329799877,EXECUTE,5008,CYCLES,BACKEND,SUB-EVENT,_Sub_1:OpId_95 (cycles)
5329799877,EXECUTE,38791,CYCLES,BACKEND,SUB-EVENT,_Mul_8:OpId_97 (cycles)
5329799877,EXECUTE,36333,CYCLES,BACKEND,SUB-EVENT,_Mul_9:OpId_99 (cycles)
5329799877,EXECUTE,5529,CYCLES,BACKEND,SUB-EVENT,_Add_5:OpId_101 (cycles)
5329799877,EXECUTE,0,CYCLES,BACKEND,SUB-EVENT,_Unsqueeze_2:OpId_103 (cycles)
5329799877,EXECUTE,0,CYCLES,BACKEND,SUB-EVENT,_Unsqueeze_3:OpId_104 (cycles)
5329799877,EXECUTE,7664,CYCLES,BACKEND,SUB-EVENT,_Concat_2:OpId_105 (cycles)
5329799877,EXECUTE,0,CYCLES,BACKEND,SUB-EVENT,_Reshape_4:OpId_107 (cycles)
5329799877,EXECUTE,2876,CYCLES,BACKEND,SUB-EVENT,current_key_nhwc:OpId_109 (cycles)
5329799877,EXECUTE,4526,CYCLES,BACKEND,SUB-EVENT,_Concat_4:OpId_110 (cycles)
5329799877,EXECUTE,348179,CYCLES,BACKEND,SUB-EVENT,_Concat_4_output_0_nchw:OpId_113 (cycles)
5329799877,EXECUTE,4461,CYCLES,BACKEND,SUB-EVENT,_Concat_5:OpId_114 (cycles)
5329799877,EXECUTE,0,CYCLES,BACKEND,SUB-EVENT,_Unsqueeze_4:OpId_116 (cycles)
5329799877,EXECUTE,33619,CYCLES,BACKEND,SUB-EVENT,_MatMul_3:OpId_117 (cycles)
5329799877,EXECUTE,19032,CYCLES,BACKEND,SUB-EVENT,_Div_1:OpId_122 (cycles)
5329799877,EXECUTE,0,CYCLES,BACKEND,SUB-EVENT,_Add_6:OpId_125 (cycles)
5329799877,EXECUTE,21263,CYCLES,BACKEND,SUB-EVENT,_Softmax:OpId_127 (cycles)
5329799877,EXECUTE,0,CYCLES,BACKEND,SUB-EVENT,_Unsqueeze_5:OpId_130 (cycles)
5329799877,EXECUTE,81478,CYCLES,BACKEND,SUB-EVENT,_MatMul_4:OpId_131 (cycles)
5329799877,EXECUTE,0,CYCLES,BACKEND,SUB-EVENT,_Reshape_6:OpId_135 (cycles)
5329799877,EXECUTE,0,CYCLES,BACKEND,SUB-EVENT,_Transpose_4:OpId_137 (cycles)
5329799877,EXECUTE,23818,CYCLES,BACKEND,SUB-EVENT,_MatMul_5:OpId_139 (cycles)
5329799877,EXECUTE,0,CYCLES,BACKEND,SUB-EVENT,_MatMul_5_post_reshape:OpId_142 (cycles)
5329799877,EXECUTE,0,CYCLES,BACKEND,SUB-EVENT,_MatMul_5_output_0_nfc:OpId_144 (cycles)
5329799877,EXECUTE,134540,CYCLES,BACKEND,SUB-EVENT,_Add_7:OpId_146 (cycles)
5329799877,EXECUTE,295,CYCLES,BACKEND,SUB-EVENT,_Add_7_output_0_ncf:OpId_149 (cycles)
5329799877,EXECUTE,5651,CYCLES,BACKEND,SUB-EVENT,rms_norm__Mul_11_output_0:OpId_154 (cycles)
5329799877,EXECUTE,0,CYCLES,BACKEND,SUB-EVENT,_MatMul_6:OpId_158 (cycles)
5329799877,EXECUTE,0,CYCLES,BACKEND,SUB-EVENT,_MatMul_6_post_reshape:OpId_161 (cycles)
5329799877,EXECUTE,299093,CYCLES,BACKEND,SUB-EVENT,_MatMul_7:OpId_163 (cycles)
5329799877,EXECUTE,0,CYCLES,BACKEND,SUB-EVENT,_MatMul_7_post_reshape:OpId_166 (cycles)
5329799877,EXECUTE,0,CYCLES,BACKEND,SUB-EVENT,_Sigmoid:OpId_167 (cycles)
5329799877,EXECUTE,249125,CYCLES,BACKEND,SUB-EVENT,_Mul_12:OpId_174 (cycles)
5329799877,EXECUTE,33295,CYCLES,BACKEND,SUB-EVENT,_Mul_13:OpId_176 (cycles)
5329799877,EXECUTE,409518,CYCLES,BACKEND,SUB-EVENT,_MatMul_8:OpId_179 (cycles)
5329799877,EXECUTE,0,CYCLES,BACKEND,SUB-EVENT,_MatMul_8_post_reshape:OpId_182 (cycles)
5329799877,EXECUTE,0,CYCLES,BACKEND,SUB-EVENT,_MatMul_8_output_0_nfc:OpId_184 (cycles)
5329799877,EXECUTE,14776,CYCLES,BACKEND,SUB-EVENT,_Add_9:OpId_186 (cycles)
5329799877,EXECUTE,10742,CYCLES,BACKEND,SUB-EVENT,Output OpId_3 (cycles)
5329799877,EXECUTE,4597,US,BACKEND,ROOT,Accelerator (execute) time
5329799877,EXECUTE,4470,US,BACKEND,ROOT,Accelerator (execute excluding wait) time
5329799877,EXECUTE,11736,US,BACKEND,ROOT,QNN (execute) time
5329813424,EXECUTE,12271,US,NETRUN,ROOT,Graph 0: qwen2_0_5b_layer0_decode_past128_grouped_gqa_delta_kv
5329813424,EXECUTE,4,COUNT,BACKEND,ROOT,Number of HVX threads used
5329813424,EXECUTE,11887,US,BACKEND,ROOT,RPC (execute) time
5329813424,EXECUTE,9760,US,BACKEND,ROOT,QNN accelerator (execute) time
5329813424,EXECUTE,0,COUNT,BACKEND,ROOT,Num times yield occured
5329813424,EXECUTE,902,US,BACKEND,ROOT,Time for initial VTCM acquire
5329813424,EXECUTE,318,US,BACKEND,ROOT,Time for HVX + HMX power on and acquire
5329813424,EXECUTE,2492464,CYCLES,BACKEND,ROOT,Accelerator (execute) time (cycles)
5329813424,EXECUTE,127340,CYCLES,BACKEND,SUB-EVENT,Input OpId_2 (cycles)
5329813424,EXECUTE,43519,CYCLES,BACKEND,SUB-EVENT,hidden_states_ncf:OpId_17 (cycles)
5329813424,EXECUTE,27098,CYCLES,BACKEND,SUB-EVENT,past_value_nchw:OpId_20 (cycles)
5329813424,EXECUTE,17450,CYCLES,BACKEND,SUB-EVENT,rms_norm__Mul_1_output_0:OpId_24 (cycles)
5329813424,EXECUTE,62382,CYCLES,BACKEND,SUB-EVENT,_MatMul:OpId_29 (cycles)
5329813424,EXECUTE,0,CYCLES,BACKEND,SUB-EVENT,_MatMul_post_reshape:OpId_31 (cycles)
5329813424,EXECUTE,15254,CYCLES,BACKEND,SUB-EVENT,_MatMul_1:OpId_34 (cycles)
5329813424,EXECUTE,51505,CYCLES,BACKEND,SUB-EVENT,_MatMul_1_post_reshape:OpId_36 (cycles)
5329813424,EXECUTE,7106,CYCLES,BACKEND,SUB-EVENT,_MatMul_2:OpId_39 (cycles)
5329813424,EXECUTE,49787,CYCLES,BACKEND,SUB-EVENT,_MatMul_2_post_reshape:OpId_41 (cycles)
5329813424,EXECUTE,498,CYCLES,BACKEND,SUB-EVENT,_Transpose:OpId_43 (cycles)
5329813424,EXECUTE,13691,CYCLES,BACKEND,SUB-EVENT,_Transpose_1:OpId_45 (cycles)
5329813424,EXECUTE,6507,CYCLES,BACKEND,SUB-EVENT,_Transpose_2:OpId_47 (cycles)
5329813424,EXECUTE,52095,CYCLES,BACKEND,SUB-EVENT,_Slice:OpId_49 (cycles)
5329813424,EXECUTE,16674,CYCLES,BACKEND,SUB-EVENT,_Slice_1:OpId_55 (cycles)
5329813424,EXECUTE,2600,CYCLES,BACKEND,SUB-EVENT,_Mul_2:OpId_61 (cycles)
5329813424,EXECUTE,1221,CYCLES,BACKEND,SUB-EVENT,_Mul_3:OpId_64 (cycles)
5329813424,EXECUTE,262,CYCLES,BACKEND,SUB-EVENT,_Sub:OpId_66 (cycles)
5329813424,EXECUTE,2685,CYCLES,BACKEND,SUB-EVENT,_Mul_4:OpId_68 (cycles)
5329813424,EXECUTE,1388,CYCLES,BACKEND,SUB-EVENT,_Mul_5:OpId_70 (cycles)
5329813424,EXECUTE,9483,CYCLES,BACKEND,SUB-EVENT,_Add_4:OpId_72 (cycles)
5329813424,EXECUTE,0,CYCLES,BACKEND,SUB-EVENT,_Unsqueeze:OpId_74 (cycles)
5329813424,EXECUTE,0,CYCLES,BACKEND,SUB-EVENT,_Unsqueeze_1:OpId_75 (cycles)
5329813424,EXECUTE,806,CYCLES,BACKEND,SUB-EVENT,_Concat:OpId_76 (cycles)
5329813424,EXECUTE,573,CYCLES,BACKEND,SUB-EVENT,_Reshape_3:OpId_78 (cycles)
5329813424,EXECUTE,78805,CYCLES,BACKEND,SUB-EVENT,_Slice_3:OpId_80 (cycles)
5329813424,EXECUTE,13256,CYCLES,BACKEND,SUB-EVENT,_Slice_4:OpId_86 (cycles)
5329813424,EXECUTE,31373,CYCLES,BACKEND,SUB-EVENT,_Mul_6:OpId_91 (cycles)
5329813424,EXECUTE,28409,CYCLES,BACKEND,SUB-EVENT,_Mul_7:OpId_93 (cycles)
5329813424,EXECUTE,5136,CYCLES,BACKEND,SUB-EVENT,_Sub_1:OpId_95 (cycles)
5329813424,EXECUTE,30248,CYCLES,BACKEND,SUB-EVENT,_Mul_8:OpId_97 (cycles)
5329813424,EXECUTE,26503,CYCLES,BACKEND,SUB-EVENT,_Mul_9:OpId_99 (cycles)
5329813424,EXECUTE,4129,CYCLES,BACKEND,SUB-EVENT,_Add_5:OpId_101 (cycles)
5329813424,EXECUTE,0,CYCLES,BACKEND,SUB-EVENT,_Unsqueeze_2:OpId_103 (cycles)
5329813424,EXECUTE,0,CYCLES,BACKEND,SUB-EVENT,_Unsqueeze_3:OpId_104 (cycles)
5329813424,EXECUTE,8844,CYCLES,BACKEND,SUB-EVENT,_Concat_2:OpId_105 (cycles)
5329813424,EXECUTE,0,CYCLES,BACKEND,SUB-EVENT,_Reshape_4:OpId_107 (cycles)
5329813424,EXECUTE,2201,CYCLES,BACKEND,SUB-EVENT,current_key_nhwc:OpId_109 (cycles)
5329813424,EXECUTE,4318,CYCLES,BACKEND,SUB-EVENT,_Concat_4:OpId_110 (cycles)
5329813424,EXECUTE,379411,CYCLES,BACKEND,SUB-EVENT,_Concat_4_output_0_nchw:OpId_113 (cycles)
5329813424,EXECUTE,2506,CYCLES,BACKEND,SUB-EVENT,_Concat_5:OpId_114 (cycles)
5329813424,EXECUTE,0,CYCLES,BACKEND,SUB-EVENT,_Unsqueeze_4:OpId_116 (cycles)
5329813424,EXECUTE,39737,CYCLES,BACKEND,SUB-EVENT,_MatMul_3:OpId_117 (cycles)
5329813424,EXECUTE,19477,CYCLES,BACKEND,SUB-EVENT,_Div_1:OpId_122 (cycles)
5329813424,EXECUTE,0,CYCLES,BACKEND,SUB-EVENT,_Add_6:OpId_125 (cycles)
5329813424,EXECUTE,22857,CYCLES,BACKEND,SUB-EVENT,_Softmax:OpId_127 (cycles)
5329813424,EXECUTE,0,CYCLES,BACKEND,SUB-EVENT,_Unsqueeze_5:OpId_130 (cycles)
5329813424,EXECUTE,65873,CYCLES,BACKEND,SUB-EVENT,_MatMul_4:OpId_131 (cycles)
5329813424,EXECUTE,0,CYCLES,BACKEND,SUB-EVENT,_Reshape_6:OpId_135 (cycles)
5329813424,EXECUTE,0,CYCLES,BACKEND,SUB-EVENT,_Transpose_4:OpId_137 (cycles)
5329813424,EXECUTE,23867,CYCLES,BACKEND,SUB-EVENT,_MatMul_5:OpId_139 (cycles)
5329813424,EXECUTE,0,CYCLES,BACKEND,SUB-EVENT,_MatMul_5_post_reshape:OpId_142 (cycles)
5329813424,EXECUTE,0,CYCLES,BACKEND,SUB-EVENT,_MatMul_5_output_0_nfc:OpId_144 (cycles)
5329813424,EXECUTE,167390,CYCLES,BACKEND,SUB-EVENT,_Add_7:OpId_146 (cycles)
5329813424,EXECUTE,279,CYCLES,BACKEND,SUB-EVENT,_Add_7_output_0_ncf:OpId_149 (cycles)
5329813424,EXECUTE,5152,CYCLES,BACKEND,SUB-EVENT,rms_norm__Mul_11_output_0:OpId_154 (cycles)
5329813424,EXECUTE,0,CYCLES,BACKEND,SUB-EVENT,_MatMul_6:OpId_158 (cycles)
5329813424,EXECUTE,0,CYCLES,BACKEND,SUB-EVENT,_MatMul_6_post_reshape:OpId_161 (cycles)
5329813424,EXECUTE,303509,CYCLES,BACKEND,SUB-EVENT,_MatMul_7:OpId_163 (cycles)
5329813424,EXECUTE,0,CYCLES,BACKEND,SUB-EVENT,_MatMul_7_post_reshape:OpId_166 (cycles)
5329813424,EXECUTE,0,CYCLES,BACKEND,SUB-EVENT,_Sigmoid:OpId_167 (cycles)
5329813424,EXECUTE,259494,CYCLES,BACKEND,SUB-EVENT,_Mul_12:OpId_174 (cycles)
5329813424,EXECUTE,32252,CYCLES,BACKEND,SUB-EVENT,_Mul_13:OpId_176 (cycles)
5329813424,EXECUTE,402847,CYCLES,BACKEND,SUB-EVENT,_MatMul_8:OpId_179 (cycles)
5329813424,EXECUTE,0,CYCLES,BACKEND,SUB-EVENT,_MatMul_8_post_reshape:OpId_182 (cycles)
5329813424,EXECUTE,0,CYCLES,BACKEND,SUB-EVENT,_MatMul_8_output_0_nfc:OpId_184 (cycles)
5329813424,EXECUTE,14798,CYCLES,BACKEND,SUB-EVENT,_Add_9:OpId_186 (cycles)
5329813424,EXECUTE,9869,CYCLES,BACKEND,SUB-EVENT,Output OpId_3 (cycles)
5329813424,EXECUTE,4761,US,BACKEND,ROOT,Accelerator (execute) time
5329813424,EXECUTE,4608,US,BACKEND,ROOT,Accelerator (execute excluding wait) time
5329813424,EXECUTE,12249,US,BACKEND,ROOT,QNN (execute) time
5329825673,EXECUTE,11169,US,NETRUN,ROOT,Graph 0: qwen2_0_5b_layer0_decode_past128_grouped_gqa_delta_kv
5329825673,EXECUTE,4,COUNT,BACKEND,ROOT,Number of HVX threads used
5329825673,EXECUTE,10812,US,BACKEND,ROOT,RPC (execute) time
5329825673,EXECUTE,9802,US,BACKEND,ROOT,QNN accelerator (execute) time
5329825673,EXECUTE,0,COUNT,BACKEND,ROOT,Num times yield occured
5329825673,EXECUTE,644,US,BACKEND,ROOT,Time for initial VTCM acquire
5329825673,EXECUTE,304,US,BACKEND,ROOT,Time for HVX + HMX power on and acquire
5329825673,EXECUTE,2266582,CYCLES,BACKEND,ROOT,Accelerator (execute) time (cycles)
5329825673,EXECUTE,32459,CYCLES,BACKEND,SUB-EVENT,Input OpId_2 (cycles)
5329825673,EXECUTE,10963,CYCLES,BACKEND,SUB-EVENT,hidden_states_ncf:OpId_17 (cycles)
5329825673,EXECUTE,26980,CYCLES,BACKEND,SUB-EVENT,past_value_nchw:OpId_20 (cycles)
5329825673,EXECUTE,11624,CYCLES,BACKEND,SUB-EVENT,rms_norm__Mul_1_output_0:OpId_24 (cycles)
5329825673,EXECUTE,105642,CYCLES,BACKEND,SUB-EVENT,_MatMul:OpId_29 (cycles)
5329825673,EXECUTE,0,CYCLES,BACKEND,SUB-EVENT,_MatMul_post_reshape:OpId_31 (cycles)
5329825673,EXECUTE,14648,CYCLES,BACKEND,SUB-EVENT,_MatMul_1:OpId_34 (cycles)
5329825673,EXECUTE,14756,CYCLES,BACKEND,SUB-EVENT,_MatMul_1_post_reshape:OpId_36 (cycles)
5329825673,EXECUTE,2179,CYCLES,BACKEND,SUB-EVENT,_MatMul_2:OpId_39 (cycles)
5329825673,EXECUTE,12935,CYCLES,BACKEND,SUB-EVENT,_MatMul_2_post_reshape:OpId_41 (cycles)
5329825673,EXECUTE,494,CYCLES,BACKEND,SUB-EVENT,_Transpose:OpId_43 (cycles)
5329825673,EXECUTE,3517,CYCLES,BACKEND,SUB-EVENT,_Transpose_1:OpId_45 (cycles)
5329825673,EXECUTE,3260,CYCLES,BACKEND,SUB-EVENT,_Transpose_2:OpId_47 (cycles)
5329825673,EXECUTE,24093,CYCLES,BACKEND,SUB-EVENT,_Slice:OpId_49 (cycles)
5329825673,EXECUTE,6526,CYCLES,BACKEND,SUB-EVENT,_Slice_1:OpId_55 (cycles)
5329825673,EXECUTE,1556,CYCLES,BACKEND,SUB-EVENT,_Mul_2:OpId_61 (cycles)
5329825673,EXECUTE,1336,CYCLES,BACKEND,SUB-EVENT,_Mul_3:OpId_64 (cycles)
5329825673,EXECUTE,265,CYCLES,BACKEND,SUB-EVENT,_Sub:OpId_66 (cycles)
5329825673,EXECUTE,1825,CYCLES,BACKEND,SUB-EVENT,_Mul_4:OpId_68 (cycles)
5329825673,EXECUTE,1284,CYCLES,BACKEND,SUB-EVENT,_Mul_5:OpId_70 (cycles)
5329825673,EXECUTE,2561,CYCLES,BACKEND,SUB-EVENT,_Add_4:OpId_72 (cycles)
5329825673,EXECUTE,0,CYCLES,BACKEND,SUB-EVENT,_Unsqueeze:OpId_74 (cycles)
5329825673,EXECUTE,0,CYCLES,BACKEND,SUB-EVENT,_Unsqueeze_1:OpId_75 (cycles)
5329825673,EXECUTE,872,CYCLES,BACKEND,SUB-EVENT,_Concat:OpId_76 (cycles)
5329825673,EXECUTE,580,CYCLES,BACKEND,SUB-EVENT,_Reshape_3:OpId_78 (cycles)
5329825673,EXECUTE,24401,CYCLES,BACKEND,SUB-EVENT,_Slice_3:OpId_80 (cycles)
5329825673,EXECUTE,5595,CYCLES,BACKEND,SUB-EVENT,_Slice_4:OpId_86 (cycles)
5329825673,EXECUTE,7424,CYCLES,BACKEND,SUB-EVENT,_Mul_6:OpId_91 (cycles)
5329825673,EXECUTE,3942,CYCLES,BACKEND,SUB-EVENT,_Mul_7:OpId_93 (cycles)
5329825673,EXECUTE,901,CYCLES,BACKEND,SUB-EVENT,_Sub_1:OpId_95 (cycles)
5329825673,EXECUTE,6796,CYCLES,BACKEND,SUB-EVENT,_Mul_8:OpId_97 (cycles)
5329825673,EXECUTE,3068,CYCLES,BACKEND,SUB-EVENT,_Mul_9:OpId_99 (cycles)
5329825673,EXECUTE,1211,CYCLES,BACKEND,SUB-EVENT,_Add_5:OpId_101 (cycles)
5329825673,EXECUTE,0,CYCLES,BACKEND,SUB-EVENT,_Unsqueeze_2:OpId_103 (cycles)
5329825673,EXECUTE,0,CYCLES,BACKEND,SUB-EVENT,_Unsqueeze_3:OpId_104 (cycles)
5329825673,EXECUTE,2254,CYCLES,BACKEND,SUB-EVENT,_Concat_2:OpId_105 (cycles)
5329825673,EXECUTE,0,CYCLES,BACKEND,SUB-EVENT,_Reshape_4:OpId_107 (cycles)
5329825673,EXECUTE,1013,CYCLES,BACKEND,SUB-EVENT,current_key_nhwc:OpId_109 (cycles)
5329825673,EXECUTE,3169,CYCLES,BACKEND,SUB-EVENT,_Concat_4:OpId_110 (cycles)
5329825673,EXECUTE,367825,CYCLES,BACKEND,SUB-EVENT,_Concat_4_output_0_nchw:OpId_113 (cycles)
5329825673,EXECUTE,1553,CYCLES,BACKEND,SUB-EVENT,_Concat_5:OpId_114 (cycles)
5329825673,EXECUTE,0,CYCLES,BACKEND,SUB-EVENT,_Unsqueeze_4:OpId_116 (cycles)
5329825673,EXECUTE,33086,CYCLES,BACKEND,SUB-EVENT,_MatMul_3:OpId_117 (cycles)
5329825673,EXECUTE,6532,CYCLES,BACKEND,SUB-EVENT,_Div_1:OpId_122 (cycles)
5329825673,EXECUTE,0,CYCLES,BACKEND,SUB-EVENT,_Add_6:OpId_125 (cycles)
5329825673,EXECUTE,22363,CYCLES,BACKEND,SUB-EVENT,_Softmax:OpId_127 (cycles)
5329825673,EXECUTE,0,CYCLES,BACKEND,SUB-EVENT,_Unsqueeze_5:OpId_130 (cycles)
5329825673,EXECUTE,34593,CYCLES,BACKEND,SUB-EVENT,_MatMul_4:OpId_131 (cycles)
5329825673,EXECUTE,0,CYCLES,BACKEND,SUB-EVENT,_Reshape_6:OpId_135 (cycles)
5329825673,EXECUTE,0,CYCLES,BACKEND,SUB-EVENT,_Transpose_4:OpId_137 (cycles)
5329825673,EXECUTE,57163,CYCLES,BACKEND,SUB-EVENT,_MatMul_5:OpId_139 (cycles)
5329825673,EXECUTE,0,CYCLES,BACKEND,SUB-EVENT,_MatMul_5_post_reshape:OpId_142 (cycles)
5329825673,EXECUTE,0,CYCLES,BACKEND,SUB-EVENT,_MatMul_5_output_0_nfc:OpId_144 (cycles)
5329825673,EXECUTE,160417,CYCLES,BACKEND,SUB-EVENT,_Add_7:OpId_146 (cycles)
5329825673,EXECUTE,281,CYCLES,BACKEND,SUB-EVENT,_Add_7_output_0_ncf:OpId_149 (cycles)
5329825673,EXECUTE,2485,CYCLES,BACKEND,SUB-EVENT,rms_norm__Mul_11_output_0:OpId_154 (cycles)
5329825673,EXECUTE,0,CYCLES,BACKEND,SUB-EVENT,_MatMul_6:OpId_158 (cycles)
5329825673,EXECUTE,0,CYCLES,BACKEND,SUB-EVENT,_MatMul_6_post_reshape:OpId_161 (cycles)
5329825673,EXECUTE,432418,CYCLES,BACKEND,SUB-EVENT,_MatMul_7:OpId_163 (cycles)
5329825673,EXECUTE,0,CYCLES,BACKEND,SUB-EVENT,_MatMul_7_post_reshape:OpId_166 (cycles)
5329825673,EXECUTE,0,CYCLES,BACKEND,SUB-EVENT,_Sigmoid:OpId_167 (cycles)
5329825673,EXECUTE,337307,CYCLES,BACKEND,SUB-EVENT,_Mul_12:OpId_174 (cycles)
5329825673,EXECUTE,48932,CYCLES,BACKEND,SUB-EVENT,_Mul_13:OpId_176 (cycles)
5329825673,EXECUTE,402753,CYCLES,BACKEND,SUB-EVENT,_MatMul_8:OpId_179 (cycles)
5329825673,EXECUTE,0,CYCLES,BACKEND,SUB-EVENT,_MatMul_8_post_reshape:OpId_182 (cycles)
5329825673,EXECUTE,0,CYCLES,BACKEND,SUB-EVENT,_MatMul_8_output_0_nfc:OpId_184 (cycles)
5329825673,EXECUTE,15029,CYCLES,BACKEND,SUB-EVENT,_Add_9:OpId_186 (cycles)
5329825673,EXECUTE,3716,CYCLES,BACKEND,SUB-EVENT,Output OpId_3 (cycles)
5329825673,EXECUTE,5018,US,BACKEND,ROOT,Accelerator (execute) time
5329825673,EXECUTE,4868,US,BACKEND,ROOT,Accelerator (execute excluding wait) time
5329825673,EXECUTE,11149,US,BACKEND,ROOT,QNN (execute) time
5329839010,EXECUTE,12311,US,NETRUN,ROOT,Graph 0: qwen2_0_5b_layer0_decode_past128_grouped_gqa_delta_kv
5329839010,EXECUTE,4,COUNT,BACKEND,ROOT,Number of HVX threads used
5329839010,EXECUTE,11914,US,BACKEND,ROOT,RPC (execute) time
5329839010,EXECUTE,9771,US,BACKEND,ROOT,QNN accelerator (execute) time
5329839010,EXECUTE,0,COUNT,BACKEND,ROOT,Num times yield occured
5329839010,EXECUTE,601,US,BACKEND,ROOT,Time for initial VTCM acquire
5329839010,EXECUTE,318,US,BACKEND,ROOT,Time for HVX + HMX power on and acquire
5329839010,EXECUTE,2441775,CYCLES,BACKEND,ROOT,Accelerator (execute) time (cycles)
5329839010,EXECUTE,116263,CYCLES,BACKEND,SUB-EVENT,Input OpId_2 (cycles)
5329839010,EXECUTE,36772,CYCLES,BACKEND,SUB-EVENT,hidden_states_ncf:OpId_17 (cycles)
5329839010,EXECUTE,34974,CYCLES,BACKEND,SUB-EVENT,past_value_nchw:OpId_20 (cycles)
5329839010,EXECUTE,21890,CYCLES,BACKEND,SUB-EVENT,rms_norm__Mul_1_output_0:OpId_24 (cycles)
5329839010,EXECUTE,58066,CYCLES,BACKEND,SUB-EVENT,_MatMul:OpId_29 (cycles)
5329839010,EXECUTE,0,CYCLES,BACKEND,SUB-EVENT,_MatMul_post_reshape:OpId_31 (cycles)
5329839010,EXECUTE,31205,CYCLES,BACKEND,SUB-EVENT,_MatMul_1:OpId_34 (cycles)
5329839010,EXECUTE,47279,CYCLES,BACKEND,SUB-EVENT,_MatMul_1_post_reshape:OpId_36 (cycles)
5329839010,EXECUTE,7086,CYCLES,BACKEND,SUB-EVENT,_MatMul_2:OpId_39 (cycles)
5329839010,EXECUTE,43710,CYCLES,BACKEND,SUB-EVENT,_MatMul_2_post_reshape:OpId_41 (cycles)
5329839010,EXECUTE,499,CYCLES,BACKEND,SUB-EVENT,_Transpose:OpId_43 (cycles)
5329839010,EXECUTE,3869,CYCLES,BACKEND,SUB-EVENT,_Transpose_1:OpId_45 (cycles)
5329839010,EXECUTE,3594,CYCLES,BACKEND,SUB-EVENT,_Transpose_2:OpId_47 (cycles)
5329839010,EXECUTE,57550,CYCLES,BACKEND,SUB-EVENT,_Slice:OpId_49 (cycles)
5329839010,EXECUTE,11764,CYCLES,BACKEND,SUB-EVENT,_Slice_1:OpId_55 (cycles)
5329839010,EXECUTE,2533,CYCLES,BACKEND,SUB-EVENT,_Mul_2:OpId_61 (cycles)
5329839010,EXECUTE,1137,CYCLES,BACKEND,SUB-EVENT,_Mul_3:OpId_64 (cycles)
5329839010,EXECUTE,251,CYCLES,BACKEND,SUB-EVENT,_Sub:OpId_66 (cycles)
5329839010,EXECUTE,2810,CYCLES,BACKEND,SUB-EVENT,_Mul_4:OpId_68 (cycles)
5329839010,EXECUTE,1453,CYCLES,BACKEND,SUB-EVENT,_Mul_5:OpId_70 (cycles)
5329839010,EXECUTE,10073,CYCLES,BACKEND,SUB-EVENT,_Add_4:OpId_72 (cycles)
5329839010,EXECUTE,0,CYCLES,BACKEND,SUB-EVENT,_Unsqueeze:OpId_74 (cycles)
5329839010,EXECUTE,0,CYCLES,BACKEND,SUB-EVENT,_Unsqueeze_1:OpId_75 (cycles)
5329839010,EXECUTE,833,CYCLES,BACKEND,SUB-EVENT,_Concat:OpId_76 (cycles)
5329839010,EXECUTE,610,CYCLES,BACKEND,SUB-EVENT,_Reshape_3:OpId_78 (cycles)
5329839010,EXECUTE,77443,CYCLES,BACKEND,SUB-EVENT,_Slice_3:OpId_80 (cycles)
5329839010,EXECUTE,12143,CYCLES,BACKEND,SUB-EVENT,_Slice_4:OpId_86 (cycles)
5329839010,EXECUTE,35481,CYCLES,BACKEND,SUB-EVENT,_Mul_6:OpId_91 (cycles)
5329839010,EXECUTE,30100,CYCLES,BACKEND,SUB-EVENT,_Mul_7:OpId_93 (cycles)
5329839010,EXECUTE,4034,CYCLES,BACKEND,SUB-EVENT,_Sub_1:OpId_95 (cycles)
5329839010,EXECUTE,31251,CYCLES,BACKEND,SUB-EVENT,_Mul_8:OpId_97 (cycles)
5329839010,EXECUTE,28101,CYCLES,BACKEND,SUB-EVENT,_Mul_9:OpId_99 (cycles)
5329839010,EXECUTE,7016,CYCLES,BACKEND,SUB-EVENT,_Add_5:OpId_101 (cycles)
5329839010,EXECUTE,0,CYCLES,BACKEND,SUB-EVENT,_Unsqueeze_2:OpId_103 (cycles)
5329839010,EXECUTE,0,CYCLES,BACKEND,SUB-EVENT,_Unsqueeze_3:OpId_104 (cycles)
5329839010,EXECUTE,16798,CYCLES,BACKEND,SUB-EVENT,_Concat_2:OpId_105 (cycles)
5329839010,EXECUTE,0,CYCLES,BACKEND,SUB-EVENT,_Reshape_4:OpId_107 (cycles)
5329839010,EXECUTE,5049,CYCLES,BACKEND,SUB-EVENT,current_key_nhwc:OpId_109 (cycles)
5329839010,EXECUTE,5418,CYCLES,BACKEND,SUB-EVENT,_Concat_4:OpId_110 (cycles)
5329839010,EXECUTE,345934,CYCLES,BACKEND,SUB-EVENT,_Concat_4_output_0_nchw:OpId_113 (cycles)
5329839010,EXECUTE,2797,CYCLES,BACKEND,SUB-EVENT,_Concat_5:OpId_114 (cycles)
5329839010,EXECUTE,0,CYCLES,BACKEND,SUB-EVENT,_Unsqueeze_4:OpId_116 (cycles)
5329839010,EXECUTE,39000,CYCLES,BACKEND,SUB-EVENT,_MatMul_3:OpId_117 (cycles)
5329839010,EXECUTE,19605,CYCLES,BACKEND,SUB-EVENT,_Div_1:OpId_122 (cycles)
5329839010,EXECUTE,0,CYCLES,BACKEND,SUB-EVENT,_Add_6:OpId_125 (cycles)
5329839010,EXECUTE,23503,CYCLES,BACKEND,SUB-EVENT,_Softmax:OpId_127 (cycles)
5329839010,EXECUTE,0,CYCLES,BACKEND,SUB-EVENT,_Unsqueeze_5:OpId_130 (cycles)
5329839010,EXECUTE,74574,CYCLES,BACKEND,SUB-EVENT,_MatMul_4:OpId_131 (cycles)
5329839010,EXECUTE,0,CYCLES,BACKEND,SUB-EVENT,_Reshape_6:OpId_135 (cycles)
5329839010,EXECUTE,0,CYCLES,BACKEND,SUB-EVENT,_Transpose_4:OpId_137 (cycles)
5329839010,EXECUTE,17933,CYCLES,BACKEND,SUB-EVENT,_MatMul_5:OpId_139 (cycles)
5329839010,EXECUTE,0,CYCLES,BACKEND,SUB-EVENT,_MatMul_5_post_reshape:OpId_142 (cycles)
5329839010,EXECUTE,0,CYCLES,BACKEND,SUB-EVENT,_MatMul_5_output_0_nfc:OpId_144 (cycles)
5329839010,EXECUTE,163427,CYCLES,BACKEND,SUB-EVENT,_Add_7:OpId_146 (cycles)
5329839010,EXECUTE,254,CYCLES,BACKEND,SUB-EVENT,_Add_7_output_0_ncf:OpId_149 (cycles)
5329839010,EXECUTE,4960,CYCLES,BACKEND,SUB-EVENT,rms_norm__Mul_11_output_0:OpId_154 (cycles)
5329839010,EXECUTE,0,CYCLES,BACKEND,SUB-EVENT,_MatMul_6:OpId_158 (cycles)
5329839010,EXECUTE,0,CYCLES,BACKEND,SUB-EVENT,_MatMul_6_post_reshape:OpId_161 (cycles)
5329839010,EXECUTE,289204,CYCLES,BACKEND,SUB-EVENT,_MatMul_7:OpId_163 (cycles)
5329839010,EXECUTE,0,CYCLES,BACKEND,SUB-EVENT,_MatMul_7_post_reshape:OpId_166 (cycles)
5329839010,EXECUTE,0,CYCLES,BACKEND,SUB-EVENT,_Sigmoid:OpId_167 (cycles)
5329839010,EXECUTE,255632,CYCLES,BACKEND,SUB-EVENT,_Mul_12:OpId_174 (cycles)
5329839010,EXECUTE,33278,CYCLES,BACKEND,SUB-EVENT,_Mul_13:OpId_176 (cycles)
5329839010,EXECUTE,402130,CYCLES,BACKEND,SUB-EVENT,_MatMul_8:OpId_179 (cycles)
5329839010,EXECUTE,0,CYCLES,BACKEND,SUB-EVENT,_MatMul_8_post_reshape:OpId_182 (cycles)
5329839010,EXECUTE,0,CYCLES,BACKEND,SUB-EVENT,_MatMul_8_output_0_nfc:OpId_184 (cycles)
5329839010,EXECUTE,14931,CYCLES,BACKEND,SUB-EVENT,_Add_9:OpId_186 (cycles)
5329839010,EXECUTE,7558,CYCLES,BACKEND,SUB-EVENT,Output OpId_3 (cycles)
5329839010,EXECUTE,4754,US,BACKEND,ROOT,Accelerator (execute) time
5329839010,EXECUTE,4613,US,BACKEND,ROOT,Accelerator (execute excluding wait) time
5329839010,EXECUTE,12291,US,BACKEND,ROOT,QNN (execute) time
5329852248,EXECUTE,11960,US,NETRUN,ROOT,Graph 0: qwen2_0_5b_layer0_decode_past128_grouped_gqa_delta_kv
5329852248,EXECUTE,4,COUNT,BACKEND,ROOT,Number of HVX threads used
5329852248,EXECUTE,11577,US,BACKEND,ROOT,RPC (execute) time
5329852248,EXECUTE,9546,US,BACKEND,ROOT,QNN accelerator (execute) time
5329852248,EXECUTE,0,COUNT,BACKEND,ROOT,Num times yield occured
5329852248,EXECUTE,583,US,BACKEND,ROOT,Time for initial VTCM acquire
5329852248,EXECUTE,312,US,BACKEND,ROOT,Time for HVX + HMX power on and acquire
5329852248,EXECUTE,2451538,CYCLES,BACKEND,ROOT,Accelerator (execute) time (cycles)
5329852248,EXECUTE,107686,CYCLES,BACKEND,SUB-EVENT,Input OpId_2 (cycles)
5329852248,EXECUTE,38617,CYCLES,BACKEND,SUB-EVENT,hidden_states_ncf:OpId_17 (cycles)
5329852248,EXECUTE,47198,CYCLES,BACKEND,SUB-EVENT,past_value_nchw:OpId_20 (cycles)
5329852248,EXECUTE,17067,CYCLES,BACKEND,SUB-EVENT,rms_norm__Mul_1_output_0:OpId_24 (cycles)
5329852248,EXECUTE,107995,CYCLES,BACKEND,SUB-EVENT,_MatMul:OpId_29 (cycles)
5329852248,EXECUTE,0,CYCLES,BACKEND,SUB-EVENT,_MatMul_post_reshape:OpId_31 (cycles)
5329852248,EXECUTE,14705,CYCLES,BACKEND,SUB-EVENT,_MatMul_1:OpId_34 (cycles)
5329852248,EXECUTE,40345,CYCLES,BACKEND,SUB-EVENT,_MatMul_1_post_reshape:OpId_36 (cycles)
5329852248,EXECUTE,6362,CYCLES,BACKEND,SUB-EVENT,_MatMul_2:OpId_39 (cycles)
5329852248,EXECUTE,38611,CYCLES,BACKEND,SUB-EVENT,_MatMul_2_post_reshape:OpId_41 (cycles)
5329852248,EXECUTE,485,CYCLES,BACKEND,SUB-EVENT,_Transpose:OpId_43 (cycles)
5329852248,EXECUTE,7591,CYCLES,BACKEND,SUB-EVENT,_Transpose_1:OpId_45 (cycles)
5329852248,EXECUTE,7326,CYCLES,BACKEND,SUB-EVENT,_Transpose_2:OpId_47 (cycles)
5329852248,EXECUTE,53355,CYCLES,BACKEND,SUB-EVENT,_Slice:OpId_49 (cycles)
5329852248,EXECUTE,20754,CYCLES,BACKEND,SUB-EVENT,_Slice_1:OpId_55 (cycles)
5329852248,EXECUTE,2738,CYCLES,BACKEND,SUB-EVENT,_Mul_2:OpId_61 (cycles)
5329852248,EXECUTE,1245,CYCLES,BACKEND,SUB-EVENT,_Mul_3:OpId_64 (cycles)
5329852248,EXECUTE,266,CYCLES,BACKEND,SUB-EVENT,_Sub:OpId_66 (cycles)
5329852248,EXECUTE,3238,CYCLES,BACKEND,SUB-EVENT,_Mul_4:OpId_68 (cycles)
5329852248,EXECUTE,1300,CYCLES,BACKEND,SUB-EVENT,_Mul_5:OpId_70 (cycles)
5329852248,EXECUTE,10625,CYCLES,BACKEND,SUB-EVENT,_Add_4:OpId_72 (cycles)
5329852248,EXECUTE,0,CYCLES,BACKEND,SUB-EVENT,_Unsqueeze:OpId_74 (cycles)
5329852248,EXECUTE,0,CYCLES,BACKEND,SUB-EVENT,_Unsqueeze_1:OpId_75 (cycles)
5329852248,EXECUTE,860,CYCLES,BACKEND,SUB-EVENT,_Concat:OpId_76 (cycles)
5329852248,EXECUTE,604,CYCLES,BACKEND,SUB-EVENT,_Reshape_3:OpId_78 (cycles)
5329852248,EXECUTE,89369,CYCLES,BACKEND,SUB-EVENT,_Slice_3:OpId_80 (cycles)
5329852248,EXECUTE,19857,CYCLES,BACKEND,SUB-EVENT,_Slice_4:OpId_86 (cycles)
5329852248,EXECUTE,35359,CYCLES,BACKEND,SUB-EVENT,_Mul_6:OpId_91 (cycles)
5329852248,EXECUTE,23450,CYCLES,BACKEND,SUB-EVENT,_Mul_7:OpId_93 (cycles)
5329852248,EXECUTE,5046,CYCLES,BACKEND,SUB-EVENT,_Sub_1:OpId_95 (cycles)
5329852248,EXECUTE,26212,CYCLES,BACKEND,SUB-EVENT,_Mul_8:OpId_97 (cycles)
5329852248,EXECUTE,22494,CYCLES,BACKEND,SUB-EVENT,_Mul_9:OpId_99 (cycles)
5329852248,EXECUTE,5336,CYCLES,BACKEND,SUB-EVENT,_Add_5:OpId_101 (cycles)
5329852248,EXECUTE,0,CYCLES,BACKEND,SUB-EVENT,_Unsqueeze_2:OpId_103 (cycles)
5329852248,EXECUTE,0,CYCLES,BACKEND,SUB-EVENT,_Unsqueeze_3:OpId_104 (cycles)
5329852248,EXECUTE,7159,CYCLES,BACKEND,SUB-EVENT,_Concat_2:OpId_105 (cycles)
5329852248,EXECUTE,0,CYCLES,BACKEND,SUB-EVENT,_Reshape_4:OpId_107 (cycles)
5329852248,EXECUTE,5942,CYCLES,BACKEND,SUB-EVENT,current_key_nhwc:OpId_109 (cycles)
5329852248,EXECUTE,9409,CYCLES,BACKEND,SUB-EVENT,_Concat_4:OpId_110 (cycles)
5329852248,EXECUTE,355275,CYCLES,BACKEND,SUB-EVENT,_Concat_4_output_0_nchw:OpId_113 (cycles)
5329852248,EXECUTE,2096,CYCLES,BACKEND,SUB-EVENT,_Concat_5:OpId_114 (cycles)
5329852248,EXECUTE,0,CYCLES,BACKEND,SUB-EVENT,_Unsqueeze_4:OpId_116 (cycles)
5329852248,EXECUTE,39620,CYCLES,BACKEND,SUB-EVENT,_MatMul_3:OpId_117 (cycles)
5329852248,EXECUTE,18942,CYCLES,BACKEND,SUB-EVENT,_Div_1:OpId_122 (cycles)
5329852248,EXECUTE,0,CYCLES,BACKEND,SUB-EVENT,_Add_6:OpId_125 (cycles)
5329852248,EXECUTE,22992,CYCLES,BACKEND,SUB-EVENT,_Softmax:OpId_127 (cycles)
5329852248,EXECUTE,0,CYCLES,BACKEND,SUB-EVENT,_Unsqueeze_5:OpId_130 (cycles)
5329852248,EXECUTE,76324,CYCLES,BACKEND,SUB-EVENT,_MatMul_4:OpId_131 (cycles)
5329852248,EXECUTE,0,CYCLES,BACKEND,SUB-EVENT,_Reshape_6:OpId_135 (cycles)
5329852248,EXECUTE,0,CYCLES,BACKEND,SUB-EVENT,_Transpose_4:OpId_137 (cycles)
5329852248,EXECUTE,20097,CYCLES,BACKEND,SUB-EVENT,_MatMul_5:OpId_139 (cycles)
5329852248,EXECUTE,0,CYCLES,BACKEND,SUB-EVENT,_MatMul_5_post_reshape:OpId_142 (cycles)
5329852248,EXECUTE,0,CYCLES,BACKEND,SUB-EVENT,_MatMul_5_output_0_nfc:OpId_144 (cycles)
5329852248,EXECUTE,121817,CYCLES,BACKEND,SUB-EVENT,_Add_7:OpId_146 (cycles)
5329852248,EXECUTE,308,CYCLES,BACKEND,SUB-EVENT,_Add_7_output_0_ncf:OpId_149 (cycles)
5329852248,EXECUTE,4947,CYCLES,BACKEND,SUB-EVENT,rms_norm__Mul_11_output_0:OpId_154 (cycles)
5329852248,EXECUTE,0,CYCLES,BACKEND,SUB-EVENT,_MatMul_6:OpId_158 (cycles)
5329852248,EXECUTE,0,CYCLES,BACKEND,SUB-EVENT,_MatMul_6_post_reshape:OpId_161 (cycles)
5329852248,EXECUTE,293869,CYCLES,BACKEND,SUB-EVENT,_MatMul_7:OpId_163 (cycles)
5329852248,EXECUTE,0,CYCLES,BACKEND,SUB-EVENT,_MatMul_7_post_reshape:OpId_166 (cycles)
5329852248,EXECUTE,0,CYCLES,BACKEND,SUB-EVENT,_Sigmoid:OpId_167 (cycles)
5329852248,EXECUTE,257592,CYCLES,BACKEND,SUB-EVENT,_Mul_12:OpId_174 (cycles)
5329852248,EXECUTE,33141,CYCLES,BACKEND,SUB-EVENT,_Mul_13:OpId_176 (cycles)
5329852248,EXECUTE,401918,CYCLES,BACKEND,SUB-EVENT,_MatMul_8:OpId_179 (cycles)
5329852248,EXECUTE,0,CYCLES,BACKEND,SUB-EVENT,_MatMul_8_post_reshape:OpId_182 (cycles)
5329852248,EXECUTE,0,CYCLES,BACKEND,SUB-EVENT,_MatMul_8_output_0_nfc:OpId_184 (cycles)
5329852248,EXECUTE,14775,CYCLES,BACKEND,SUB-EVENT,_Add_9:OpId_186 (cycles)
5329852248,EXECUTE,9219,CYCLES,BACKEND,SUB-EVENT,Output OpId_3 (cycles)
5329852248,EXECUTE,4694,US,BACKEND,ROOT,Accelerator (execute) time
5329852248,EXECUTE,4558,US,BACKEND,ROOT,Accelerator (execute excluding wait) time
5329852248,EXECUTE,11936,US,BACKEND,ROOT,QNN (execute) time
5329865523,EXECUTE,12159,US,NETRUN,ROOT,Graph 0: qwen2_0_5b_layer0_decode_past128_grouped_gqa_delta_kv
5329865523,EXECUTE,4,COUNT,BACKEND,ROOT,Number of HVX threads used
5329865523,EXECUTE,11777,US,BACKEND,ROOT,RPC (execute) time
5329865523,EXECUTE,9670,US,BACKEND,ROOT,QNN accelerator (execute) time
5329865523,EXECUTE,0,COUNT,BACKEND,ROOT,Num times yield occured
5329865523,EXECUTE,583,US,BACKEND,ROOT,Time for initial VTCM acquire
5329865523,EXECUTE,280,US,BACKEND,ROOT,Time for HVX + HMX power on and acquire
5329865523,EXECUTE,2387831,CYCLES,BACKEND,ROOT,Accelerator (execute) time (cycles)
5329865523,EXECUTE,103500,CYCLES,BACKEND,SUB-EVENT,Input OpId_2 (cycles)
5329865523,EXECUTE,39441,CYCLES,BACKEND,SUB-EVENT,hidden_states_ncf:OpId_17 (cycles)
5329865523,EXECUTE,44922,CYCLES,BACKEND,SUB-EVENT,past_value_nchw:OpId_20 (cycles)
5329865523,EXECUTE,17936,CYCLES,BACKEND,SUB-EVENT,rms_norm__Mul_1_output_0:OpId_24 (cycles)
5329865523,EXECUTE,79622,CYCLES,BACKEND,SUB-EVENT,_MatMul:OpId_29 (cycles)
5329865523,EXECUTE,0,CYCLES,BACKEND,SUB-EVENT,_MatMul_post_reshape:OpId_31 (cycles)
5329865523,EXECUTE,11444,CYCLES,BACKEND,SUB-EVENT,_MatMul_1:OpId_34 (cycles)
5329865523,EXECUTE,37900,CYCLES,BACKEND,SUB-EVENT,_MatMul_1_post_reshape:OpId_36 (cycles)
5329865523,EXECUTE,5803,CYCLES,BACKEND,SUB-EVENT,_MatMul_2:OpId_39 (cycles)
5329865523,EXECUTE,36168,CYCLES,BACKEND,SUB-EVENT,_MatMul_2_post_reshape:OpId_41 (cycles)
5329865523,EXECUTE,479,CYCLES,BACKEND,SUB-EVENT,_Transpose:OpId_43 (cycles)
5329865523,EXECUTE,4984,CYCLES,BACKEND,SUB-EVENT,_Transpose_1:OpId_45 (cycles)
5329865523,EXECUTE,4755,CYCLES,BACKEND,SUB-EVENT,_Transpose_2:OpId_47 (cycles)
5329865523,EXECUTE,47065,CYCLES,BACKEND,SUB-EVENT,_Slice:OpId_49 (cycles)
5329865523,EXECUTE,16054,CYCLES,BACKEND,SUB-EVENT,_Slice_1:OpId_55 (cycles)
5329865523,EXECUTE,2547,CYCLES,BACKEND,SUB-EVENT,_Mul_2:OpId_61 (cycles)
5329865523,EXECUTE,1167,CYCLES,BACKEND,SUB-EVENT,_Mul_3:OpId_64 (cycles)
5329865523,EXECUTE,255,CYCLES,BACKEND,SUB-EVENT,_Sub:OpId_66 (cycles)
5329865523,EXECUTE,3080,CYCLES,BACKEND,SUB-EVENT,_Mul_4:OpId_68 (cycles)
5329865523,EXECUTE,1310,CYCLES,BACKEND,SUB-EVENT,_Mul_5:OpId_70 (cycles)
5329865523,EXECUTE,6949,CYCLES,BACKEND,SUB-EVENT,_Add_4:OpId_72 (cycles)
5329865523,EXECUTE,0,CYCLES,BACKEND,SUB-EVENT,_Unsqueeze:OpId_74 (cycles)
5329865523,EXECUTE,0,CYCLES,BACKEND,SUB-EVENT,_Unsqueeze_1:OpId_75 (cycles)
5329865523,EXECUTE,779,CYCLES,BACKEND,SUB-EVENT,_Concat:OpId_76 (cycles)
5329865523,EXECUTE,609,CYCLES,BACKEND,SUB-EVENT,_Reshape_3:OpId_78 (cycles)
5329865523,EXECUTE,88002,CYCLES,BACKEND,SUB-EVENT,_Slice_3:OpId_80 (cycles)
5329865523,EXECUTE,11268,CYCLES,BACKEND,SUB-EVENT,_Slice_4:OpId_86 (cycles)
5329865523,EXECUTE,36857,CYCLES,BACKEND,SUB-EVENT,_Mul_6:OpId_91 (cycles)
5329865523,EXECUTE,24947,CYCLES,BACKEND,SUB-EVENT,_Mul_7:OpId_93 (cycles)
5329865523,EXECUTE,4519,CYCLES,BACKEND,SUB-EVENT,_Sub_1:OpId_95 (cycles)
5329865523,EXECUTE,27598,CYCLES,BACKEND,SUB-EVENT,_Mul_8:OpId_97 (cycles)
5329865523,EXECUTE,24078,CYCLES,BACKEND,SUB-EVENT,_Mul_9:OpId_99 (cycles)
5329865523,EXECUTE,6471,CYCLES,BACKEND,SUB-EVENT,_Add_5:OpId_101 (cycles)
5329865523,EXECUTE,0,CYCLES,BACKEND,SUB-EVENT,_Unsqueeze_2:OpId_103 (cycles)
5329865523,EXECUTE,0,CYCLES,BACKEND,SUB-EVENT,_Unsqueeze_3:OpId_104 (cycles)
5329865523,EXECUTE,8276,CYCLES,BACKEND,SUB-EVENT,_Concat_2:OpId_105 (cycles)
5329865523,EXECUTE,0,CYCLES,BACKEND,SUB-EVENT,_Reshape_4:OpId_107 (cycles)
5329865523,EXECUTE,4964,CYCLES,BACKEND,SUB-EVENT,current_key_nhwc:OpId_109 (cycles)
5329865523,EXECUTE,4142,CYCLES,BACKEND,SUB-EVENT,_Concat_4:OpId_110 (cycles)
5329865523,EXECUTE,364012,CYCLES,BACKEND,SUB-EVENT,_Concat_4_output_0_nchw:OpId_113 (cycles)
5329865523,EXECUTE,3212,CYCLES,BACKEND,SUB-EVENT,_Concat_5:OpId_114 (cycles)
5329865523,EXECUTE,0,CYCLES,BACKEND,SUB-EVENT,_Unsqueeze_4:OpId_116 (cycles)
5329865523,EXECUTE,34968,CYCLES,BACKEND,SUB-EVENT,_MatMul_3:OpId_117 (cycles)
5329865523,EXECUTE,19981,CYCLES,BACKEND,SUB-EVENT,_Div_1:OpId_122 (cycles)
5329865523,EXECUTE,0,CYCLES,BACKEND,SUB-EVENT,_Add_6:OpId_125 (cycles)
5329865523,EXECUTE,22258,CYCLES,BACKEND,SUB-EVENT,_Softmax:OpId_127 (cycles)
5329865523,EXECUTE,0,CYCLES,BACKEND,SUB-EVENT,_Unsqueeze_5:OpId_130 (cycles)
5329865523,EXECUTE,74784,CYCLES,BACKEND,SUB-EVENT,_MatMul_4:OpId_131 (cycles)
5329865523,EXECUTE,0,CYCLES,BACKEND,SUB-EVENT,_Reshape_6:OpId_135 (cycles)
5329865523,EXECUTE,0,CYCLES,BACKEND,SUB-EVENT,_Transpose_4:OpId_137 (cycles)
5329865523,EXECUTE,18688,CYCLES,BACKEND,SUB-EVENT,_MatMul_5:OpId_139 (cycles)
5329865523,EXECUTE,0,CYCLES,BACKEND,SUB-EVENT,_MatMul_5_post_reshape:OpId_142 (cycles)
5329865523,EXECUTE,0,CYCLES,BACKEND,SUB-EVENT,_MatMul_5_output_0_nfc:OpId_144 (cycles)
5329865523,EXECUTE,129343,CYCLES,BACKEND,SUB-EVENT,_Add_7:OpId_146 (cycles)
5329865523,EXECUTE,284,CYCLES,BACKEND,SUB-EVENT,_Add_7_output_0_ncf:OpId_149 (cycles)
5329865523,EXECUTE,9303,CYCLES,BACKEND,SUB-EVENT,rms_norm__Mul_11_output_0:OpId_154 (cycles)
5329865523,EXECUTE,0,CYCLES,BACKEND,SUB-EVENT,_MatMul_6:OpId_158 (cycles)
5329865523,EXECUTE,0,CYCLES,BACKEND,SUB-EVENT,_MatMul_6_post_reshape:OpId_161 (cycles)
5329865523,EXECUTE,288183,CYCLES,BACKEND,SUB-EVENT,_MatMul_7:OpId_163 (cycles)
5329865523,EXECUTE,0,CYCLES,BACKEND,SUB-EVENT,_MatMul_7_post_reshape:OpId_166 (cycles)
5329865523,EXECUTE,0,CYCLES,BACKEND,SUB-EVENT,_Sigmoid:OpId_167 (cycles)
5329865523,EXECUTE,252404,CYCLES,BACKEND,SUB-EVENT,_Mul_12:OpId_174 (cycles)
5329865523,EXECUTE,35024,CYCLES,BACKEND,SUB-EVENT,_Mul_13:OpId_176 (cycles)
5329865523,EXECUTE,401720,CYCLES,BACKEND,SUB-EVENT,_MatMul_8:OpId_179 (cycles)
5329865523,EXECUTE,0,CYCLES,BACKEND,SUB-EVENT,_MatMul_8_post_reshape:OpId_182 (cycles)
5329865523,EXECUTE,0,CYCLES,BACKEND,SUB-EVENT,_MatMul_8_output_0_nfc:OpId_184 (cycles)
5329865523,EXECUTE,14709,CYCLES,BACKEND,SUB-EVENT,_Add_9:OpId_186 (cycles)
5329865523,EXECUTE,11067,CYCLES,BACKEND,SUB-EVENT,Output OpId_3 (cycles)
5329865523,EXECUTE,4676,US,BACKEND,ROOT,Accelerator (execute) time
5329865523,EXECUTE,4550,US,BACKEND,ROOT,Accelerator (execute excluding wait) time
5329865523,EXECUTE,12135,US,BACKEND,ROOT,QNN (execute) time
5329878929,EXECUTE,12335,US,NETRUN,ROOT,Graph 0: qwen2_0_5b_layer0_decode_past128_grouped_gqa_delta_kv
5329878929,EXECUTE,4,COUNT,BACKEND,ROOT,Number of HVX threads used
5329878929,EXECUTE,11955,US,BACKEND,ROOT,RPC (execute) time
5329878929,EXECUTE,9829,US,BACKEND,ROOT,QNN accelerator (execute) time
5329878929,EXECUTE,0,COUNT,BACKEND,ROOT,Num times yield occured
5329878929,EXECUTE,592,US,BACKEND,ROOT,Time for initial VTCM acquire
5329878929,EXECUTE,287,US,BACKEND,ROOT,Time for HVX + HMX power on and acquire
5329878929,EXECUTE,2617925,CYCLES,BACKEND,ROOT,Accelerator (execute) time (cycles)
5329878929,EXECUTE,137815,CYCLES,BACKEND,SUB-EVENT,Input OpId_2 (cycles)
5329878929,EXECUTE,51276,CYCLES,BACKEND,SUB-EVENT,hidden_states_ncf:OpId_17 (cycles)
5329878929,EXECUTE,41574,CYCLES,BACKEND,SUB-EVENT,past_value_nchw:OpId_20 (cycles)
5329878929,EXECUTE,15208,CYCLES,BACKEND,SUB-EVENT,rms_norm__Mul_1_output_0:OpId_24 (cycles)
5329878929,EXECUTE,109715,CYCLES,BACKEND,SUB-EVENT,_MatMul:OpId_29 (cycles)
5329878929,EXECUTE,0,CYCLES,BACKEND,SUB-EVENT,_MatMul_post_reshape:OpId_31 (cycles)
5329878929,EXECUTE,11893,CYCLES,BACKEND,SUB-EVENT,_MatMul_1:OpId_34 (cycles)
5329878929,EXECUTE,38660,CYCLES,BACKEND,SUB-EVENT,_MatMul_1_post_reshape:OpId_36 (cycles)
5329878929,EXECUTE,5718,CYCLES,BACKEND,SUB-EVENT,_MatMul_2:OpId_39 (cycles)
5329878929,EXECUTE,37039,CYCLES,BACKEND,SUB-EVENT,_MatMul_2_post_reshape:OpId_41 (cycles)
5329878929,EXECUTE,511,CYCLES,BACKEND,SUB-EVENT,_Transpose:OpId_43 (cycles)
5329878929,EXECUTE,6050,CYCLES,BACKEND,SUB-EVENT,_Transpose_1:OpId_45 (cycles)
5329878929,EXECUTE,5794,CYCLES,BACKEND,SUB-EVENT,_Transpose_2:OpId_47 (cycles)
5329878929,EXECUTE,59450,CYCLES,BACKEND,SUB-EVENT,_Slice:OpId_49 (cycles)
5329878929,EXECUTE,18117,CYCLES,BACKEND,SUB-EVENT,_Slice_1:OpId_55 (cycles)
5329878929,EXECUTE,4080,CYCLES,BACKEND,SUB-EVENT,_Mul_2:OpId_61 (cycles)
5329878929,EXECUTE,1174,CYCLES,BACKEND,SUB-EVENT,_Mul_3:OpId_64 (cycles)
5329878929,EXECUTE,259,CYCLES,BACKEND,SUB-EVENT,_Sub:OpId_66 (cycles)
5329878929,EXECUTE,3848,CYCLES,BACKEND,SUB-EVENT,_Mul_4:OpId_68 (cycles)
5329878929,EXECUTE,1305,CYCLES,BACKEND,SUB-EVENT,_Mul_5:OpId_70 (cycles)
5329878929,EXECUTE,6734,CYCLES,BACKEND,SUB-EVENT,_Add_4:OpId_72 (cycles)
5329878929,EXECUTE,0,CYCLES,BACKEND,SUB-EVENT,_Unsqueeze:OpId_74 (cycles)
5329878929,EXECUTE,0,CYCLES,BACKEND,SUB-EVENT,_Unsqueeze_1:OpId_75 (cycles)
5329878929,EXECUTE,902,CYCLES,BACKEND,SUB-EVENT,_Concat:OpId_76 (cycles)
5329878929,EXECUTE,603,CYCLES,BACKEND,SUB-EVENT,_Reshape_3:OpId_78 (cycles)
5329878929,EXECUTE,114787,CYCLES,BACKEND,SUB-EVENT,_Slice_3:OpId_80 (cycles)
5329878929,EXECUTE,17844,CYCLES,BACKEND,SUB-EVENT,_Slice_4:OpId_86 (cycles)
5329878929,EXECUTE,43656,CYCLES,BACKEND,SUB-EVENT,_Mul_6:OpId_91 (cycles)
5329878929,EXECUTE,38536,CYCLES,BACKEND,SUB-EVENT,_Mul_7:OpId_93 (cycles)
5329878929,EXECUTE,7212,CYCLES,BACKEND,SUB-EVENT,_Sub_1:OpId_95 (cycles)
5329878929,EXECUTE,43522,CYCLES,BACKEND,SUB-EVENT,_Mul_8:OpId_97 (cycles)
5329878929,EXECUTE,38333,CYCLES,BACKEND,SUB-EVENT,_Mul_9:OpId_99 (cycles)
5329878929,EXECUTE,9683,CYCLES,BACKEND,SUB-EVENT,_Add_5:OpId_101 (cycles)
5329878929,EXECUTE,0,CYCLES,BACKEND,SUB-EVENT,_Unsqueeze_2:OpId_103 (cycles)
5329878929,EXECUTE,0,CYCLES,BACKEND,SUB-EVENT,_Unsqueeze_3:OpId_104 (cycles)
5329878929,EXECUTE,16685,CYCLES,BACKEND,SUB-EVENT,_Concat_2:OpId_105 (cycles)
5329878929,EXECUTE,0,CYCLES,BACKEND,SUB-EVENT,_Reshape_4:OpId_107 (cycles)
5329878929,EXECUTE,1294,CYCLES,BACKEND,SUB-EVENT,current_key_nhwc:OpId_109 (cycles)
5329878929,EXECUTE,3381,CYCLES,BACKEND,SUB-EVENT,_Concat_4:OpId_110 (cycles)
5329878929,EXECUTE,371143,CYCLES,BACKEND,SUB-EVENT,_Concat_4_output_0_nchw:OpId_113 (cycles)
5329878929,EXECUTE,4072,CYCLES,BACKEND,SUB-EVENT,_Concat_5:OpId_114 (cycles)
5329878929,EXECUTE,0,CYCLES,BACKEND,SUB-EVENT,_Unsqueeze_4:OpId_116 (cycles)
5329878929,EXECUTE,35612,CYCLES,BACKEND,SUB-EVENT,_MatMul_3:OpId_117 (cycles)
5329878929,EXECUTE,20439,CYCLES,BACKEND,SUB-EVENT,_Div_1:OpId_122 (cycles)
5329878929,EXECUTE,0,CYCLES,BACKEND,SUB-EVENT,_Add_6:OpId_125 (cycles)
5329878929,EXECUTE,24073,CYCLES,BACKEND,SUB-EVENT,_Softmax:OpId_127 (cycles)
5329878929,EXECUTE,0,CYCLES,BACKEND,SUB-EVENT,_Unsqueeze_5:OpId_130 (cycles)
5329878929,EXECUTE,86754,CYCLES,BACKEND,SUB-EVENT,_MatMul_4:OpId_131 (cycles)
5329878929,EXECUTE,0,CYCLES,BACKEND,SUB-EVENT,_Reshape_6:OpId_135 (cycles)
5329878929,EXECUTE,0,CYCLES,BACKEND,SUB-EVENT,_Transpose_4:OpId_137 (cycles)
5329878929,EXECUTE,19333,CYCLES,BACKEND,SUB-EVENT,_MatMul_5:OpId_139 (cycles)
5329878929,EXECUTE,0,CYCLES,BACKEND,SUB-EVENT,_MatMul_5_post_reshape:OpId_142 (cycles)
5329878929,EXECUTE,0,CYCLES,BACKEND,SUB-EVENT,_MatMul_5_output_0_nfc:OpId_144 (cycles)
5329878929,EXECUTE,148891,CYCLES,BACKEND,SUB-EVENT,_Add_7:OpId_146 (cycles)
5329878929,EXECUTE,310,CYCLES,BACKEND,SUB-EVENT,_Add_7_output_0_ncf:OpId_149 (cycles)
5329878929,EXECUTE,8311,CYCLES,BACKEND,SUB-EVENT,rms_norm__Mul_11_output_0:OpId_154 (cycles)
5329878929,EXECUTE,0,CYCLES,BACKEND,SUB-EVENT,_MatMul_6:OpId_158 (cycles)
5329878929,EXECUTE,0,CYCLES,BACKEND,SUB-EVENT,_MatMul_6_post_reshape:OpId_161 (cycles)
5329878929,EXECUTE,293552,CYCLES,BACKEND,SUB-EVENT,_MatMul_7:OpId_163 (cycles)
5329878929,EXECUTE,0,CYCLES,BACKEND,SUB-EVENT,_MatMul_7_post_reshape:OpId_166 (cycles)
5329878929,EXECUTE,0,CYCLES,BACKEND,SUB-EVENT,_Sigmoid:OpId_167 (cycles)
5329878929,EXECUTE,243316,CYCLES,BACKEND,SUB-EVENT,_Mul_12:OpId_174 (cycles)
5329878929,EXECUTE,28110,CYCLES,BACKEND,SUB-EVENT,_Mul_13:OpId_176 (cycles)
5329878929,EXECUTE,403514,CYCLES,BACKEND,SUB-EVENT,_MatMul_8:OpId_179 (cycles)
5329878929,EXECUTE,0,CYCLES,BACKEND,SUB-EVENT,_MatMul_8_post_reshape:OpId_182 (cycles)
5329878929,EXECUTE,0,CYCLES,BACKEND,SUB-EVENT,_MatMul_8_output_0_nfc:OpId_184 (cycles)
5329878929,EXECUTE,20191,CYCLES,BACKEND,SUB-EVENT,_Add_9:OpId_186 (cycles)
5329878929,EXECUTE,17646,CYCLES,BACKEND,SUB-EVENT,Output OpId_3 (cycles)
5329878929,EXECUTE,4806,US,BACKEND,ROOT,Accelerator (execute) time
5329878929,EXECUTE,4675,US,BACKEND,ROOT,Accelerator (execute excluding wait) time
5329878929,EXECUTE,12313,US,BACKEND,ROOT,QNN (execute) time
5329891071,EXECUTE,11062,US,NETRUN,ROOT,Graph 0: qwen2_0_5b_layer0_decode_past128_grouped_gqa_delta_kv
5329891071,EXECUTE,4,COUNT,BACKEND,ROOT,Number of HVX threads used
5329891071,EXECUTE,10681,US,BACKEND,ROOT,RPC (execute) time
5329891071,EXECUTE,8887,US,BACKEND,ROOT,QNN accelerator (execute) time
5329891071,EXECUTE,0,COUNT,BACKEND,ROOT,Num times yield occured
5329891071,EXECUTE,583,US,BACKEND,ROOT,Time for initial VTCM acquire
5329891071,EXECUTE,316,US,BACKEND,ROOT,Time for HVX + HMX power on and acquire
5329891071,EXECUTE,2466085,CYCLES,BACKEND,ROOT,Accelerator (execute) time (cycles)
5329891071,EXECUTE,101709,CYCLES,BACKEND,SUB-EVENT,Input OpId_2 (cycles)
5329891071,EXECUTE,35061,CYCLES,BACKEND,SUB-EVENT,hidden_states_ncf:OpId_17 (cycles)
5329891071,EXECUTE,46789,CYCLES,BACKEND,SUB-EVENT,past_value_nchw:OpId_20 (cycles)
5329891071,EXECUTE,15524,CYCLES,BACKEND,SUB-EVENT,rms_norm__Mul_1_output_0:OpId_24 (cycles)
5329891071,EXECUTE,73235,CYCLES,BACKEND,SUB-EVENT,_MatMul:OpId_29 (cycles)
5329891071,EXECUTE,0,CYCLES,BACKEND,SUB-EVENT,_MatMul_post_reshape:OpId_31 (cycles)
5329891071,EXECUTE,9958,CYCLES,BACKEND,SUB-EVENT,_MatMul_1:OpId_34 (cycles)
5329891071,EXECUTE,44207,CYCLES,BACKEND,SUB-EVENT,_MatMul_1_post_reshape:OpId_36 (cycles)
5329891071,EXECUTE,8900,CYCLES,BACKEND,SUB-EVENT,_MatMul_2:OpId_39 (cycles)
5329891071,EXECUTE,42395,CYCLES,BACKEND,SUB-EVENT,_MatMul_2_post_reshape:OpId_41 (cycles)
5329891071,EXECUTE,480,CYCLES,BACKEND,SUB-EVENT,_Transpose:OpId_43 (cycles)
5329891071,EXECUTE,6505,CYCLES,BACKEND,SUB-EVENT,_Transpose_1:OpId_45 (cycles)
5329891071,EXECUTE,6300,CYCLES,BACKEND,SUB-EVENT,_Transpose_2:OpId_47 (cycles)
5329891071,EXECUTE,46281,CYCLES,BACKEND,SUB-EVENT,_Slice:OpId_49 (cycles)
5329891071,EXECUTE,22856,CYCLES,BACKEND,SUB-EVENT,_Slice_1:OpId_55 (cycles)
5329891071,EXECUTE,2593,CYCLES,BACKEND,SUB-EVENT,_Mul_2:OpId_61 (cycles)
5329891071,EXECUTE,1198,CYCLES,BACKEND,SUB-EVENT,_Mul_3:OpId_64 (cycles)
5329891071,EXECUTE,268,CYCLES,BACKEND,SUB-EVENT,_Sub:OpId_66 (cycles)
5329891071,EXECUTE,2755,CYCLES,BACKEND,SUB-EVENT,_Mul_4:OpId_68 (cycles)
5329891071,EXECUTE,1363,CYCLES,BACKEND,SUB-EVENT,_Mul_5:OpId_70 (cycles)
5329891071,EXECUTE,11220,CYCLES,BACKEND,SUB-EVENT,_Add_4:OpId_72 (cycles)
5329891071,EXECUTE,0,CYCLES,BACKEND,SUB-EVENT,_Unsqueeze:OpId_74 (cycles)
5329891071,EXECUTE,0,CYCLES,BACKEND,SUB-EVENT,_Unsqueeze_1:OpId_75 (cycles)
5329891071,EXECUTE,878,CYCLES,BACKEND,SUB-EVENT,_Concat:OpId_76 (cycles)
5329891071,EXECUTE,587,CYCLES,BACKEND,SUB-EVENT,_Reshape_3:OpId_78 (cycles)
5329891071,EXECUTE,106862,CYCLES,BACKEND,SUB-EVENT,_Slice_3:OpId_80 (cycles)
5329891071,EXECUTE,20311,CYCLES,BACKEND,SUB-EVENT,_Slice_4:OpId_86 (cycles)
5329891071,EXECUTE,35334,CYCLES,BACKEND,SUB-EVENT,_Mul_6:OpId_91 (cycles)
5329891071,EXECUTE,25124,CYCLES,BACKEND,SUB-EVENT,_Mul_7:OpId_93 (cycles)
5329891071,EXECUTE,4688,CYCLES,BACKEND,SUB-EVENT,_Sub_1:OpId_95 (cycles)
5329891071,EXECUTE,28689,CYCLES,BACKEND,SUB-EVENT,_Mul_8:OpId_97 (cycles)
5329891071,EXECUTE,25088,CYCLES,BACKEND,SUB-EVENT,_Mul_9:OpId_99 (cycles)
5329891071,EXECUTE,4781,CYCLES,BACKEND,SUB-EVENT,_Add_5:OpId_101 (cycles)
5329891071,EXECUTE,0,CYCLES,BACKEND,SUB-EVENT,_Unsqueeze_2:OpId_103 (cycles)
5329891071,EXECUTE,0,CYCLES,BACKEND,SUB-EVENT,_Unsqueeze_3:OpId_104 (cycles)
5329891071,EXECUTE,6374,CYCLES,BACKEND,SUB-EVENT,_Concat_2:OpId_105 (cycles)
5329891071,EXECUTE,0,CYCLES,BACKEND,SUB-EVENT,_Reshape_4:OpId_107 (cycles)
5329891071,EXECUTE,4119,CYCLES,BACKEND,SUB-EVENT,current_key_nhwc:OpId_109 (cycles)
5329891071,EXECUTE,4309,CYCLES,BACKEND,SUB-EVENT,_Concat_4:OpId_110 (cycles)
5329891071,EXECUTE,387692,CYCLES,BACKEND,SUB-EVENT,_Concat_4_output_0_nchw:OpId_113 (cycles)
5329891071,EXECUTE,4029,CYCLES,BACKEND,SUB-EVENT,_Concat_5:OpId_114 (cycles)
5329891071,EXECUTE,0,CYCLES,BACKEND,SUB-EVENT,_Unsqueeze_4:OpId_116 (cycles)
5329891071,EXECUTE,35812,CYCLES,BACKEND,SUB-EVENT,_MatMul_3:OpId_117 (cycles)
5329891071,EXECUTE,18966,CYCLES,BACKEND,SUB-EVENT,_Div_1:OpId_122 (cycles)
5329891071,EXECUTE,0,CYCLES,BACKEND,SUB-EVENT,_Add_6:OpId_125 (cycles)
5329891071,EXECUTE,23338,CYCLES,BACKEND,SUB-EVENT,_Softmax:OpId_127 (cycles)
5329891071,EXECUTE,0,CYCLES,BACKEND,SUB-EVENT,_Unsqueeze_5:OpId_130 (cycles)
5329891071,EXECUTE,71799,CYCLES,BACKEND,SUB-EVENT,_MatMul_4:OpId_131 (cycles)
5329891071,EXECUTE,0,CYCLES,BACKEND,SUB-EVENT,_Reshape_6:OpId_135 (cycles)
5329891071,EXECUTE,0,CYCLES,BACKEND,SUB-EVENT,_Transpose_4:OpId_137 (cycles)
5329891071,EXECUTE,19136,CYCLES,BACKEND,SUB-EVENT,_MatMul_5:OpId_139 (cycles)
5329891071,EXECUTE,0,CYCLES,BACKEND,SUB-EVENT,_MatMul_5_post_reshape:OpId_142 (cycles)
5329891071,EXECUTE,0,CYCLES,BACKEND,SUB-EVENT,_MatMul_5_output_0_nfc:OpId_144 (cycles)
5329891071,EXECUTE,160541,CYCLES,BACKEND,SUB-EVENT,_Add_7:OpId_146 (cycles)
5329891071,EXECUTE,280,CYCLES,BACKEND,SUB-EVENT,_Add_7_output_0_ncf:OpId_149 (cycles)
5329891071,EXECUTE,4969,CYCLES,BACKEND,SUB-EVENT,rms_norm__Mul_11_output_0:OpId_154 (cycles)
5329891071,EXECUTE,0,CYCLES,BACKEND,SUB-EVENT,_MatMul_6:OpId_158 (cycles)
5329891071,EXECUTE,0,CYCLES,BACKEND,SUB-EVENT,_MatMul_6_post_reshape:OpId_161 (cycles)
5329891071,EXECUTE,286664,CYCLES,BACKEND,SUB-EVENT,_MatMul_7:OpId_163 (cycles)
5329891071,EXECUTE,0,CYCLES,BACKEND,SUB-EVENT,_MatMul_7_post_reshape:OpId_166 (cycles)
5329891071,EXECUTE,0,CYCLES,BACKEND,SUB-EVENT,_Sigmoid:OpId_167 (cycles)
5329891071,EXECUTE,250037,CYCLES,BACKEND,SUB-EVENT,_Mul_12:OpId_174 (cycles)
5329891071,EXECUTE,26318,CYCLES,BACKEND,SUB-EVENT,_Mul_13:OpId_176 (cycles)
5329891071,EXECUTE,405922,CYCLES,BACKEND,SUB-EVENT,_MatMul_8:OpId_179 (cycles)
5329891071,EXECUTE,0,CYCLES,BACKEND,SUB-EVENT,_MatMul_8_post_reshape:OpId_182 (cycles)
5329891071,EXECUTE,0,CYCLES,BACKEND,SUB-EVENT,_MatMul_8_output_0_nfc:OpId_184 (cycles)
5329891071,EXECUTE,14791,CYCLES,BACKEND,SUB-EVENT,_Add_9:OpId_186 (cycles)
5329891071,EXECUTE,9050,CYCLES,BACKEND,SUB-EVENT,Output OpId_3 (cycles)
5329891071,EXECUTE,4755,US,BACKEND,ROOT,Accelerator (execute) time
5329891071,EXECUTE,4628,US,BACKEND,ROOT,Accelerator (execute excluding wait) time
5329891071,EXECUTE,11038,US,BACKEND,ROOT,QNN (execute) time
5329903707,EXECUTE,7745,US,NETRUN,ROOT,Graph 0: qwen2_0_5b_layer0_decode_past128_grouped_gqa_delta_kv
5329903707,EXECUTE,4,COUNT,BACKEND,ROOT,Number of HVX threads used
5329903707,EXECUTE,7394,US,BACKEND,ROOT,RPC (execute) time
5329903707,EXECUTE,6544,US,BACKEND,ROOT,QNN accelerator (execute) time
5329903707,EXECUTE,0,COUNT,BACKEND,ROOT,Num times yield occured
5329903707,EXECUTE,712,US,BACKEND,ROOT,Time for initial VTCM acquire
5329903707,EXECUTE,147,US,BACKEND,ROOT,Time for HVX + HMX power on and acquire
5329903707,EXECUTE,1128724,CYCLES,BACKEND,ROOT,Accelerator (execute) time (cycles)
5329903707,EXECUTE,31316,CYCLES,BACKEND,SUB-EVENT,Input OpId_2 (cycles)
5329903707,EXECUTE,10008,CYCLES,BACKEND,SUB-EVENT,hidden_states_ncf:OpId_17 (cycles)
5329903707,EXECUTE,12536,CYCLES,BACKEND,SUB-EVENT,past_value_nchw:OpId_20 (cycles)
5329903707,EXECUTE,5683,CYCLES,BACKEND,SUB-EVENT,rms_norm__Mul_1_output_0:OpId_24 (cycles)
5329903707,EXECUTE,25807,CYCLES,BACKEND,SUB-EVENT,_MatMul:OpId_29 (cycles)
5329903707,EXECUTE,0,CYCLES,BACKEND,SUB-EVENT,_MatMul_post_reshape:OpId_31 (cycles)
5329903707,EXECUTE,4147,CYCLES,BACKEND,SUB-EVENT,_MatMul_1:OpId_34 (cycles)
5329903707,EXECUTE,9641,CYCLES,BACKEND,SUB-EVENT,_MatMul_1_post_reshape:OpId_36 (cycles)
5329903707,EXECUTE,2007,CYCLES,BACKEND,SUB-EVENT,_MatMul_2:OpId_39 (cycles)
5329903707,EXECUTE,7883,CYCLES,BACKEND,SUB-EVENT,_MatMul_2_post_reshape:OpId_41 (cycles)
5329903707,EXECUTE,515,CYCLES,BACKEND,SUB-EVENT,_Transpose:OpId_43 (cycles)
5329903707,EXECUTE,2307,CYCLES,BACKEND,SUB-EVENT,_Transpose_1:OpId_45 (cycles)
5329903707,EXECUTE,2044,CYCLES,BACKEND,SUB-EVENT,_Transpose_2:OpId_47 (cycles)
5329903707,EXECUTE,23057,CYCLES,BACKEND,SUB-EVENT,_Slice:OpId_49 (cycles)
5329903707,EXECUTE,7154,CYCLES,BACKEND,SUB-EVENT,_Slice_1:OpId_55 (cycles)
5329903707,EXECUTE,1784,CYCLES,BACKEND,SUB-EVENT,_Mul_2:OpId_61 (cycles)
5329903707,EXECUTE,1254,CYCLES,BACKEND,SUB-EVENT,_Mul_3:OpId_64 (cycles)
5329903707,EXECUTE,248,CYCLES,BACKEND,SUB-EVENT,_Sub:OpId_66 (cycles)
5329903707,EXECUTE,1895,CYCLES,BACKEND,SUB-EVENT,_Mul_4:OpId_68 (cycles)
5329903707,EXECUTE,1523,CYCLES,BACKEND,SUB-EVENT,_Mul_5:OpId_70 (cycles)
5329903707,EXECUTE,3430,CYCLES,BACKEND,SUB-EVENT,_Add_4:OpId_72 (cycles)
5329903707,EXECUTE,0,CYCLES,BACKEND,SUB-EVENT,_Unsqueeze:OpId_74 (cycles)
5329903707,EXECUTE,0,CYCLES,BACKEND,SUB-EVENT,_Unsqueeze_1:OpId_75 (cycles)
5329903707,EXECUTE,767,CYCLES,BACKEND,SUB-EVENT,_Concat:OpId_76 (cycles)
5329903707,EXECUTE,607,CYCLES,BACKEND,SUB-EVENT,_Reshape_3:OpId_78 (cycles)
5329903707,EXECUTE,26305,CYCLES,BACKEND,SUB-EVENT,_Slice_3:OpId_80 (cycles)
5329903707,EXECUTE,6405,CYCLES,BACKEND,SUB-EVENT,_Slice_4:OpId_86 (cycles)
5329903707,EXECUTE,11824,CYCLES,BACKEND,SUB-EVENT,_Mul_6:OpId_91 (cycles)
5329903707,EXECUTE,5919,CYCLES,BACKEND,SUB-EVENT,_Mul_7:OpId_93 (cycles)
5329903707,EXECUTE,1690,CYCLES,BACKEND,SUB-EVENT,_Sub_1:OpId_95 (cycles)
5329903707,EXECUTE,9963,CYCLES,BACKEND,SUB-EVENT,_Mul_8:OpId_97 (cycles)
5329903707,EXECUTE,5746,CYCLES,BACKEND,SUB-EVENT,_Mul_9:OpId_99 (cycles)
5329903707,EXECUTE,2362,CYCLES,BACKEND,SUB-EVENT,_Add_5:OpId_101 (cycles)
5329903707,EXECUTE,0,CYCLES,BACKEND,SUB-EVENT,_Unsqueeze_2:OpId_103 (cycles)
5329903707,EXECUTE,0,CYCLES,BACKEND,SUB-EVENT,_Unsqueeze_3:OpId_104 (cycles)
5329903707,EXECUTE,3634,CYCLES,BACKEND,SUB-EVENT,_Concat_2:OpId_105 (cycles)
5329903707,EXECUTE,0,CYCLES,BACKEND,SUB-EVENT,_Reshape_4:OpId_107 (cycles)
5329903707,EXECUTE,2008,CYCLES,BACKEND,SUB-EVENT,current_key_nhwc:OpId_109 (cycles)
5329903707,EXECUTE,3502,CYCLES,BACKEND,SUB-EVENT,_Concat_4:OpId_110 (cycles)
5329903707,EXECUTE,347424,CYCLES,BACKEND,SUB-EVENT,_Concat_4_output_0_nchw:OpId_113 (cycles)
5329903707,EXECUTE,2773,CYCLES,BACKEND,SUB-EVENT,_Concat_5:OpId_114 (cycles)
5329903707,EXECUTE,0,CYCLES,BACKEND,SUB-EVENT,_Unsqueeze_4:OpId_116 (cycles)
5329903707,EXECUTE,32505,CYCLES,BACKEND,SUB-EVENT,_MatMul_3:OpId_117 (cycles)
5329903707,EXECUTE,7367,CYCLES,BACKEND,SUB-EVENT,_Div_1:OpId_122 (cycles)
5329903707,EXECUTE,0,CYCLES,BACKEND,SUB-EVENT,_Add_6:OpId_125 (cycles)
5329903707,EXECUTE,16285,CYCLES,BACKEND,SUB-EVENT,_Softmax:OpId_127 (cycles)
5329903707,EXECUTE,0,CYCLES,BACKEND,SUB-EVENT,_Unsqueeze_5:OpId_130 (cycles)
5329903707,EXECUTE,41076,CYCLES,BACKEND,SUB-EVENT,_MatMul_4:OpId_131 (cycles)
5329903707,EXECUTE,0,CYCLES,BACKEND,SUB-EVENT,_Reshape_6:OpId_135 (cycles)
5329903707,EXECUTE,0,CYCLES,BACKEND,SUB-EVENT,_Transpose_4:OpId_137 (cycles)
5329903707,EXECUTE,14780,CYCLES,BACKEND,SUB-EVENT,_MatMul_5:OpId_139 (cycles)
5329903707,EXECUTE,0,CYCLES,BACKEND,SUB-EVENT,_MatMul_5_post_reshape:OpId_142 (cycles)
5329903707,EXECUTE,0,CYCLES,BACKEND,SUB-EVENT,_MatMul_5_output_0_nfc:OpId_144 (cycles)
5329903707,EXECUTE,56098,CYCLES,BACKEND,SUB-EVENT,_Add_7:OpId_146 (cycles)
5329903707,EXECUTE,277,CYCLES,BACKEND,SUB-EVENT,_Add_7_output_0_ncf:OpId_149 (cycles)
5329903707,EXECUTE,2623,CYCLES,BACKEND,SUB-EVENT,rms_norm__Mul_11_output_0:OpId_154 (cycles)
5329903707,EXECUTE,0,CYCLES,BACKEND,SUB-EVENT,_MatMul_6:OpId_158 (cycles)
5329903707,EXECUTE,0,CYCLES,BACKEND,SUB-EVENT,_MatMul_6_post_reshape:OpId_161 (cycles)
5329903707,EXECUTE,90902,CYCLES,BACKEND,SUB-EVENT,_MatMul_7:OpId_163 (cycles)
5329903707,EXECUTE,0,CYCLES,BACKEND,SUB-EVENT,_MatMul_7_post_reshape:OpId_166 (cycles)
5329903707,EXECUTE,0,CYCLES,BACKEND,SUB-EVENT,_Sigmoid:OpId_167 (cycles)
5329903707,EXECUTE,89418,CYCLES,BACKEND,SUB-EVENT,_Mul_12:OpId_174 (cycles)
5329903707,EXECUTE,17949,CYCLES,BACKEND,SUB-EVENT,_Mul_13:OpId_176 (cycles)
5329903707,EXECUTE,156587,CYCLES,BACKEND,SUB-EVENT,_MatMul_8:OpId_179 (cycles)
5329903707,EXECUTE,0,CYCLES,BACKEND,SUB-EVENT,_MatMul_8_post_reshape:OpId_182 (cycles)
5329903707,EXECUTE,0,CYCLES,BACKEND,SUB-EVENT,_MatMul_8_output_0_nfc:OpId_184 (cycles)
5329903707,EXECUTE,15018,CYCLES,BACKEND,SUB-EVENT,_Add_9:OpId_186 (cycles)
5329903707,EXECUTE,2671,CYCLES,BACKEND,SUB-EVENT,Output OpId_3 (cycles)
5329903707,EXECUTE,2421,US,BACKEND,ROOT,Accelerator (execute) time
5329903707,EXECUTE,2318,US,BACKEND,ROOT,Accelerator (execute excluding wait) time
5329903707,EXECUTE,7725,US,BACKEND,ROOT,QNN (execute) time
5329908663,EXECUTE,7511,US,NETRUN,ROOT,Graph 0: qwen2_0_5b_layer0_decode_past128_grouped_gqa_delta_kv
5329908663,EXECUTE,4,COUNT,BACKEND,ROOT,Number of HVX threads used
5329908663,EXECUTE,7175,US,BACKEND,ROOT,RPC (execute) time
5329908663,EXECUTE,6390,US,BACKEND,ROOT,QNN accelerator (execute) time
5329908663,EXECUTE,0,COUNT,BACKEND,ROOT,Num times yield occured
5329908663,EXECUTE,471,US,BACKEND,ROOT,Time for initial VTCM acquire
5329908663,EXECUTE,143,US,BACKEND,ROOT,Time for HVX + HMX power on and acquire
5329908663,EXECUTE,1133319,CYCLES,BACKEND,ROOT,Accelerator (execute) time (cycles)
5329908663,EXECUTE,19023,CYCLES,BACKEND,SUB-EVENT,Input OpId_2 (cycles)
5329908663,EXECUTE,3992,CYCLES,BACKEND,SUB-EVENT,hidden_states_ncf:OpId_17 (cycles)
5329908663,EXECUTE,11608,CYCLES,BACKEND,SUB-EVENT,past_value_nchw:OpId_20 (cycles)
5329908663,EXECUTE,5744,CYCLES,BACKEND,SUB-EVENT,rms_norm__Mul_1_output_0:OpId_24 (cycles)
5329908663,EXECUTE,29525,CYCLES,BACKEND,SUB-EVENT,_MatMul:OpId_29 (cycles)
5329908663,EXECUTE,0,CYCLES,BACKEND,SUB-EVENT,_MatMul_post_reshape:OpId_31 (cycles)
5329908663,EXECUTE,6782,CYCLES,BACKEND,SUB-EVENT,_MatMul_1:OpId_34 (cycles)
5329908663,EXECUTE,3898,CYCLES,BACKEND,SUB-EVENT,_MatMul_1_post_reshape:OpId_36 (cycles)
5329908663,EXECUTE,1783,CYCLES,BACKEND,SUB-EVENT,_MatMul_2:OpId_39 (cycles)
5329908663,EXECUTE,2135,CYCLES,BACKEND,SUB-EVENT,_MatMul_2_post_reshape:OpId_41 (cycles)
5329908663,EXECUTE,495,CYCLES,BACKEND,SUB-EVENT,_Transpose:OpId_43 (cycles)
5329908663,EXECUTE,1168,CYCLES,BACKEND,SUB-EVENT,_Transpose_1:OpId_45 (cycles)
5329908663,EXECUTE,991,CYCLES,BACKEND,SUB-EVENT,_Transpose_2:OpId_47 (cycles)
5329908663,EXECUTE,20771,CYCLES,BACKEND,SUB-EVENT,_Slice:OpId_49 (cycles)
5329908663,EXECUTE,5238,CYCLES,BACKEND,SUB-EVENT,_Slice_1:OpId_55 (cycles)
5329908663,EXECUTE,1378,CYCLES,BACKEND,SUB-EVENT,_Mul_2:OpId_61 (cycles)
5329908663,EXECUTE,1226,CYCLES,BACKEND,SUB-EVENT,_Mul_3:OpId_64 (cycles)
5329908663,EXECUTE,230,CYCLES,BACKEND,SUB-EVENT,_Sub:OpId_66 (cycles)
5329908663,EXECUTE,1491,CYCLES,BACKEND,SUB-EVENT,_Mul_4:OpId_68 (cycles)
5329908663,EXECUTE,1270,CYCLES,BACKEND,SUB-EVENT,_Mul_5:OpId_70 (cycles)
5329908663,EXECUTE,2323,CYCLES,BACKEND,SUB-EVENT,_Add_4:OpId_72 (cycles)
5329908663,EXECUTE,0,CYCLES,BACKEND,SUB-EVENT,_Unsqueeze:OpId_74 (cycles)
5329908663,EXECUTE,0,CYCLES,BACKEND,SUB-EVENT,_Unsqueeze_1:OpId_75 (cycles)
5329908663,EXECUTE,769,CYCLES,BACKEND,SUB-EVENT,_Concat:OpId_76 (cycles)
5329908663,EXECUTE,551,CYCLES,BACKEND,SUB-EVENT,_Reshape_3:OpId_78 (cycles)
5329908663,EXECUTE,16115,CYCLES,BACKEND,SUB-EVENT,_Slice_3:OpId_80 (cycles)
5329908663,EXECUTE,4385,CYCLES,BACKEND,SUB-EVENT,_Slice_4:OpId_86 (cycles)
5329908663,EXECUTE,3707,CYCLES,BACKEND,SUB-EVENT,_Mul_6:OpId_91 (cycles)
5329908663,EXECUTE,660,CYCLES,BACKEND,SUB-EVENT,_Mul_7:OpId_93 (cycles)
5329908663,EXECUTE,494,CYCLES,BACKEND,SUB-EVENT,_Sub_1:OpId_95 (cycles)
5329908663,EXECUTE,3400,CYCLES,BACKEND,SUB-EVENT,_Mul_8:OpId_97 (cycles)
5329908663,EXECUTE,711,CYCLES,BACKEND,SUB-EVENT,_Mul_9:OpId_99 (cycles)
5329908663,EXECUTE,786,CYCLES,BACKEND,SUB-EVENT,_Add_5:OpId_101 (cycles)
5329908663,EXECUTE,0,CYCLES,BACKEND,SUB-EVENT,_Unsqueeze_2:OpId_103 (cycles)
5329908663,EXECUTE,0,CYCLES,BACKEND,SUB-EVENT,_Unsqueeze_3:OpId_104 (cycles)
5329908663,EXECUTE,2437,CYCLES,BACKEND,SUB-EVENT,_Concat_2:OpId_105 (cycles)
5329908663,EXECUTE,0,CYCLES,BACKEND,SUB-EVENT,_Reshape_4:OpId_107 (cycles)
5329908663,EXECUTE,881,CYCLES,BACKEND,SUB-EVENT,current_key_nhwc:OpId_109 (cycles)
5329908663,EXECUTE,3100,CYCLES,BACKEND,SUB-EVENT,_Concat_4:OpId_110 (cycles)
5329908663,EXECUTE,347178,CYCLES,BACKEND,SUB-EVENT,_Concat_4_output_0_nchw:OpId_113 (cycles)
5329908663,EXECUTE,1199,CYCLES,BACKEND,SUB-EVENT,_Concat_5:OpId_114 (cycles)
5329908663,EXECUTE,0,CYCLES,BACKEND,SUB-EVENT,_Unsqueeze_4:OpId_116 (cycles)
5329908663,EXECUTE,31555,CYCLES,BACKEND,SUB-EVENT,_MatMul_3:OpId_117 (cycles)
5329908663,EXECUTE,5485,CYCLES,BACKEND,SUB-EVENT,_Div_1:OpId_122 (cycles)
5329908663,EXECUTE,0,CYCLES,BACKEND,SUB-EVENT,_Add_6:OpId_125 (cycles)
5329908663,EXECUTE,15796,CYCLES,BACKEND,SUB-EVENT,_Softmax:OpId_127 (cycles)
5329908663,EXECUTE,0,CYCLES,BACKEND,SUB-EVENT,_Unsqueeze_5:OpId_130 (cycles)
5329908663,EXECUTE,29589,CYCLES,BACKEND,SUB-EVENT,_MatMul_4:OpId_131 (cycles)
5329908663,EXECUTE,0,CYCLES,BACKEND,SUB-EVENT,_Reshape_6:OpId_135 (cycles)
5329908663,EXECUTE,0,CYCLES,BACKEND,SUB-EVENT,_Transpose_4:OpId_137 (cycles)
5329908663,EXECUTE,24635,CYCLES,BACKEND,SUB-EVENT,_MatMul_5:OpId_139 (cycles)
5329908663,EXECUTE,0,CYCLES,BACKEND,SUB-EVENT,_MatMul_5_post_reshape:OpId_142 (cycles)
5329908663,EXECUTE,0,CYCLES,BACKEND,SUB-EVENT,_MatMul_5_output_0_nfc:OpId_144 (cycles)
5329908663,EXECUTE,51235,CYCLES,BACKEND,SUB-EVENT,_Add_7:OpId_146 (cycles)
5329908663,EXECUTE,266,CYCLES,BACKEND,SUB-EVENT,_Add_7_output_0_ncf:OpId_149 (cycles)
5329908663,EXECUTE,2061,CYCLES,BACKEND,SUB-EVENT,rms_norm__Mul_11_output_0:OpId_154 (cycles)
5329908663,EXECUTE,0,CYCLES,BACKEND,SUB-EVENT,_MatMul_6:OpId_158 (cycles)
5329908663,EXECUTE,0,CYCLES,BACKEND,SUB-EVENT,_MatMul_6_post_reshape:OpId_161 (cycles)
5329908663,EXECUTE,153505,CYCLES,BACKEND,SUB-EVENT,_MatMul_7:OpId_163 (cycles)
5329908663,EXECUTE,0,CYCLES,BACKEND,SUB-EVENT,_MatMul_7_post_reshape:OpId_166 (cycles)
5329908663,EXECUTE,0,CYCLES,BACKEND,SUB-EVENT,_Sigmoid:OpId_167 (cycles)
5329908663,EXECUTE,120536,CYCLES,BACKEND,SUB-EVENT,_Mul_12:OpId_174 (cycles)
5329908663,EXECUTE,17601,CYCLES,BACKEND,SUB-EVENT,_Mul_13:OpId_176 (cycles)
5329908663,EXECUTE,156351,CYCLES,BACKEND,SUB-EVENT,_MatMul_8:OpId_179 (cycles)
5329908663,EXECUTE,0,CYCLES,BACKEND,SUB-EVENT,_MatMul_8_post_reshape:OpId_182 (cycles)
5329908663,EXECUTE,0,CYCLES,BACKEND,SUB-EVENT,_MatMul_8_output_0_nfc:OpId_184 (cycles)
5329908663,EXECUTE,14628,CYCLES,BACKEND,SUB-EVENT,_Add_9:OpId_186 (cycles)
5329908663,EXECUTE,2632,CYCLES,BACKEND,SUB-EVENT,Output OpId_3 (cycles)
5329908663,EXECUTE,2613,US,BACKEND,ROOT,Accelerator (execute) time
5329908663,EXECUTE,2523,US,BACKEND,ROOT,Accelerator (execute excluding wait) time
5329908663,EXECUTE,7494,US,BACKEND,ROOT,QNN (execute) time
5329918569,EXECUTE,8219,US,NETRUN,ROOT,Graph 0: qwen2_0_5b_layer0_decode_past128_grouped_gqa_delta_kv
5329918569,EXECUTE,4,COUNT,BACKEND,ROOT,Number of HVX threads used
5329918569,EXECUTE,7474,US,BACKEND,ROOT,RPC (execute) time
5329918569,EXECUTE,6622,US,BACKEND,ROOT,QNN accelerator (execute) time
5329918569,EXECUTE,0,COUNT,BACKEND,ROOT,Num times yield occured
5329918569,EXECUTE,487,US,BACKEND,ROOT,Time for initial VTCM acquire
5329918569,EXECUTE,164,US,BACKEND,ROOT,Time for HVX + HMX power on and acquire
5329918569,EXECUTE,1120158,CYCLES,BACKEND,ROOT,Accelerator (execute) time (cycles)
5329918569,EXECUTE,35667,CYCLES,BACKEND,SUB-EVENT,Input OpId_2 (cycles)
5329918569,EXECUTE,9028,CYCLES,BACKEND,SUB-EVENT,hidden_states_ncf:OpId_17 (cycles)
5329918569,EXECUTE,14178,CYCLES,BACKEND,SUB-EVENT,past_value_nchw:OpId_20 (cycles)
5329918569,EXECUTE,6230,CYCLES,BACKEND,SUB-EVENT,rms_norm__Mul_1_output_0:OpId_24 (cycles)
5329918569,EXECUTE,25427,CYCLES,BACKEND,SUB-EVENT,_MatMul:OpId_29 (cycles)
5329918569,EXECUTE,0,CYCLES,BACKEND,SUB-EVENT,_MatMul_post_reshape:OpId_31 (cycles)
5329918569,EXECUTE,4482,CYCLES,BACKEND,SUB-EVENT,_MatMul_1:OpId_34 (cycles)
5329918569,EXECUTE,10075,CYCLES,BACKEND,SUB-EVENT,_MatMul_1_post_reshape:OpId_36 (cycles)
5329918569,EXECUTE,2324,CYCLES,BACKEND,SUB-EVENT,_MatMul_2:OpId_39 (cycles)
5329918569,EXECUTE,8387,CYCLES,BACKEND,SUB-EVENT,_MatMul_2_post_reshape:OpId_41 (cycles)
5329918569,EXECUTE,498,CYCLES,BACKEND,SUB-EVENT,_Transpose:OpId_43 (cycles)
5329918569,EXECUTE,1789,CYCLES,BACKEND,SUB-EVENT,_Transpose_1:OpId_45 (cycles)
5329918569,EXECUTE,1511,CYCLES,BACKEND,SUB-EVENT,_Transpose_2:OpId_47 (cycles)
5329918569,EXECUTE,23614,CYCLES,BACKEND,SUB-EVENT,_Slice:OpId_49 (cycles)
5329918569,EXECUTE,6791,CYCLES,BACKEND,SUB-EVENT,_Slice_1:OpId_55 (cycles)
5329918569,EXECUTE,1808,CYCLES,BACKEND,SUB-EVENT,_Mul_2:OpId_61 (cycles)
5329918569,EXECUTE,1235,CYCLES,BACKEND,SUB-EVENT,_Mul_3:OpId_64 (cycles)
5329918569,EXECUTE,242,CYCLES,BACKEND,SUB-EVENT,_Sub:OpId_66 (cycles)
5329918569,EXECUTE,1824,CYCLES,BACKEND,SUB-EVENT,_Mul_4:OpId_68 (cycles)
5329918569,EXECUTE,1415,CYCLES,BACKEND,SUB-EVENT,_Mul_5:OpId_70 (cycles)
5329918569,EXECUTE,3233,CYCLES,BACKEND,SUB-EVENT,_Add_4:OpId_72 (cycles)
5329918569,EXECUTE,0,CYCLES,BACKEND,SUB-EVENT,_Unsqueeze:OpId_74 (cycles)
5329918569,EXECUTE,0,CYCLES,BACKEND,SUB-EVENT,_Unsqueeze_1:OpId_75 (cycles)
5329918569,EXECUTE,770,CYCLES,BACKEND,SUB-EVENT,_Concat:OpId_76 (cycles)
5329918569,EXECUTE,582,CYCLES,BACKEND,SUB-EVENT,_Reshape_3:OpId_78 (cycles)
5329918569,EXECUTE,26273,CYCLES,BACKEND,SUB-EVENT,_Slice_3:OpId_80 (cycles)
5329918569,EXECUTE,7369,CYCLES,BACKEND,SUB-EVENT,_Slice_4:OpId_86 (cycles)
5329918569,EXECUTE,10940,CYCLES,BACKEND,SUB-EVENT,_Mul_6:OpId_91 (cycles)
5329918569,EXECUTE,5220,CYCLES,BACKEND,SUB-EVENT,_Mul_7:OpId_93 (cycles)
5329918569,EXECUTE,1451,CYCLES,BACKEND,SUB-EVENT,_Sub_1:OpId_95 (cycles)
5329918569,EXECUTE,9473,CYCLES,BACKEND,SUB-EVENT,_Mul_8:OpId_97 (cycles)
5329918569,EXECUTE,4615,CYCLES,BACKEND,SUB-EVENT,_Mul_9:OpId_99 (cycles)
5329918569,EXECUTE,2190,CYCLES,BACKEND,SUB-EVENT,_Add_5:OpId_101 (cycles)
5329918569,EXECUTE,0,CYCLES,BACKEND,SUB-EVENT,_Unsqueeze_2:OpId_103 (cycles)
5329918569,EXECUTE,0,CYCLES,BACKEND,SUB-EVENT,_Unsqueeze_3:OpId_104 (cycles)
5329918569,EXECUTE,3365,CYCLES,BACKEND,SUB-EVENT,_Concat_2:OpId_105 (cycles)
5329918569,EXECUTE,0,CYCLES,BACKEND,SUB-EVENT,_Reshape_4:OpId_107 (cycles)
5329918569,EXECUTE,1877,CYCLES,BACKEND,SUB-EVENT,current_key_nhwc:OpId_109 (cycles)
5329918569,EXECUTE,3458,CYCLES,BACKEND,SUB-EVENT,_Concat_4:OpId_110 (cycles)
5329918569,EXECUTE,343421,CYCLES,BACKEND,SUB-EVENT,_Concat_4_output_0_nchw:OpId_113 (cycles)
5329918569,EXECUTE,1865,CYCLES,BACKEND,SUB-EVENT,_Concat_5:OpId_114 (cycles)
5329918569,EXECUTE,0,CYCLES,BACKEND,SUB-EVENT,_Unsqueeze_4:OpId_116 (cycles)
5329918569,EXECUTE,32117,CYCLES,BACKEND,SUB-EVENT,_MatMul_3:OpId_117 (cycles)
5329918569,EXECUTE,7656,CYCLES,BACKEND,SUB-EVENT,_Div_1:OpId_122 (cycles)
5329918569,EXECUTE,0,CYCLES,BACKEND,SUB-EVENT,_Add_6:OpId_125 (cycles)
5329918569,EXECUTE,15629,CYCLES,BACKEND,SUB-EVENT,_Softmax:OpId_127 (cycles)
5329918569,EXECUTE,0,CYCLES,BACKEND,SUB-EVENT,_Unsqueeze_5:OpId_130 (cycles)
5329918569,EXECUTE,40152,CYCLES,BACKEND,SUB-EVENT,_MatMul_4:OpId_131 (cycles)
5329918569,EXECUTE,0,CYCLES,BACKEND,SUB-EVENT,_Reshape_6:OpId_135 (cycles)
5329918569,EXECUTE,0,CYCLES,BACKEND,SUB-EVENT,_Transpose_4:OpId_137 (cycles)
5329918569,EXECUTE,14725,CYCLES,BACKEND,SUB-EVENT,_MatMul_5:OpId_139 (cycles)
5329918569,EXECUTE,0,CYCLES,BACKEND,SUB-EVENT,_MatMul_5_post_reshape:OpId_142 (cycles)
5329918569,EXECUTE,0,CYCLES,BACKEND,SUB-EVENT,_MatMul_5_output_0_nfc:OpId_144 (cycles)
5329918569,EXECUTE,52298,CYCLES,BACKEND,SUB-EVENT,_Add_7:OpId_146 (cycles)
5329918569,EXECUTE,295,CYCLES,BACKEND,SUB-EVENT,_Add_7_output_0_ncf:OpId_149 (cycles)
5329918569,EXECUTE,2739,CYCLES,BACKEND,SUB-EVENT,rms_norm__Mul_11_output_0:OpId_154 (cycles)
5329918569,EXECUTE,0,CYCLES,BACKEND,SUB-EVENT,_MatMul_6:OpId_158 (cycles)
5329918569,EXECUTE,0,CYCLES,BACKEND,SUB-EVENT,_MatMul_6_post_reshape:OpId_161 (cycles)
5329918569,EXECUTE,90197,CYCLES,BACKEND,SUB-EVENT,_MatMul_7:OpId_163 (cycles)
5329918569,EXECUTE,0,CYCLES,BACKEND,SUB-EVENT,_MatMul_7_post_reshape:OpId_166 (cycles)
5329918569,EXECUTE,0,CYCLES,BACKEND,SUB-EVENT,_Sigmoid:OpId_167 (cycles)
5329918569,EXECUTE,89377,CYCLES,BACKEND,SUB-EVENT,_Mul_12:OpId_174 (cycles)
5329918569,EXECUTE,18451,CYCLES,BACKEND,SUB-EVENT,_Mul_13:OpId_176 (cycles)
5329918569,EXECUTE,156747,CYCLES,BACKEND,SUB-EVENT,_MatMul_8:OpId_179 (cycles)
5329918569,EXECUTE,0,CYCLES,BACKEND,SUB-EVENT,_MatMul_8_post_reshape:OpId_182 (cycles)
5329918569,EXECUTE,0,CYCLES,BACKEND,SUB-EVENT,_MatMul_8_output_0_nfc:OpId_184 (cycles)
5329918569,EXECUTE,14703,CYCLES,BACKEND,SUB-EVENT,_Add_9:OpId_186 (cycles)
5329918569,EXECUTE,2445,CYCLES,BACKEND,SUB-EVENT,Output OpId_3 (cycles)
5329918569,EXECUTE,2411,US,BACKEND,ROOT,Accelerator (execute) time
5329918569,EXECUTE,2315,US,BACKEND,ROOT,Accelerator (execute excluding wait) time
5329918569,EXECUTE,8185,US,BACKEND,ROOT,QNN (execute) time
5329930175,EXECUTE,9351,US,NETRUN,ROOT,Graph 0: qwen2_0_5b_layer0_decode_past128_grouped_gqa_delta_kv
5329930175,EXECUTE,4,COUNT,BACKEND,ROOT,Number of HVX threads used
5329930175,EXECUTE,8363,US,BACKEND,ROOT,RPC (execute) time
5329930175,EXECUTE,6653,US,BACKEND,ROOT,QNN accelerator (execute) time
5329930175,EXECUTE,0,COUNT,BACKEND,ROOT,Num times yield occured
5329930175,EXECUTE,488,US,BACKEND,ROOT,Time for initial VTCM acquire
5329930175,EXECUTE,147,US,BACKEND,ROOT,Time for HVX + HMX power on and acquire
5329930175,EXECUTE,1145744,CYCLES,BACKEND,ROOT,Accelerator (execute) time (cycles)
5329930175,EXECUTE,36111,CYCLES,BACKEND,SUB-EVENT,Input OpId_2 (cycles)
5329930175,EXECUTE,9463,CYCLES,BACKEND,SUB-EVENT,hidden_states_ncf:OpId_17 (cycles)
5329930175,EXECUTE,14275,CYCLES,BACKEND,SUB-EVENT,past_value_nchw:OpId_20 (cycles)
5329930175,EXECUTE,7336,CYCLES,BACKEND,SUB-EVENT,rms_norm__Mul_1_output_0:OpId_24 (cycles)
5329930175,EXECUTE,22830,CYCLES,BACKEND,SUB-EVENT,_MatMul:OpId_29 (cycles)
5329930175,EXECUTE,0,CYCLES,BACKEND,SUB-EVENT,_MatMul_post_reshape:OpId_31 (cycles)
5329930175,EXECUTE,3998,CYCLES,BACKEND,SUB-EVENT,_MatMul_1:OpId_34 (cycles)
5329930175,EXECUTE,9570,CYCLES,BACKEND,SUB-EVENT,_MatMul_1_post_reshape:OpId_36 (cycles)
5329930175,EXECUTE,2351,CYCLES,BACKEND,SUB-EVENT,_MatMul_2:OpId_39 (cycles)
5329930175,EXECUTE,7820,CYCLES,BACKEND,SUB-EVENT,_MatMul_2_post_reshape:OpId_41 (cycles)
5329930175,EXECUTE,482,CYCLES,BACKEND,SUB-EVENT,_Transpose:OpId_43 (cycles)
5329930175,EXECUTE,1591,CYCLES,BACKEND,SUB-EVENT,_Transpose_1:OpId_45 (cycles)
5329930175,EXECUTE,1380,CYCLES,BACKEND,SUB-EVENT,_Transpose_2:OpId_47 (cycles)
5329930175,EXECUTE,24733,CYCLES,BACKEND,SUB-EVENT,_Slice:OpId_49 (cycles)
5329930175,EXECUTE,6474,CYCLES,BACKEND,SUB-EVENT,_Slice_1:OpId_55 (cycles)
5329930175,EXECUTE,1810,CYCLES,BACKEND,SUB-EVENT,_Mul_2:OpId_61 (cycles)
5329930175,EXECUTE,1245,CYCLES,BACKEND,SUB-EVENT,_Mul_3:OpId_64 (cycles)
5329930175,EXECUTE,247,CYCLES,BACKEND,SUB-EVENT,_Sub:OpId_66 (cycles)
5329930175,EXECUTE,1924,CYCLES,BACKEND,SUB-EVENT,_Mul_4:OpId_68 (cycles)
5329930175,EXECUTE,1542,CYCLES,BACKEND,SUB-EVENT,_Mul_5:OpId_70 (cycles)
5329930175,EXECUTE,3269,CYCLES,BACKEND,SUB-EVENT,_Add_4:OpId_72 (cycles)
5329930175,EXECUTE,0,CYCLES,BACKEND,SUB-EVENT,_Unsqueeze:OpId_74 (cycles)
5329930175,EXECUTE,0,CYCLES,BACKEND,SUB-EVENT,_Unsqueeze_1:OpId_75 (cycles)
5329930175,EXECUTE,844,CYCLES,BACKEND,SUB-EVENT,_Concat:OpId_76 (cycles)
5329930175,EXECUTE,583,CYCLES,BACKEND,SUB-EVENT,_Reshape_3:OpId_78 (cycles)
5329930175,EXECUTE,26223,CYCLES,BACKEND,SUB-EVENT,_Slice_3:OpId_80 (cycles)
5329930175,EXECUTE,6423,CYCLES,BACKEND,SUB-EVENT,_Slice_4:OpId_86 (cycles)
5329930175,EXECUTE,11246,CYCLES,BACKEND,SUB-EVENT,_Mul_6:OpId_91 (cycles)
5329930175,EXECUTE,5581,CYCLES,BACKEND,SUB-EVENT,_Mul_7:OpId_93 (cycles)
5329930175,EXECUTE,1692,CYCLES,BACKEND,SUB-EVENT,_Sub_1:OpId_95 (cycles)
5329930175,EXECUTE,10070,CYCLES,BACKEND,SUB-EVENT,_Mul_8:OpId_97 (cycles)
5329930175,EXECUTE,4993,CYCLES,BACKEND,SUB-EVENT,_Mul_9:OpId_99 (cycles)
5329930175,EXECUTE,2401,CYCLES,BACKEND,SUB-EVENT,_Add_5:OpId_101 (cycles)
5329930175,EXECUTE,0,CYCLES,BACKEND,SUB-EVENT,_Unsqueeze_2:OpId_103 (cycles)
5329930175,EXECUTE,0,CYCLES,BACKEND,SUB-EVENT,_Unsqueeze_3:OpId_104 (cycles)
5329930175,EXECUTE,3172,CYCLES,BACKEND,SUB-EVENT,_Concat_2:OpId_105 (cycles)
5329930175,EXECUTE,0,CYCLES,BACKEND,SUB-EVENT,_Reshape_4:OpId_107 (cycles)
5329930175,EXECUTE,1976,CYCLES,BACKEND,SUB-EVENT,current_key_nhwc:OpId_109 (cycles)
5329930175,EXECUTE,3461,CYCLES,BACKEND,SUB-EVENT,_Concat_4:OpId_110 (cycles)
5329930175,EXECUTE,366889,CYCLES,BACKEND,SUB-EVENT,_Concat_4_output_0_nchw:OpId_113 (cycles)
5329930175,EXECUTE,3519,CYCLES,BACKEND,SUB-EVENT,_Concat_5:OpId_114 (cycles)
5329930175,EXECUTE,0,CYCLES,BACKEND,SUB-EVENT,_Unsqueeze_4:OpId_116 (cycles)
5329930175,EXECUTE,31989,CYCLES,BACKEND,SUB-EVENT,_MatMul_3:OpId_117 (cycles)
5329930175,EXECUTE,7662,CYCLES,BACKEND,SUB-EVENT,_Div_1:OpId_122 (cycles)
5329930175,EXECUTE,0,CYCLES,BACKEND,SUB-EVENT,_Add_6:OpId_125 (cycles)
5329930175,EXECUTE,16423,CYCLES,BACKEND,SUB-EVENT,_Softmax:OpId_127 (cycles)
5329930175,EXECUTE,0,CYCLES,BACKEND,SUB-EVENT,_Unsqueeze_5:OpId_130 (cycles)
5329930175,EXECUTE,40686,CYCLES,BACKEND,SUB-EVENT,_MatMul_4:OpId_131 (cycles)
5329930175,EXECUTE,0,CYCLES,BACKEND,SUB-EVENT,_Reshape_6:OpId_135 (cycles)
5329930175,EXECUTE,0,CYCLES,BACKEND,SUB-EVENT,_Transpose_4:OpId_137 (cycles)
5329930175,EXECUTE,14889,CYCLES,BACKEND,SUB-EVENT,_MatMul_5:OpId_139 (cycles)
5329930175,EXECUTE,0,CYCLES,BACKEND,SUB-EVENT,_MatMul_5_post_reshape:OpId_142 (cycles)
5329930175,EXECUTE,0,CYCLES,BACKEND,SUB-EVENT,_MatMul_5_output_0_nfc:OpId_144 (cycles)
5329930175,EXECUTE,51700,CYCLES,BACKEND,SUB-EVENT,_Add_7:OpId_146 (cycles)
5329930175,EXECUTE,290,CYCLES,BACKEND,SUB-EVENT,_Add_7_output_0_ncf:OpId_149 (cycles)
5329930175,EXECUTE,2699,CYCLES,BACKEND,SUB-EVENT,rms_norm__Mul_11_output_0:OpId_154 (cycles)
5329930175,EXECUTE,0,CYCLES,BACKEND,SUB-EVENT,_MatMul_6:OpId_158 (cycles)
5329930175,EXECUTE,0,CYCLES,BACKEND,SUB-EVENT,_MatMul_6_post_reshape:OpId_161 (cycles)
5329930175,EXECUTE,90561,CYCLES,BACKEND,SUB-EVENT,_MatMul_7:OpId_163 (cycles)
5329930175,EXECUTE,0,CYCLES,BACKEND,SUB-EVENT,_MatMul_7_post_reshape:OpId_166 (cycles)
5329930175,EXECUTE,0,CYCLES,BACKEND,SUB-EVENT,_Sigmoid:OpId_167 (cycles)
5329930175,EXECUTE,89237,CYCLES,BACKEND,SUB-EVENT,_Mul_12:OpId_174 (cycles)
5329930175,EXECUTE,18247,CYCLES,BACKEND,SUB-EVENT,_Mul_13:OpId_176 (cycles)
5329930175,EXECUTE,156661,CYCLES,BACKEND,SUB-EVENT,_MatMul_8:OpId_179 (cycles)
5329930175,EXECUTE,0,CYCLES,BACKEND,SUB-EVENT,_MatMul_8_post_reshape:OpId_182 (cycles)
5329930175,EXECUTE,0,CYCLES,BACKEND,SUB-EVENT,_MatMul_8_output_0_nfc:OpId_184 (cycles)
5329930175,EXECUTE,14650,CYCLES,BACKEND,SUB-EVENT,_Add_9:OpId_186 (cycles)
5329930175,EXECUTE,2526,CYCLES,BACKEND,SUB-EVENT,Output OpId_3 (cycles)
5329930175,EXECUTE,2466,US,BACKEND,ROOT,Accelerator (execute) time
5329930175,EXECUTE,2373,US,BACKEND,ROOT,Accelerator (execute excluding wait) time
5329930175,EXECUTE,9308,US,BACKEND,ROOT,QNN (execute) time
5329942448,EXECUTE,8463,US,NETRUN,ROOT,Graph 0: qwen2_0_5b_layer0_decode_past128_grouped_gqa_delta_kv
5329942448,EXECUTE,4,COUNT,BACKEND,ROOT,Number of HVX threads used
5329942448,EXECUTE,7472,US,BACKEND,ROOT,RPC (execute) time
5329942448,EXECUTE,6608,US,BACKEND,ROOT,QNN accelerator (execute) time
5329942448,EXECUTE,0,COUNT,BACKEND,ROOT,Num times yield occured
5329942448,EXECUTE,515,US,BACKEND,ROOT,Time for initial VTCM acquire
5329942448,EXECUTE,186,US,BACKEND,ROOT,Time for HVX + HMX power on and acquire
5329942448,EXECUTE,1127538,CYCLES,BACKEND,ROOT,Accelerator (execute) time (cycles)
5329942448,EXECUTE,32261,CYCLES,BACKEND,SUB-EVENT,Input OpId_2 (cycles)
5329942448,EXECUTE,10305,CYCLES,BACKEND,SUB-EVENT,hidden_states_ncf:OpId_17 (cycles)
5329942448,EXECUTE,15264,CYCLES,BACKEND,SUB-EVENT,past_value_nchw:OpId_20 (cycles)
5329942448,EXECUTE,6839,CYCLES,BACKEND,SUB-EVENT,rms_norm__Mul_1_output_0:OpId_24 (cycles)
5329942448,EXECUTE,23617,CYCLES,BACKEND,SUB-EVENT,_MatMul:OpId_29 (cycles)
5329942448,EXECUTE,0,CYCLES,BACKEND,SUB-EVENT,_MatMul_post_reshape:OpId_31 (cycles)
5329942448,EXECUTE,4119,CYCLES,BACKEND,SUB-EVENT,_MatMul_1:OpId_34 (cycles)
5329942448,EXECUTE,9337,CYCLES,BACKEND,SUB-EVENT,_MatMul_1_post_reshape:OpId_36 (cycles)
5329942448,EXECUTE,2295,CYCLES,BACKEND,SUB-EVENT,_MatMul_2:OpId_39 (cycles)
5329942448,EXECUTE,7607,CYCLES,BACKEND,SUB-EVENT,_MatMul_2_post_reshape:OpId_41 (cycles)
5329942448,EXECUTE,607,CYCLES,BACKEND,SUB-EVENT,_Transpose:OpId_43 (cycles)
5329942448,EXECUTE,1550,CYCLES,BACKEND,SUB-EVENT,_Transpose_1:OpId_45 (cycles)
5329942448,EXECUTE,1355,CYCLES,BACKEND,SUB-EVENT,_Transpose_2:OpId_47 (cycles)
5329942448,EXECUTE,24201,CYCLES,BACKEND,SUB-EVENT,_Slice:OpId_49 (cycles)
5329942448,EXECUTE,6830,CYCLES,BACKEND,SUB-EVENT,_Slice_1:OpId_55 (cycles)
5329942448,EXECUTE,1779,CYCLES,BACKEND,SUB-EVENT,_Mul_2:OpId_61 (cycles)
5329942448,EXECUTE,1262,CYCLES,BACKEND,SUB-EVENT,_Mul_3:OpId_64 (cycles)
5329942448,EXECUTE,230,CYCLES,BACKEND,SUB-EVENT,_Sub:OpId_66 (cycles)
5329942448,EXECUTE,1829,CYCLES,BACKEND,SUB-EVENT,_Mul_4:OpId_68 (cycles)
5329942448,EXECUTE,1616,CYCLES,BACKEND,SUB-EVENT,_Mul_5:OpId_70 (cycles)
5329942448,EXECUTE,3541,CYCLES,BACKEND,SUB-EVENT,_Add_4:OpId_72 (cycles)
5329942448,EXECUTE,0,CYCLES,BACKEND,SUB-EVENT,_Unsqueeze:OpId_74 (cycles)
5329942448,EXECUTE,0,CYCLES,BACKEND,SUB-EVENT,_Unsqueeze_1:OpId_75 (cycles)
5329942448,EXECUTE,828,CYCLES,BACKEND,SUB-EVENT,_Concat:OpId_76 (cycles)
5329942448,EXECUTE,551,CYCLES,BACKEND,SUB-EVENT,_Reshape_3:OpId_78 (cycles)
5329942448,EXECUTE,26910,CYCLES,BACKEND,SUB-EVENT,_Slice_3:OpId_80 (cycles)
5329942448,EXECUTE,6988,CYCLES,BACKEND,SUB-EVENT,_Slice_4:OpId_86 (cycles)
5329942448,EXECUTE,11604,CYCLES,BACKEND,SUB-EVENT,_Mul_6:OpId_91 (cycles)
5329942448,EXECUTE,6983,CYCLES,BACKEND,SUB-EVENT,_Mul_7:OpId_93 (cycles)
5329942448,EXECUTE,1735,CYCLES,BACKEND,SUB-EVENT,_Sub_1:OpId_95 (cycles)
5329942448,EXECUTE,11276,CYCLES,BACKEND,SUB-EVENT,_Mul_8:OpId_97 (cycles)
5329942448,EXECUTE,6171,CYCLES,BACKEND,SUB-EVENT,_Mul_9:OpId_99 (cycles)
5329942448,EXECUTE,2336,CYCLES,BACKEND,SUB-EVENT,_Add_5:OpId_101 (cycles)
5329942448,EXECUTE,0,CYCLES,BACKEND,SUB-EVENT,_Unsqueeze_2:OpId_103 (cycles)
5329942448,EXECUTE,0,CYCLES,BACKEND,SUB-EVENT,_Unsqueeze_3:OpId_104 (cycles)
5329942448,EXECUTE,3084,CYCLES,BACKEND,SUB-EVENT,_Concat_2:OpId_105 (cycles)
5329942448,EXECUTE,0,CYCLES,BACKEND,SUB-EVENT,_Reshape_4:OpId_107 (cycles)
5329942448,EXECUTE,1957,CYCLES,BACKEND,SUB-EVENT,current_key_nhwc:OpId_109 (cycles)
5329942448,EXECUTE,3693,CYCLES,BACKEND,SUB-EVENT,_Concat_4:OpId_110 (cycles)
5329942448,EXECUTE,343839,CYCLES,BACKEND,SUB-EVENT,_Concat_4_output_0_nchw:OpId_113 (cycles)
5329942448,EXECUTE,3159,CYCLES,BACKEND,SUB-EVENT,_Concat_5:OpId_114 (cycles)
5329942448,EXECUTE,0,CYCLES,BACKEND,SUB-EVENT,_Unsqueeze_4:OpId_116 (cycles)
5329942448,EXECUTE,32136,CYCLES,BACKEND,SUB-EVENT,_MatMul_3:OpId_117 (cycles)
5329942448,EXECUTE,7767,CYCLES,BACKEND,SUB-EVENT,_Div_1:OpId_122 (cycles)
5329942448,EXECUTE,0,CYCLES,BACKEND,SUB-EVENT,_Add_6:OpId_125 (cycles)
5329942448,EXECUTE,16193,CYCLES,BACKEND,SUB-EVENT,_Softmax:OpId_127 (cycles)
5329942448,EXECUTE,0,CYCLES,BACKEND,SUB-EVENT,_Unsqueeze_5:OpId_130 (cycles)
5329942448,EXECUTE,39417,CYCLES,BACKEND,SUB-EVENT,_MatMul_4:OpId_131 (cycles)
5329942448,EXECUTE,0,CYCLES,BACKEND,SUB-EVENT,_Reshape_6:OpId_135 (cycles)
5329942448,EXECUTE,0,CYCLES,BACKEND,SUB-EVENT,_Transpose_4:OpId_137 (cycles)
5329942448,EXECUTE,14852,CYCLES,BACKEND,SUB-EVENT,_MatMul_5:OpId_139 (cycles)
5329942448,EXECUTE,0,CYCLES,BACKEND,SUB-EVENT,_MatMul_5_post_reshape:OpId_142 (cycles)
5329942448,EXECUTE,0,CYCLES,BACKEND,SUB-EVENT,_MatMul_5_output_0_nfc:OpId_144 (cycles)
5329942448,EXECUTE,55273,CYCLES,BACKEND,SUB-EVENT,_Add_7:OpId_146 (cycles)
5329942448,EXECUTE,295,CYCLES,BACKEND,SUB-EVENT,_Add_7_output_0_ncf:OpId_149 (cycles)
5329942448,EXECUTE,2698,CYCLES,BACKEND,SUB-EVENT,rms_norm__Mul_11_output_0:OpId_154 (cycles)
5329942448,EXECUTE,0,CYCLES,BACKEND,SUB-EVENT,_MatMul_6:OpId_158 (cycles)
5329942448,EXECUTE,0,CYCLES,BACKEND,SUB-EVENT,_MatMul_6_post_reshape:OpId_161 (cycles)
5329942448,EXECUTE,90658,CYCLES,BACKEND,SUB-EVENT,_MatMul_7:OpId_163 (cycles)
5329942448,EXECUTE,0,CYCLES,BACKEND,SUB-EVENT,_MatMul_7_post_reshape:OpId_166 (cycles)
5329942448,EXECUTE,0,CYCLES,BACKEND,SUB-EVENT,_Sigmoid:OpId_167 (cycles)
5329942448,EXECUTE,89308,CYCLES,BACKEND,SUB-EVENT,_Mul_12:OpId_174 (cycles)
5329942448,EXECUTE,18124,CYCLES,BACKEND,SUB-EVENT,_Mul_13:OpId_176 (cycles)
5329942448,EXECUTE,156359,CYCLES,BACKEND,SUB-EVENT,_MatMul_8:OpId_179 (cycles)
5329942448,EXECUTE,0,CYCLES,BACKEND,SUB-EVENT,_MatMul_8_post_reshape:OpId_182 (cycles)
5329942448,EXECUTE,0,CYCLES,BACKEND,SUB-EVENT,_MatMul_8_output_0_nfc:OpId_184 (cycles)
5329942448,EXECUTE,14687,CYCLES,BACKEND,SUB-EVENT,_Add_9:OpId_186 (cycles)
5329942448,EXECUTE,2213,CYCLES,BACKEND,SUB-EVENT,Output OpId_3 (cycles)
5329942448,EXECUTE,2416,US,BACKEND,ROOT,Accelerator (execute) time
5329942448,EXECUTE,2315,US,BACKEND,ROOT,Accelerator (execute excluding wait) time
5329942448,EXECUTE,8430,US,BACKEND,ROOT,QNN (execute) time
5329954953,EXECUTE,11653,US,NETRUN,ROOT,Graph 0: qwen2_0_5b_layer0_decode_past128_grouped_gqa_delta_kv
5329954953,EXECUTE,4,COUNT,BACKEND,ROOT,Number of HVX threads used
5329954953,EXECUTE,10718,US,BACKEND,ROOT,RPC (execute) time
5329954953,EXECUTE,9681,US,BACKEND,ROOT,QNN accelerator (execute) time
5329954953,EXECUTE,0,COUNT,BACKEND,ROOT,Num times yield occured
5329954953,EXECUTE,556,US,BACKEND,ROOT,Time for initial VTCM acquire
5329954953,EXECUTE,309,US,BACKEND,ROOT,Time for HVX + HMX power on and acquire
5329954953,EXECUTE,2421090,CYCLES,BACKEND,ROOT,Accelerator (execute) time (cycles)
5329954953,EXECUTE,81951,CYCLES,BACKEND,SUB-EVENT,Input OpId_2 (cycles)
5329954953,EXECUTE,28322,CYCLES,BACKEND,SUB-EVENT,hidden_states_ncf:OpId_17 (cycles)
5329954953,EXECUTE,48798,CYCLES,BACKEND,SUB-EVENT,past_value_nchw:OpId_20 (cycles)
5329954953,EXECUTE,20532,CYCLES,BACKEND,SUB-EVENT,rms_norm__Mul_1_output_0:OpId_24 (cycles)
5329954953,EXECUTE,114049,CYCLES,BACKEND,SUB-EVENT,_MatMul:OpId_29 (cycles)
5329954953,EXECUTE,0,CYCLES,BACKEND,SUB-EVENT,_MatMul_post_reshape:OpId_31 (cycles)
5329954953,EXECUTE,7817,CYCLES,BACKEND,SUB-EVENT,_MatMul_1:OpId_34 (cycles)
5329954953,EXECUTE,38340,CYCLES,BACKEND,SUB-EVENT,_MatMul_1_post_reshape:OpId_36 (cycles)
5329954953,EXECUTE,6031,CYCLES,BACKEND,SUB-EVENT,_MatMul_2:OpId_39 (cycles)
5329954953,EXECUTE,36541,CYCLES,BACKEND,SUB-EVENT,_MatMul_2_post_reshape:OpId_41 (cycles)
5329954953,EXECUTE,613,CYCLES,BACKEND,SUB-EVENT,_Transpose:OpId_43 (cycles)
5329954953,EXECUTE,6490,CYCLES,BACKEND,SUB-EVENT,_Transpose_1:OpId_45 (cycles)
5329954953,EXECUTE,6328,CYCLES,BACKEND,SUB-EVENT,_Transpose_2:OpId_47 (cycles)
5329954953,EXECUTE,49633,CYCLES,BACKEND,SUB-EVENT,_Slice:OpId_49 (cycles)
5329954953,EXECUTE,11528,CYCLES,BACKEND,SUB-EVENT,_Slice_1:OpId_55 (cycles)
5329954953,EXECUTE,2744,CYCLES,BACKEND,SUB-EVENT,_Mul_2:OpId_61 (cycles)
5329954953,EXECUTE,1197,CYCLES,BACKEND,SUB-EVENT,_Mul_3:OpId_64 (cycles)
5329954953,EXECUTE,274,CYCLES,BACKEND,SUB-EVENT,_Sub:OpId_66 (cycles)
5329954953,EXECUTE,2718,CYCLES,BACKEND,SUB-EVENT,_Mul_4:OpId_68 (cycles)
5329954953,EXECUTE,1762,CYCLES,BACKEND,SUB-EVENT,_Mul_5:OpId_70 (cycles)
5329954953,EXECUTE,4763,CYCLES,BACKEND,SUB-EVENT,_Add_4:OpId_72 (cycles)
5329954953,EXECUTE,0,CYCLES,BACKEND,SUB-EVENT,_Unsqueeze:OpId_74 (cycles)
5329954953,EXECUTE,0,CYCLES,BACKEND,SUB-EVENT,_Unsqueeze_1:OpId_75 (cycles)
5329954953,EXECUTE,872,CYCLES,BACKEND,SUB-EVENT,_Concat:OpId_76 (cycles)
5329954953,EXECUTE,593,CYCLES,BACKEND,SUB-EVENT,_Reshape_3:OpId_78 (cycles)
5329954953,EXECUTE,86206,CYCLES,BACKEND,SUB-EVENT,_Slice_3:OpId_80 (cycles)
5329954953,EXECUTE,12474,CYCLES,BACKEND,SUB-EVENT,_Slice_4:OpId_86 (cycles)
5329954953,EXECUTE,30430,CYCLES,BACKEND,SUB-EVENT,_Mul_6:OpId_91 (cycles)
5329954953,EXECUTE,27551,CYCLES,BACKEND,SUB-EVENT,_Mul_7:OpId_93 (cycles)
5329954953,EXECUTE,3819,CYCLES,BACKEND,SUB-EVENT,_Sub_1:OpId_95 (cycles)
5329954953,EXECUTE,29722,CYCLES,BACKEND,SUB-EVENT,_Mul_8:OpId_97 (cycles)
5329954953,EXECUTE,26417,CYCLES,BACKEND,SUB-EVENT,_Mul_9:OpId_99 (cycles)
5329954953,EXECUTE,5242,CYCLES,BACKEND,SUB-EVENT,_Add_5:OpId_101 (cycles)
5329954953,EXECUTE,0,CYCLES,BACKEND,SUB-EVENT,_Unsqueeze_2:OpId_103 (cycles)
5329954953,EXECUTE,0,CYCLES,BACKEND,SUB-EVENT,_Unsqueeze_3:OpId_104 (cycles)
5329954953,EXECUTE,6976,CYCLES,BACKEND,SUB-EVENT,_Concat_2:OpId_105 (cycles)
5329954953,EXECUTE,0,CYCLES,BACKEND,SUB-EVENT,_Reshape_4:OpId_107 (cycles)
5329954953,EXECUTE,4286,CYCLES,BACKEND,SUB-EVENT,current_key_nhwc:OpId_109 (cycles)
5329954953,EXECUTE,4291,CYCLES,BACKEND,SUB-EVENT,_Concat_4:OpId_110 (cycles)
5329954953,EXECUTE,376172,CYCLES,BACKEND,SUB-EVENT,_Concat_4_output_0_nchw:OpId_113 (cycles)
5329954953,EXECUTE,4621,CYCLES,BACKEND,SUB-EVENT,_Concat_5:OpId_114 (cycles)
5329954953,EXECUTE,0,CYCLES,BACKEND,SUB-EVENT,_Unsqueeze_4:OpId_116 (cycles)
5329954953,EXECUTE,34312,CYCLES,BACKEND,SUB-EVENT,_MatMul_3:OpId_117 (cycles)
5329954953,EXECUTE,19019,CYCLES,BACKEND,SUB-EVENT,_Div_1:OpId_122 (cycles)
5329954953,EXECUTE,0,CYCLES,BACKEND,SUB-EVENT,_Add_6:OpId_125 (cycles)
5329954953,EXECUTE,22169,CYCLES,BACKEND,SUB-EVENT,_Softmax:OpId_127 (cycles)
5329954953,EXECUTE,0,CYCLES,BACKEND,SUB-EVENT,_Unsqueeze_5:OpId_130 (cycles)
5329954953,EXECUTE,70212,CYCLES,BACKEND,SUB-EVENT,_MatMul_4:OpId_131 (cycles)
5329954953,EXECUTE,0,CYCLES,BACKEND,SUB-EVENT,_Reshape_6:OpId_135 (cycles)
5329954953,EXECUTE,0,CYCLES,BACKEND,SUB-EVENT,_Transpose_4:OpId_137 (cycles)
5329954953,EXECUTE,25030,CYCLES,BACKEND,SUB-EVENT,_MatMul_5:OpId_139 (cycles)
5329954953,EXECUTE,0,CYCLES,BACKEND,SUB-EVENT,_MatMul_5_post_reshape:OpId_142 (cycles)
5329954953,EXECUTE,0,CYCLES,BACKEND,SUB-EVENT,_MatMul_5_output_0_nfc:OpId_144 (cycles)
5329954953,EXECUTE,144980,CYCLES,BACKEND,SUB-EVENT,_Add_7:OpId_146 (cycles)
5329954953,EXECUTE,289,CYCLES,BACKEND,SUB-EVENT,_Add_7_output_0_ncf:OpId_149 (cycles)
5329954953,EXECUTE,6358,CYCLES,BACKEND,SUB-EVENT,rms_norm__Mul_11_output_0:OpId_154 (cycles)
5329954953,EXECUTE,0,CYCLES,BACKEND,SUB-EVENT,_MatMul_6:OpId_158 (cycles)
5329954953,EXECUTE,0,CYCLES,BACKEND,SUB-EVENT,_MatMul_6_post_reshape:OpId_161 (cycles)
5329954953,EXECUTE,302527,CYCLES,BACKEND,SUB-EVENT,_MatMul_7:OpId_163 (cycles)
5329954953,EXECUTE,0,CYCLES,BACKEND,SUB-EVENT,_MatMul_7_post_reshape:OpId_166 (cycles)
5329954953,EXECUTE,0,CYCLES,BACKEND,SUB-EVENT,_Sigmoid:OpId_167 (cycles)
5329954953,EXECUTE,250341,CYCLES,BACKEND,SUB-EVENT,_Mul_12:OpId_174 (cycles)
5329954953,EXECUTE,28938,CYCLES,BACKEND,SUB-EVENT,_Mul_13:OpId_176 (cycles)
5329954953,EXECUTE,402748,CYCLES,BACKEND,SUB-EVENT,_MatMul_8:OpId_179 (cycles)
5329954953,EXECUTE,0,CYCLES,BACKEND,SUB-EVENT,_MatMul_8_post_reshape:OpId_182 (cycles)
5329954953,EXECUTE,0,CYCLES,BACKEND,SUB-EVENT,_MatMul_8_output_0_nfc:OpId_184 (cycles)
5329954953,EXECUTE,14904,CYCLES,BACKEND,SUB-EVENT,_Add_9:OpId_186 (cycles)
5329954953,EXECUTE,9160,CYCLES,BACKEND,SUB-EVENT,Output OpId_3 (cycles)
5329954953,EXECUTE,4725,US,BACKEND,ROOT,Accelerator (execute) time
5329954953,EXECUTE,4596,US,BACKEND,ROOT,Accelerator (execute excluding wait) time
5329954953,EXECUTE,11619,US,BACKEND,ROOT,QNN (execute) time
5329969544,EXECUTE,11947,US,NETRUN,ROOT,Graph 0: qwen2_0_5b_layer0_decode_past128_grouped_gqa_delta_kv
5329969544,EXECUTE,4,COUNT,BACKEND,ROOT,Number of HVX threads used
5329969544,EXECUTE,10639,US,BACKEND,ROOT,RPC (execute) time
5329969544,EXECUTE,9639,US,BACKEND,ROOT,QNN accelerator (execute) time
5329969544,EXECUTE,0,COUNT,BACKEND,ROOT,Num times yield occured
5329969544,EXECUTE,904,US,BACKEND,ROOT,Time for initial VTCM acquire
5329969544,EXECUTE,307,US,BACKEND,ROOT,Time for HVX + HMX power on and acquire
5329969544,EXECUTE,2367282,CYCLES,BACKEND,ROOT,Accelerator (execute) time (cycles)
5329969544,EXECUTE,96720,CYCLES,BACKEND,SUB-EVENT,Input OpId_2 (cycles)
5329969544,EXECUTE,32146,CYCLES,BACKEND,SUB-EVENT,hidden_states_ncf:OpId_17 (cycles)
5329969544,EXECUTE,58133,CYCLES,BACKEND,SUB-EVENT,past_value_nchw:OpId_20 (cycles)
5329969544,EXECUTE,10259,CYCLES,BACKEND,SUB-EVENT,rms_norm__Mul_1_output_0:OpId_24 (cycles)
5329969544,EXECUTE,80026,CYCLES,BACKEND,SUB-EVENT,_MatMul:OpId_29 (cycles)
5329969544,EXECUTE,0,CYCLES,BACKEND,SUB-EVENT,_MatMul_post_reshape:OpId_31 (cycles)
5329969544,EXECUTE,10267,CYCLES,BACKEND,SUB-EVENT,_MatMul_1:OpId_34 (cycles)
5329969544,EXECUTE,37022,CYCLES,BACKEND,SUB-EVENT,_MatMul_1_post_reshape:OpId_36 (cycles)
5329969544,EXECUTE,4496,CYCLES,BACKEND,SUB-EVENT,_MatMul_2:OpId_39 (cycles)
5329969544,EXECUTE,35243,CYCLES,BACKEND,SUB-EVENT,_MatMul_2_post_reshape:OpId_41 (cycles)
5329969544,EXECUTE,488,CYCLES,BACKEND,SUB-EVENT,_Transpose:OpId_43 (cycles)
5329969544,EXECUTE,7737,CYCLES,BACKEND,SUB-EVENT,_Transpose_1:OpId_45 (cycles)
5329969544,EXECUTE,7524,CYCLES,BACKEND,SUB-EVENT,_Transpose_2:OpId_47 (cycles)
5329969544,EXECUTE,48841,CYCLES,BACKEND,SUB-EVENT,_Slice:OpId_49 (cycles)
5329969544,EXECUTE,6013,CYCLES,BACKEND,SUB-EVENT,_Slice_1:OpId_55 (cycles)
5329969544,EXECUTE,2657,CYCLES,BACKEND,SUB-EVENT,_Mul_2:OpId_61 (cycles)
5329969544,EXECUTE,1259,CYCLES,BACKEND,SUB-EVENT,_Mul_3:OpId_64 (cycles)
5329969544,EXECUTE,259,CYCLES,BACKEND,SUB-EVENT,_Sub:OpId_66 (cycles)
5329969544,EXECUTE,2794,CYCLES,BACKEND,SUB-EVENT,_Mul_4:OpId_68 (cycles)
5329969544,EXECUTE,1328,CYCLES,BACKEND,SUB-EVENT,_Mul_5:OpId_70 (cycles)
5329969544,EXECUTE,10293,CYCLES,BACKEND,SUB-EVENT,_Add_4:OpId_72 (cycles)
5329969544,EXECUTE,0,CYCLES,BACKEND,SUB-EVENT,_Unsqueeze:OpId_74 (cycles)
5329969544,EXECUTE,0,CYCLES,BACKEND,SUB-EVENT,_Unsqueeze_1:OpId_75 (cycles)
5329969544,EXECUTE,832,CYCLES,BACKEND,SUB-EVENT,_Concat:OpId_76 (cycles)
5329969544,EXECUTE,589,CYCLES,BACKEND,SUB-EVENT,_Reshape_3:OpId_78 (cycles)
5329969544,EXECUTE,82104,CYCLES,BACKEND,SUB-EVENT,_Slice_3:OpId_80 (cycles)
5329969544,EXECUTE,10940,CYCLES,BACKEND,SUB-EVENT,_Slice_4:OpId_86 (cycles)
5329969544,EXECUTE,36920,CYCLES,BACKEND,SUB-EVENT,_Mul_6:OpId_91 (cycles)
5329969544,EXECUTE,28164,CYCLES,BACKEND,SUB-EVENT,_Mul_7:OpId_93 (cycles)
5329969544,EXECUTE,5213,CYCLES,BACKEND,SUB-EVENT,_Sub_1:OpId_95 (cycles)
5329969544,EXECUTE,31020,CYCLES,BACKEND,SUB-EVENT,_Mul_8:OpId_97 (cycles)
5329969544,EXECUTE,28031,CYCLES,BACKEND,SUB-EVENT,_Mul_9:OpId_99 (cycles)
5329969544,EXECUTE,4559,CYCLES,BACKEND,SUB-EVENT,_Add_5:OpId_101 (cycles)
5329969544,EXECUTE,0,CYCLES,BACKEND,SUB-EVENT,_Unsqueeze_2:OpId_103 (cycles)
5329969544,EXECUTE,0,CYCLES,BACKEND,SUB-EVENT,_Unsqueeze_3:OpId_104 (cycles)
5329969544,EXECUTE,5741,CYCLES,BACKEND,SUB-EVENT,_Concat_2:OpId_105 (cycles)
5329969544,EXECUTE,0,CYCLES,BACKEND,SUB-EVENT,_Reshape_4:OpId_107 (cycles)
5329969544,EXECUTE,3796,CYCLES,BACKEND,SUB-EVENT,current_key_nhwc:OpId_109 (cycles)
5329969544,EXECUTE,4302,CYCLES,BACKEND,SUB-EVENT,_Concat_4:OpId_110 (cycles)
5329969544,EXECUTE,351588,CYCLES,BACKEND,SUB-EVENT,_Concat_4_output_0_nchw:OpId_113 (cycles)
5329969544,EXECUTE,2575,CYCLES,BACKEND,SUB-EVENT,_Concat_5:OpId_114 (cycles)
5329969544,EXECUTE,0,CYCLES,BACKEND,SUB-EVENT,_Unsqueeze_4:OpId_116 (cycles)
5329969544,EXECUTE,35859,CYCLES,BACKEND,SUB-EVENT,_MatMul_3:OpId_117 (cycles)
5329969544,EXECUTE,18775,CYCLES,BACKEND,SUB-EVENT,_Div_1:OpId_122 (cycles)
5329969544,EXECUTE,0,CYCLES,BACKEND,SUB-EVENT,_Add_6:OpId_125 (cycles)
5329969544,EXECUTE,20705,CYCLES,BACKEND,SUB-EVENT,_Softmax:OpId_127 (cycles)
5329969544,EXECUTE,0,CYCLES,BACKEND,SUB-EVENT,_Unsqueeze_5:OpId_130 (cycles)
5329969544,EXECUTE,65956,CYCLES,BACKEND,SUB-EVENT,_MatMul_4:OpId_131 (cycles)
5329969544,EXECUTE,0,CYCLES,BACKEND,SUB-EVENT,_Reshape_6:OpId_135 (cycles)
5329969544,EXECUTE,0,CYCLES,BACKEND,SUB-EVENT,_Transpose_4:OpId_137 (cycles)
5329969544,EXECUTE,26175,CYCLES,BACKEND,SUB-EVENT,_MatMul_5:OpId_139 (cycles)
5329969544,EXECUTE,0,CYCLES,BACKEND,SUB-EVENT,_MatMul_5_post_reshape:OpId_142 (cycles)
5329969544,EXECUTE,0,CYCLES,BACKEND,SUB-EVENT,_MatMul_5_output_0_nfc:OpId_144 (cycles)
5329969544,EXECUTE,142223,CYCLES,BACKEND,SUB-EVENT,_Add_7:OpId_146 (cycles)
5329969544,EXECUTE,239,CYCLES,BACKEND,SUB-EVENT,_Add_7_output_0_ncf:OpId_149 (cycles)
5329969544,EXECUTE,4893,CYCLES,BACKEND,SUB-EVENT,rms_norm__Mul_11_output_0:OpId_154 (cycles)
5329969544,EXECUTE,0,CYCLES,BACKEND,SUB-EVENT,_MatMul_6:OpId_158 (cycles)
5329969544,EXECUTE,0,CYCLES,BACKEND,SUB-EVENT,_MatMul_6_post_reshape:OpId_161 (cycles)
5329969544,EXECUTE,294053,CYCLES,BACKEND,SUB-EVENT,_MatMul_7:OpId_163 (cycles)
5329969544,EXECUTE,0,CYCLES,BACKEND,SUB-EVENT,_MatMul_7_post_reshape:OpId_166 (cycles)
5329969544,EXECUTE,0,CYCLES,BACKEND,SUB-EVENT,_Sigmoid:OpId_167 (cycles)
5329969544,EXECUTE,248183,CYCLES,BACKEND,SUB-EVENT,_Mul_12:OpId_174 (cycles)
5329969544,EXECUTE,31366,CYCLES,BACKEND,SUB-EVENT,_Mul_13:OpId_176 (cycles)
5329969544,EXECUTE,401455,CYCLES,BACKEND,SUB-EVENT,_MatMul_8:OpId_179 (cycles)
5329969544,EXECUTE,0,CYCLES,BACKEND,SUB-EVENT,_MatMul_8_post_reshape:OpId_182 (cycles)
5329969544,EXECUTE,0,CYCLES,BACKEND,SUB-EVENT,_MatMul_8_output_0_nfc:OpId_184 (cycles)
5329969544,EXECUTE,14575,CYCLES,BACKEND,SUB-EVENT,_Add_9:OpId_186 (cycles)
5329969544,EXECUTE,12946,CYCLES,BACKEND,SUB-EVENT,Output OpId_3 (cycles)
5329969544,EXECUTE,4625,US,BACKEND,ROOT,Accelerator (execute) time
5329969544,EXECUTE,4473,US,BACKEND,ROOT,Accelerator (execute excluding wait) time
5329969544,EXECUTE,11915,US,BACKEND,ROOT,QNN (execute) time
5329983784,EXECUTE,11999,US,NETRUN,ROOT,Graph 0: qwen2_0_5b_layer0_decode_past128_grouped_gqa_delta_kv
5329983784,EXECUTE,4,COUNT,BACKEND,ROOT,Number of HVX threads used
5329983784,EXECUTE,11085,US,BACKEND,ROOT,RPC (execute) time
5329983784,EXECUTE,10073,US,BACKEND,ROOT,QNN accelerator (execute) time
5329983784,EXECUTE,0,COUNT,BACKEND,ROOT,Num times yield occured
5329983784,EXECUTE,618,US,BACKEND,ROOT,Time for initial VTCM acquire
5329983784,EXECUTE,318,US,BACKEND,ROOT,Time for HVX + HMX power on and acquire
5329983784,EXECUTE,2240100,CYCLES,BACKEND,ROOT,Accelerator (execute) time (cycles)
5329983784,EXECUTE,27879,CYCLES,BACKEND,SUB-EVENT,Input OpId_2 (cycles)
5329983784,EXECUTE,8311,CYCLES,BACKEND,SUB-EVENT,hidden_states_ncf:OpId_17 (cycles)
5329983784,EXECUTE,24673,CYCLES,BACKEND,SUB-EVENT,past_value_nchw:OpId_20 (cycles)
5329983784,EXECUTE,12178,CYCLES,BACKEND,SUB-EVENT,rms_norm__Mul_1_output_0:OpId_24 (cycles)
5329983784,EXECUTE,82787,CYCLES,BACKEND,SUB-EVENT,_MatMul:OpId_29 (cycles)
5329983784,EXECUTE,0,CYCLES,BACKEND,SUB-EVENT,_MatMul_post_reshape:OpId_31 (cycles)
5329983784,EXECUTE,14576,CYCLES,BACKEND,SUB-EVENT,_MatMul_1:OpId_34 (cycles)
5329983784,EXECUTE,17720,CYCLES,BACKEND,SUB-EVENT,_MatMul_1_post_reshape:OpId_36 (cycles)
5329983784,EXECUTE,2069,CYCLES,BACKEND,SUB-EVENT,_MatMul_2:OpId_39 (cycles)
5329983784,EXECUTE,16030,CYCLES,BACKEND,SUB-EVENT,_MatMul_2_post_reshape:OpId_41 (cycles)
5329983784,EXECUTE,476,CYCLES,BACKEND,SUB-EVENT,_Transpose:OpId_43 (cycles)
5329983784,EXECUTE,3689,CYCLES,BACKEND,SUB-EVENT,_Transpose_1:OpId_45 (cycles)
5329983784,EXECUTE,3412,CYCLES,BACKEND,SUB-EVENT,_Transpose_2:OpId_47 (cycles)
5329983784,EXECUTE,23757,CYCLES,BACKEND,SUB-EVENT,_Slice:OpId_49 (cycles)
5329983784,EXECUTE,5762,CYCLES,BACKEND,SUB-EVENT,_Slice_1:OpId_55 (cycles)
5329983784,EXECUTE,1551,CYCLES,BACKEND,SUB-EVENT,_Mul_2:OpId_61 (cycles)
5329983784,EXECUTE,1263,CYCLES,BACKEND,SUB-EVENT,_Mul_3:OpId_64 (cycles)
5329983784,EXECUTE,238,CYCLES,BACKEND,SUB-EVENT,_Sub:OpId_66 (cycles)
5329983784,EXECUTE,1916,CYCLES,BACKEND,SUB-EVENT,_Mul_4:OpId_68 (cycles)
5329983784,EXECUTE,1294,CYCLES,BACKEND,SUB-EVENT,_Mul_5:OpId_70 (cycles)
5329983784,EXECUTE,2739,CYCLES,BACKEND,SUB-EVENT,_Add_4:OpId_72 (cycles)
5329983784,EXECUTE,0,CYCLES,BACKEND,SUB-EVENT,_Unsqueeze:OpId_74 (cycles)
5329983784,EXECUTE,0,CYCLES,BACKEND,SUB-EVENT,_Unsqueeze_1:OpId_75 (cycles)
5329983784,EXECUTE,809,CYCLES,BACKEND,SUB-EVENT,_Concat:OpId_76 (cycles)
5329983784,EXECUTE,591,CYCLES,BACKEND,SUB-EVENT,_Reshape_3:OpId_78 (cycles)
5329983784,EXECUTE,26524,CYCLES,BACKEND,SUB-EVENT,_Slice_3:OpId_80 (cycles)
5329983784,EXECUTE,5399,CYCLES,BACKEND,SUB-EVENT,_Slice_4:OpId_86 (cycles)
5329983784,EXECUTE,7507,CYCLES,BACKEND,SUB-EVENT,_Mul_6:OpId_91 (cycles)
5329983784,EXECUTE,3238,CYCLES,BACKEND,SUB-EVENT,_Mul_7:OpId_93 (cycles)
5329983784,EXECUTE,880,CYCLES,BACKEND,SUB-EVENT,_Sub_1:OpId_95 (cycles)
5329983784,EXECUTE,7120,CYCLES,BACKEND,SUB-EVENT,_Mul_8:OpId_97 (cycles)
5329983784,EXECUTE,3209,CYCLES,BACKEND,SUB-EVENT,_Mul_9:OpId_99 (cycles)
5329983784,EXECUTE,1214,CYCLES,BACKEND,SUB-EVENT,_Add_5:OpId_101 (cycles)
5329983784,EXECUTE,0,CYCLES,BACKEND,SUB-EVENT,_Unsqueeze_2:OpId_103 (cycles)
5329983784,EXECUTE,0,CYCLES,BACKEND,SUB-EVENT,_Unsqueeze_3:OpId_104 (cycles)
5329983784,EXECUTE,2926,CYCLES,BACKEND,SUB-EVENT,_Concat_2:OpId_105 (cycles)
5329983784,EXECUTE,0,CYCLES,BACKEND,SUB-EVENT,_Reshape_4:OpId_107 (cycles)
5329983784,EXECUTE,1025,CYCLES,BACKEND,SUB-EVENT,current_key_nhwc:OpId_109 (cycles)
5329983784,EXECUTE,3210,CYCLES,BACKEND,SUB-EVENT,_Concat_4:OpId_110 (cycles)
5329983784,EXECUTE,376142,CYCLES,BACKEND,SUB-EVENT,_Concat_4_output_0_nchw:OpId_113 (cycles)
5329983784,EXECUTE,1609,CYCLES,BACKEND,SUB-EVENT,_Concat_5:OpId_114 (cycles)
5329983784,EXECUTE,0,CYCLES,BACKEND,SUB-EVENT,_Unsqueeze_4:OpId_116 (cycles)
5329983784,EXECUTE,33306,CYCLES,BACKEND,SUB-EVENT,_MatMul_3:OpId_117 (cycles)
5329983784,EXECUTE,6827,CYCLES,BACKEND,SUB-EVENT,_Div_1:OpId_122 (cycles)
5329983784,EXECUTE,0,CYCLES,BACKEND,SUB-EVENT,_Add_6:OpId_125 (cycles)
5329983784,EXECUTE,22260,CYCLES,BACKEND,SUB-EVENT,_Softmax:OpId_127 (cycles)
5329983784,EXECUTE,0,CYCLES,BACKEND,SUB-EVENT,_Unsqueeze_5:OpId_130 (cycles)
5329983784,EXECUTE,34491,CYCLES,BACKEND,SUB-EVENT,_MatMul_4:OpId_131 (cycles)
5329983784,EXECUTE,0,CYCLES,BACKEND,SUB-EVENT,_Reshape_6:OpId_135 (cycles)
5329983784,EXECUTE,0,CYCLES,BACKEND,SUB-EVENT,_Transpose_4:OpId_137 (cycles)
5329983784,EXECUTE,54365,CYCLES,BACKEND,SUB-EVENT,_MatMul_5:OpId_139 (cycles)
5329983784,EXECUTE,0,CYCLES,BACKEND,SUB-EVENT,_MatMul_5_post_reshape:OpId_142 (cycles)
5329983784,EXECUTE,0,CYCLES,BACKEND,SUB-EVENT,_MatMul_5_output_0_nfc:OpId_144 (cycles)
5329983784,EXECUTE,118598,CYCLES,BACKEND,SUB-EVENT,_Add_7:OpId_146 (cycles)
5329983784,EXECUTE,308,CYCLES,BACKEND,SUB-EVENT,_Add_7_output_0_ncf:OpId_149 (cycles)
5329983784,EXECUTE,2459,CYCLES,BACKEND,SUB-EVENT,rms_norm__Mul_11_output_0:OpId_154 (cycles)
5329983784,EXECUTE,0,CYCLES,BACKEND,SUB-EVENT,_MatMul_6:OpId_158 (cycles)
5329983784,EXECUTE,0,CYCLES,BACKEND,SUB-EVENT,_MatMul_6_post_reshape:OpId_161 (cycles)
5329983784,EXECUTE,439893,CYCLES,BACKEND,SUB-EVENT,_MatMul_7:OpId_163 (cycles)
5329983784,EXECUTE,0,CYCLES,BACKEND,SUB-EVENT,_MatMul_7_post_reshape:OpId_166 (cycles)
5329983784,EXECUTE,0,CYCLES,BACKEND,SUB-EVENT,_Sigmoid:OpId_167 (cycles)
5329983784,EXECUTE,346802,CYCLES,BACKEND,SUB-EVENT,_Mul_12:OpId_174 (cycles)
5329983784,EXECUTE,57766,CYCLES,BACKEND,SUB-EVENT,_Mul_13:OpId_176 (cycles)
5329983784,EXECUTE,409130,CYCLES,BACKEND,SUB-EVENT,_MatMul_8:OpId_179 (cycles)
5329983784,EXECUTE,0,CYCLES,BACKEND,SUB-EVENT,_MatMul_8_post_reshape:OpId_182 (cycles)
5329983784,EXECUTE,0,CYCLES,BACKEND,SUB-EVENT,_MatMul_8_output_0_nfc:OpId_184 (cycles)
5329983784,EXECUTE,14693,CYCLES,BACKEND,SUB-EVENT,_Add_9:OpId_186 (cycles)
5329983784,EXECUTE,5479,CYCLES,BACKEND,SUB-EVENT,Output OpId_3 (cycles)
5329983784,EXECUTE,5016,US,BACKEND,ROOT,Accelerator (execute) time
5329983784,EXECUTE,4875,US,BACKEND,ROOT,Accelerator (execute excluding wait) time
5329983784,EXECUTE,11968,US,BACKEND,ROOT,QNN (execute) time
5329995639,EXECUTE,9404,US,NETRUN,ROOT,Graph 0: qwen2_0_5b_layer0_decode_past128_grouped_gqa_delta_kv
5329995639,EXECUTE,4,COUNT,BACKEND,ROOT,Number of HVX threads used
5329995639,EXECUTE,8280,US,BACKEND,ROOT,RPC (execute) time
5329995639,EXECUTE,7383,US,BACKEND,ROOT,QNN accelerator (execute) time
5329995639,EXECUTE,0,COUNT,BACKEND,ROOT,Num times yield occured
5329995639,EXECUTE,494,US,BACKEND,ROOT,Time for initial VTCM acquire
5329995639,EXECUTE,200,US,BACKEND,ROOT,Time for HVX + HMX power on and acquire
5329995639,EXECUTE,1717876,CYCLES,BACKEND,ROOT,Accelerator (execute) time (cycles)
5329995639,EXECUTE,48650,CYCLES,BACKEND,SUB-EVENT,Input OpId_2 (cycles)
5329995639,EXECUTE,18673,CYCLES,BACKEND,SUB-EVENT,hidden_states_ncf:OpId_17 (cycles)
5329995639,EXECUTE,17404,CYCLES,BACKEND,SUB-EVENT,past_value_nchw:OpId_20 (cycles)
5329995639,EXECUTE,10564,CYCLES,BACKEND,SUB-EVENT,rms_norm__Mul_1_output_0:OpId_24 (cycles)
5329995639,EXECUTE,42024,CYCLES,BACKEND,SUB-EVENT,_MatMul:OpId_29 (cycles)
5329995639,EXECUTE,0,CYCLES,BACKEND,SUB-EVENT,_MatMul_post_reshape:OpId_31 (cycles)
5329995639,EXECUTE,6397,CYCLES,BACKEND,SUB-EVENT,_MatMul_1:OpId_34 (cycles)
5329995639,EXECUTE,15935,CYCLES,BACKEND,SUB-EVENT,_MatMul_1_post_reshape:OpId_36 (cycles)
5329995639,EXECUTE,4829,CYCLES,BACKEND,SUB-EVENT,_MatMul_2:OpId_39 (cycles)
5329995639,EXECUTE,14279,CYCLES,BACKEND,SUB-EVENT,_MatMul_2_post_reshape:OpId_41 (cycles)
5329995639,EXECUTE,470,CYCLES,BACKEND,SUB-EVENT,_Transpose:OpId_43 (cycles)
5329995639,EXECUTE,3444,CYCLES,BACKEND,SUB-EVENT,_Transpose_1:OpId_45 (cycles)
5329995639,EXECUTE,3255,CYCLES,BACKEND,SUB-EVENT,_Transpose_2:OpId_47 (cycles)
5329995639,EXECUTE,36127,CYCLES,BACKEND,SUB-EVENT,_Slice:OpId_49 (cycles)
5329995639,EXECUTE,11181,CYCLES,BACKEND,SUB-EVENT,_Slice_1:OpId_55 (cycles)
5329995639,EXECUTE,2310,CYCLES,BACKEND,SUB-EVENT,_Mul_2:OpId_61 (cycles)
5329995639,EXECUTE,1297,CYCLES,BACKEND,SUB-EVENT,_Mul_3:OpId_64 (cycles)
5329995639,EXECUTE,269,CYCLES,BACKEND,SUB-EVENT,_Sub:OpId_66 (cycles)
5329995639,EXECUTE,3339,CYCLES,BACKEND,SUB-EVENT,_Mul_4:OpId_68 (cycles)
5329995639,EXECUTE,1175,CYCLES,BACKEND,SUB-EVENT,_Mul_5:OpId_70 (cycles)
5329995639,EXECUTE,8157,CYCLES,BACKEND,SUB-EVENT,_Add_4:OpId_72 (cycles)
5329995639,EXECUTE,0,CYCLES,BACKEND,SUB-EVENT,_Unsqueeze:OpId_74 (cycles)
5329995639,EXECUTE,0,CYCLES,BACKEND,SUB-EVENT,_Unsqueeze_1:OpId_75 (cycles)
5329995639,EXECUTE,845,CYCLES,BACKEND,SUB-EVENT,_Concat:OpId_76 (cycles)
5329995639,EXECUTE,563,CYCLES,BACKEND,SUB-EVENT,_Reshape_3:OpId_78 (cycles)
5329995639,EXECUTE,52765,CYCLES,BACKEND,SUB-EVENT,_Slice_3:OpId_80 (cycles)
5329995639,EXECUTE,7989,CYCLES,BACKEND,SUB-EVENT,_Slice_4:OpId_86 (cycles)
5329995639,EXECUTE,33526,CYCLES,BACKEND,SUB-EVENT,_Mul_6:OpId_91 (cycles)
5329995639,EXECUTE,28458,CYCLES,BACKEND,SUB-EVENT,_Mul_7:OpId_93 (cycles)
5329995639,EXECUTE,6878,CYCLES,BACKEND,SUB-EVENT,_Sub_1:OpId_95 (cycles)
5329995639,EXECUTE,30665,CYCLES,BACKEND,SUB-EVENT,_Mul_8:OpId_97 (cycles)
5329995639,EXECUTE,28408,CYCLES,BACKEND,SUB-EVENT,_Mul_9:OpId_99 (cycles)
5329995639,EXECUTE,5884,CYCLES,BACKEND,SUB-EVENT,_Add_5:OpId_101 (cycles)
5329995639,EXECUTE,0,CYCLES,BACKEND,SUB-EVENT,_Unsqueeze_2:OpId_103 (cycles)
5329995639,EXECUTE,0,CYCLES,BACKEND,SUB-EVENT,_Unsqueeze_3:OpId_104 (cycles)
5329995639,EXECUTE,9132,CYCLES,BACKEND,SUB-EVENT,_Concat_2:OpId_105 (cycles)
5329995639,EXECUTE,0,CYCLES,BACKEND,SUB-EVENT,_Reshape_4:OpId_107 (cycles)
5329995639,EXECUTE,3780,CYCLES,BACKEND,SUB-EVENT,current_key_nhwc:OpId_109 (cycles)
5329995639,EXECUTE,5134,CYCLES,BACKEND,SUB-EVENT,_Concat_4:OpId_110 (cycles)
5329995639,EXECUTE,371954,CYCLES,BACKEND,SUB-EVENT,_Concat_4_output_0_nchw:OpId_113 (cycles)
5329995639,EXECUTE,2822,CYCLES,BACKEND,SUB-EVENT,_Concat_5:OpId_114 (cycles)
5329995639,EXECUTE,0,CYCLES,BACKEND,SUB-EVENT,_Unsqueeze_4:OpId_116 (cycles)
5329995639,EXECUTE,32141,CYCLES,BACKEND,SUB-EVENT,_MatMul_3:OpId_117 (cycles)
5329995639,EXECUTE,15385,CYCLES,BACKEND,SUB-EVENT,_Div_1:OpId_122 (cycles)
5329995639,EXECUTE,0,CYCLES,BACKEND,SUB-EVENT,_Add_6:OpId_125 (cycles)
5329995639,EXECUTE,18276,CYCLES,BACKEND,SUB-EVENT,_Softmax:OpId_127 (cycles)
5329995639,EXECUTE,0,CYCLES,BACKEND,SUB-EVENT,_Unsqueeze_5:OpId_130 (cycles)
5329995639,EXECUTE,58606,CYCLES,BACKEND,SUB-EVENT,_MatMul_4:OpId_131 (cycles)
5329995639,EXECUTE,0,CYCLES,BACKEND,SUB-EVENT,_Reshape_6:OpId_135 (cycles)
5329995639,EXECUTE,0,CYCLES,BACKEND,SUB-EVENT,_Transpose_4:OpId_137 (cycles)
5329995639,EXECUTE,17837,CYCLES,BACKEND,SUB-EVENT,_MatMul_5:OpId_139 (cycles)
5329995639,EXECUTE,0,CYCLES,BACKEND,SUB-EVENT,_MatMul_5_post_reshape:OpId_142 (cycles)
5329995639,EXECUTE,0,CYCLES,BACKEND,SUB-EVENT,_MatMul_5_output_0_nfc:OpId_144 (cycles)
5329995639,EXECUTE,117690,CYCLES,BACKEND,SUB-EVENT,_Add_7:OpId_146 (cycles)
5329995639,EXECUTE,304,CYCLES,BACKEND,SUB-EVENT,_Add_7_output_0_ncf:OpId_149 (cycles)
5329995639,EXECUTE,2257,CYCLES,BACKEND,SUB-EVENT,rms_norm__Mul_11_output_0:OpId_154 (cycles)
5329995639,EXECUTE,0,CYCLES,BACKEND,SUB-EVENT,_MatMul_6:OpId_158 (cycles)
5329995639,EXECUTE,0,CYCLES,BACKEND,SUB-EVENT,_MatMul_6_post_reshape:OpId_161 (cycles)
5329995639,EXECUTE,127801,CYCLES,BACKEND,SUB-EVENT,_MatMul_7:OpId_163 (cycles)
5329995639,EXECUTE,0,CYCLES,BACKEND,SUB-EVENT,_MatMul_7_post_reshape:OpId_166 (cycles)
5329995639,EXECUTE,0,CYCLES,BACKEND,SUB-EVENT,_Sigmoid:OpId_167 (cycles)
5329995639,EXECUTE,107179,CYCLES,BACKEND,SUB-EVENT,_Mul_12:OpId_174 (cycles)
5329995639,EXECUTE,17104,CYCLES,BACKEND,SUB-EVENT,_Mul_13:OpId_176 (cycles)
5329995639,EXECUTE,344407,CYCLES,BACKEND,SUB-EVENT,_MatMul_8:OpId_179 (cycles)
5329995639,EXECUTE,0,CYCLES,BACKEND,SUB-EVENT,_MatMul_8_post_reshape:OpId_182 (cycles)
5329995639,EXECUTE,0,CYCLES,BACKEND,SUB-EVENT,_MatMul_8_output_0_nfc:OpId_184 (cycles)
5329995639,EXECUTE,14444,CYCLES,BACKEND,SUB-EVENT,_Add_9:OpId_186 (cycles)
5329995639,EXECUTE,5863,CYCLES,BACKEND,SUB-EVENT,Output OpId_3 (cycles)
5329995639,EXECUTE,3399,US,BACKEND,ROOT,Accelerator (execute) time
5329995639,EXECUTE,3292,US,BACKEND,ROOT,Accelerator (execute excluding wait) time
5329995639,EXECUTE,9371,US,BACKEND,ROOT,QNN (execute) time
5330009101,EXECUTE,10443,US,NETRUN,ROOT,Graph 0: qwen2_0_5b_layer0_decode_past128_grouped_gqa_delta_kv
5330009101,EXECUTE,4,COUNT,BACKEND,ROOT,Number of HVX threads used
5330009101,EXECUTE,9464,US,BACKEND,ROOT,RPC (execute) time
5330009101,EXECUTE,8449,US,BACKEND,ROOT,QNN accelerator (execute) time
5330009101,EXECUTE,0,COUNT,BACKEND,ROOT,Num times yield occured
5330009101,EXECUTE,537,US,BACKEND,ROOT,Time for initial VTCM acquire
5330009101,EXECUTE,232,US,BACKEND,ROOT,Time for HVX + HMX power on and acquire
5330009101,EXECUTE,1931907,CYCLES,BACKEND,ROOT,Accelerator (execute) time (cycles)
5330009101,EXECUTE,58361,CYCLES,BACKEND,SUB-EVENT,Input OpId_2 (cycles)
5330009101,EXECUTE,19508,CYCLES,BACKEND,SUB-EVENT,hidden_states_ncf:OpId_17 (cycles)
5330009101,EXECUTE,23885,CYCLES,BACKEND,SUB-EVENT,past_value_nchw:OpId_20 (cycles)
5330009101,EXECUTE,9112,CYCLES,BACKEND,SUB-EVENT,rms_norm__Mul_1_output_0:OpId_24 (cycles)
5330009101,EXECUTE,47935,CYCLES,BACKEND,SUB-EVENT,_MatMul:OpId_29 (cycles)
5330009101,EXECUTE,0,CYCLES,BACKEND,SUB-EVENT,_MatMul_post_reshape:OpId_31 (cycles)
5330009101,EXECUTE,5903,CYCLES,BACKEND,SUB-EVENT,_MatMul_1:OpId_34 (cycles)
5330009101,EXECUTE,12583,CYCLES,BACKEND,SUB-EVENT,_MatMul_1_post_reshape:OpId_36 (cycles)
5330009101,EXECUTE,3792,CYCLES,BACKEND,SUB-EVENT,_MatMul_2:OpId_39 (cycles)
5330009101,EXECUTE,10911,CYCLES,BACKEND,SUB-EVENT,_MatMul_2_post_reshape:OpId_41 (cycles)
5330009101,EXECUTE,480,CYCLES,BACKEND,SUB-EVENT,_Transpose:OpId_43 (cycles)
5330009101,EXECUTE,3047,CYCLES,BACKEND,SUB-EVENT,_Transpose_1:OpId_45 (cycles)
5330009101,EXECUTE,2832,CYCLES,BACKEND,SUB-EVENT,_Transpose_2:OpId_47 (cycles)
5330009101,EXECUTE,40285,CYCLES,BACKEND,SUB-EVENT,_Slice:OpId_49 (cycles)
5330009101,EXECUTE,7370,CYCLES,BACKEND,SUB-EVENT,_Slice_1:OpId_55 (cycles)
5330009101,EXECUTE,2217,CYCLES,BACKEND,SUB-EVENT,_Mul_2:OpId_61 (cycles)
5330009101,EXECUTE,1267,CYCLES,BACKEND,SUB-EVENT,_Mul_3:OpId_64 (cycles)
5330009101,EXECUTE,260,CYCLES,BACKEND,SUB-EVENT,_Sub:OpId_66 (cycles)
5330009101,EXECUTE,2354,CYCLES,BACKEND,SUB-EVENT,_Mul_4:OpId_68 (cycles)
5330009101,EXECUTE,1309,CYCLES,BACKEND,SUB-EVENT,_Mul_5:OpId_70 (cycles)
5330009101,EXECUTE,5589,CYCLES,BACKEND,SUB-EVENT,_Add_4:OpId_72 (cycles)
5330009101,EXECUTE,0,CYCLES,BACKEND,SUB-EVENT,_Unsqueeze:OpId_74 (cycles)
5330009101,EXECUTE,0,CYCLES,BACKEND,SUB-EVENT,_Unsqueeze_1:OpId_75 (cycles)
5330009101,EXECUTE,715,CYCLES,BACKEND,SUB-EVENT,_Concat:OpId_76 (cycles)
5330009101,EXECUTE,552,CYCLES,BACKEND,SUB-EVENT,_Reshape_3:OpId_78 (cycles)
5330009101,EXECUTE,84498,CYCLES,BACKEND,SUB-EVENT,_Slice_3:OpId_80 (cycles)
5330009101,EXECUTE,11180,CYCLES,BACKEND,SUB-EVENT,_Slice_4:OpId_86 (cycles)
5330009101,EXECUTE,26827,CYCLES,BACKEND,SUB-EVENT,_Mul_6:OpId_91 (cycles)
5330009101,EXECUTE,19740,CYCLES,BACKEND,SUB-EVENT,_Mul_7:OpId_93 (cycles)
5330009101,EXECUTE,4129,CYCLES,BACKEND,SUB-EVENT,_Sub_1:OpId_95 (cycles)
5330009101,EXECUTE,22772,CYCLES,BACKEND,SUB-EVENT,_Mul_8:OpId_97 (cycles)
5330009101,EXECUTE,18382,CYCLES,BACKEND,SUB-EVENT,_Mul_9:OpId_99 (cycles)
5330009101,EXECUTE,4675,CYCLES,BACKEND,SUB-EVENT,_Add_5:OpId_101 (cycles)
5330009101,EXECUTE,0,CYCLES,BACKEND,SUB-EVENT,_Unsqueeze_2:OpId_103 (cycles)
5330009101,EXECUTE,0,CYCLES,BACKEND,SUB-EVENT,_Unsqueeze_3:OpId_104 (cycles)
5330009101,EXECUTE,6210,CYCLES,BACKEND,SUB-EVENT,_Concat_2:OpId_105 (cycles)
5330009101,EXECUTE,0,CYCLES,BACKEND,SUB-EVENT,_Reshape_4:OpId_107 (cycles)
5330009101,EXECUTE,2372,CYCLES,BACKEND,SUB-EVENT,current_key_nhwc:OpId_109 (cycles)
5330009101,EXECUTE,4099,CYCLES,BACKEND,SUB-EVENT,_Concat_4:OpId_110 (cycles)
5330009101,EXECUTE,359325,CYCLES,BACKEND,SUB-EVENT,_Concat_4_output_0_nchw:OpId_113 (cycles)
5330009101,EXECUTE,2512,CYCLES,BACKEND,SUB-EVENT,_Concat_5:OpId_114 (cycles)
5330009101,EXECUTE,0,CYCLES,BACKEND,SUB-EVENT,_Unsqueeze_4:OpId_116 (cycles)
5330009101,EXECUTE,32566,CYCLES,BACKEND,SUB-EVENT,_MatMul_3:OpId_117 (cycles)
5330009101,EXECUTE,14611,CYCLES,BACKEND,SUB-EVENT,_Div_1:OpId_122 (cycles)
5330009101,EXECUTE,0,CYCLES,BACKEND,SUB-EVENT,_Add_6:OpId_125 (cycles)
5330009101,EXECUTE,18163,CYCLES,BACKEND,SUB-EVENT,_Softmax:OpId_127 (cycles)
5330009101,EXECUTE,0,CYCLES,BACKEND,SUB-EVENT,_Unsqueeze_5:OpId_130 (cycles)
5330009101,EXECUTE,61431,CYCLES,BACKEND,SUB-EVENT,_MatMul_4:OpId_131 (cycles)
5330009101,EXECUTE,0,CYCLES,BACKEND,SUB-EVENT,_Reshape_6:OpId_135 (cycles)
5330009101,EXECUTE,0,CYCLES,BACKEND,SUB-EVENT,_Transpose_4:OpId_137 (cycles)
5330009101,EXECUTE,21422,CYCLES,BACKEND,SUB-EVENT,_MatMul_5:OpId_139 (cycles)
5330009101,EXECUTE,0,CYCLES,BACKEND,SUB-EVENT,_MatMul_5_post_reshape:OpId_142 (cycles)
5330009101,EXECUTE,0,CYCLES,BACKEND,SUB-EVENT,_MatMul_5_output_0_nfc:OpId_144 (cycles)
5330009101,EXECUTE,103366,CYCLES,BACKEND,SUB-EVENT,_Add_7:OpId_146 (cycles)
5330009101,EXECUTE,309,CYCLES,BACKEND,SUB-EVENT,_Add_7_output_0_ncf:OpId_149 (cycles)
5330009101,EXECUTE,3171,CYCLES,BACKEND,SUB-EVENT,rms_norm__Mul_11_output_0:OpId_154 (cycles)
5330009101,EXECUTE,0,CYCLES,BACKEND,SUB-EVENT,_MatMul_6:OpId_158 (cycles)
5330009101,EXECUTE,0,CYCLES,BACKEND,SUB-EVENT,_MatMul_6_post_reshape:OpId_161 (cycles)
5330009101,EXECUTE,262153,CYCLES,BACKEND,SUB-EVENT,_MatMul_7:OpId_163 (cycles)
5330009101,EXECUTE,0,CYCLES,BACKEND,SUB-EVENT,_MatMul_7_post_reshape:OpId_166 (cycles)
5330009101,EXECUTE,0,CYCLES,BACKEND,SUB-EVENT,_Sigmoid:OpId_167 (cycles)
5330009101,EXECUTE,195182,CYCLES,BACKEND,SUB-EVENT,_Mul_12:OpId_174 (cycles)
5330009101,EXECUTE,20616,CYCLES,BACKEND,SUB-EVENT,_Mul_13:OpId_176 (cycles)
5330009101,EXECUTE,351430,CYCLES,BACKEND,SUB-EVENT,_MatMul_8:OpId_179 (cycles)
5330009101,EXECUTE,0,CYCLES,BACKEND,SUB-EVENT,_MatMul_8_post_reshape:OpId_182 (cycles)
5330009101,EXECUTE,0,CYCLES,BACKEND,SUB-EVENT,_MatMul_8_output_0_nfc:OpId_184 (cycles)
5330009101,EXECUTE,14843,CYCLES,BACKEND,SUB-EVENT,_Add_9:OpId_186 (cycles)
5330009101,EXECUTE,5656,CYCLES,BACKEND,SUB-EVENT,Output OpId_3 (cycles)
5330009101,EXECUTE,3963,US,BACKEND,ROOT,Accelerator (execute) time
5330009101,EXECUTE,3857,US,BACKEND,ROOT,Accelerator (execute excluding wait) time
5330009101,EXECUTE,10407,US,BACKEND,ROOT,QNN (execute) time
5330023098,EXECUTE,11728,US,NETRUN,ROOT,Graph 0: qwen2_0_5b_layer0_decode_past128_grouped_gqa_delta_kv
5330023098,EXECUTE,4,COUNT,BACKEND,ROOT,Number of HVX threads used
5330023098,EXECUTE,10802,US,BACKEND,ROOT,RPC (execute) time
5330023098,EXECUTE,9791,US,BACKEND,ROOT,QNN accelerator (execute) time
5330023098,EXECUTE,0,COUNT,BACKEND,ROOT,Num times yield occured
5330023098,EXECUTE,610,US,BACKEND,ROOT,Time for initial VTCM acquire
5330023098,EXECUTE,301,US,BACKEND,ROOT,Time for HVX + HMX power on and acquire
5330023098,EXECUTE,2491930,CYCLES,BACKEND,ROOT,Accelerator (execute) time (cycles)
5330023098,EXECUTE,106559,CYCLES,BACKEND,SUB-EVENT,Input OpId_2 (cycles)
5330023098,EXECUTE,33744,CYCLES,BACKEND,SUB-EVENT,hidden_states_ncf:OpId_17 (cycles)
5330023098,EXECUTE,48010,CYCLES,BACKEND,SUB-EVENT,past_value_nchw:OpId_20 (cycles)
5330023098,EXECUTE,10321,CYCLES,BACKEND,SUB-EVENT,rms_norm__Mul_1_output_0:OpId_24 (cycles)
5330023098,EXECUTE,99658,CYCLES,BACKEND,SUB-EVENT,_MatMul:OpId_29 (cycles)
5330023098,EXECUTE,0,CYCLES,BACKEND,SUB-EVENT,_MatMul_post_reshape:OpId_31 (cycles)
5330023098,EXECUTE,13080,CYCLES,BACKEND,SUB-EVENT,_MatMul_1:OpId_34 (cycles)
5330023098,EXECUTE,36631,CYCLES,BACKEND,SUB-EVENT,_MatMul_1_post_reshape:OpId_36 (cycles)
5330023098,EXECUTE,7290,CYCLES,BACKEND,SUB-EVENT,_MatMul_2:OpId_39 (cycles)
5330023098,EXECUTE,34947,CYCLES,BACKEND,SUB-EVENT,_MatMul_2_post_reshape:OpId_41 (cycles)
5330023098,EXECUTE,533,CYCLES,BACKEND,SUB-EVENT,_Transpose:OpId_43 (cycles)
5330023098,EXECUTE,4779,CYCLES,BACKEND,SUB-EVENT,_Transpose_1:OpId_45 (cycles)
5330023098,EXECUTE,4452,CYCLES,BACKEND,SUB-EVENT,_Transpose_2:OpId_47 (cycles)
5330023098,EXECUTE,45451,CYCLES,BACKEND,SUB-EVENT,_Slice:OpId_49 (cycles)
5330023098,EXECUTE,24711,CYCLES,BACKEND,SUB-EVENT,_Slice_1:OpId_55 (cycles)
5330023098,EXECUTE,2572,CYCLES,BACKEND,SUB-EVENT,_Mul_2:OpId_61 (cycles)
5330023098,EXECUTE,1151,CYCLES,BACKEND,SUB-EVENT,_Mul_3:OpId_64 (cycles)
5330023098,EXECUTE,272,CYCLES,BACKEND,SUB-EVENT,_Sub:OpId_66 (cycles)
5330023098,EXECUTE,2869,CYCLES,BACKEND,SUB-EVENT,_Mul_4:OpId_68 (cycles)
5330023098,EXECUTE,1359,CYCLES,BACKEND,SUB-EVENT,_Mul_5:OpId_70 (cycles)
5330023098,EXECUTE,11013,CYCLES,BACKEND,SUB-EVENT,_Add_4:OpId_72 (cycles)
5330023098,EXECUTE,0,CYCLES,BACKEND,SUB-EVENT,_Unsqueeze:OpId_74 (cycles)
5330023098,EXECUTE,0,CYCLES,BACKEND,SUB-EVENT,_Unsqueeze_1:OpId_75 (cycles)
5330023098,EXECUTE,772,CYCLES,BACKEND,SUB-EVENT,_Concat:OpId_76 (cycles)
5330023098,EXECUTE,616,CYCLES,BACKEND,SUB-EVENT,_Reshape_3:OpId_78 (cycles)
5330023098,EXECUTE,123436,CYCLES,BACKEND,SUB-EVENT,_Slice_3:OpId_80 (cycles)
5330023098,EXECUTE,14220,CYCLES,BACKEND,SUB-EVENT,_Slice_4:OpId_86 (cycles)
5330023098,EXECUTE,35931,CYCLES,BACKEND,SUB-EVENT,_Mul_6:OpId_91 (cycles)
5330023098,EXECUTE,23455,CYCLES,BACKEND,SUB-EVENT,_Mul_7:OpId_93 (cycles)
5330023098,EXECUTE,4947,CYCLES,BACKEND,SUB-EVENT,_Sub_1:OpId_95 (cycles)
5330023098,EXECUTE,29055,CYCLES,BACKEND,SUB-EVENT,_Mul_8:OpId_97 (cycles)
5330023098,EXECUTE,22893,CYCLES,BACKEND,SUB-EVENT,_Mul_9:OpId_99 (cycles)
5330023098,EXECUTE,6956,CYCLES,BACKEND,SUB-EVENT,_Add_5:OpId_101 (cycles)
5330023098,EXECUTE,0,CYCLES,BACKEND,SUB-EVENT,_Unsqueeze_2:OpId_103 (cycles)
5330023098,EXECUTE,0,CYCLES,BACKEND,SUB-EVENT,_Unsqueeze_3:OpId_104 (cycles)
5330023098,EXECUTE,23262,CYCLES,BACKEND,SUB-EVENT,_Concat_2:OpId_105 (cycles)
5330023098,EXECUTE,0,CYCLES,BACKEND,SUB-EVENT,_Reshape_4:OpId_107 (cycles)
5330023098,EXECUTE,5915,CYCLES,BACKEND,SUB-EVENT,current_key_nhwc:OpId_109 (cycles)
5330023098,EXECUTE,3279,CYCLES,BACKEND,SUB-EVENT,_Concat_4:OpId_110 (cycles)
5330023098,EXECUTE,368532,CYCLES,BACKEND,SUB-EVENT,_Concat_4_output_0_nchw:OpId_113 (cycles)
5330023098,EXECUTE,1711,CYCLES,BACKEND,SUB-EVENT,_Concat_5:OpId_114 (cycles)
5330023098,EXECUTE,0,CYCLES,BACKEND,SUB-EVENT,_Unsqueeze_4:OpId_116 (cycles)
5330023098,EXECUTE,38907,CYCLES,BACKEND,SUB-EVENT,_MatMul_3:OpId_117 (cycles)
5330023098,EXECUTE,18874,CYCLES,BACKEND,SUB-EVENT,_Div_1:OpId_122 (cycles)
5330023098,EXECUTE,0,CYCLES,BACKEND,SUB-EVENT,_Add_6:OpId_125 (cycles)
5330023098,EXECUTE,22519,CYCLES,BACKEND,SUB-EVENT,_Softmax:OpId_127 (cycles)
5330023098,EXECUTE,0,CYCLES,BACKEND,SUB-EVENT,_Unsqueeze_5:OpId_130 (cycles)
5330023098,EXECUTE,79295,CYCLES,BACKEND,SUB-EVENT,_MatMul_4:OpId_131 (cycles)
5330023098,EXECUTE,0,CYCLES,BACKEND,SUB-EVENT,_Reshape_6:OpId_135 (cycles)
5330023098,EXECUTE,0,CYCLES,BACKEND,SUB-EVENT,_Transpose_4:OpId_137 (cycles)
5330023098,EXECUTE,18136,CYCLES,BACKEND,SUB-EVENT,_MatMul_5:OpId_139 (cycles)
5330023098,EXECUTE,0,CYCLES,BACKEND,SUB-EVENT,_MatMul_5_post_reshape:OpId_142 (cycles)
5330023098,EXECUTE,0,CYCLES,BACKEND,SUB-EVENT,_MatMul_5_output_0_nfc:OpId_144 (cycles)
5330023098,EXECUTE,157526,CYCLES,BACKEND,SUB-EVENT,_Add_7:OpId_146 (cycles)
5330023098,EXECUTE,304,CYCLES,BACKEND,SUB-EVENT,_Add_7_output_0_ncf:OpId_149 (cycles)
5330023098,EXECUTE,8349,CYCLES,BACKEND,SUB-EVENT,rms_norm__Mul_11_output_0:OpId_154 (cycles)
5330023098,EXECUTE,0,CYCLES,BACKEND,SUB-EVENT,_MatMul_6:OpId_158 (cycles)
5330023098,EXECUTE,0,CYCLES,BACKEND,SUB-EVENT,_MatMul_6_post_reshape:OpId_161 (cycles)
5330023098,EXECUTE,290307,CYCLES,BACKEND,SUB-EVENT,_MatMul_7:OpId_163 (cycles)
5330023098,EXECUTE,0,CYCLES,BACKEND,SUB-EVENT,_MatMul_7_post_reshape:OpId_166 (cycles)
5330023098,EXECUTE,0,CYCLES,BACKEND,SUB-EVENT,_Sigmoid:OpId_167 (cycles)
5330023098,EXECUTE,246311,CYCLES,BACKEND,SUB-EVENT,_Mul_12:OpId_174 (cycles)
5330023098,EXECUTE,31735,CYCLES,BACKEND,SUB-EVENT,_Mul_13:OpId_176 (cycles)
5330023098,EXECUTE,401815,CYCLES,BACKEND,SUB-EVENT,_MatMul_8:OpId_179 (cycles)
5330023098,EXECUTE,0,CYCLES,BACKEND,SUB-EVENT,_MatMul_8_post_reshape:OpId_182 (cycles)
5330023098,EXECUTE,0,CYCLES,BACKEND,SUB-EVENT,_MatMul_8_output_0_nfc:OpId_184 (cycles)
5330023098,EXECUTE,14873,CYCLES,BACKEND,SUB-EVENT,_Add_9:OpId_186 (cycles)
5330023098,EXECUTE,8597,CYCLES,BACKEND,SUB-EVENT,Output OpId_3 (cycles)
5330023098,EXECUTE,4774,US,BACKEND,ROOT,Accelerator (execute) time
5330023098,EXECUTE,4641,US,BACKEND,ROOT,Accelerator (execute excluding wait) time
5330023098,EXECUTE,11694,US,BACKEND,ROOT,QNN (execute) time
5330023751,EXECUTE IPS,78.274620,INF/SEC,NETRUN,ROOT,null
